{"type":"FeatureCollection","features":[{"type":"Feature","properties":{"name":"Andaman and Nicobar"},"geometry":{"type":"MultiPolygon","coordinates":[[[[93.787727,6.85264],[93.787727,6.85264]],[[93.719582,7.207501],[93.708046,7.230001],[93.719582,7.207501]],[[93.848053,7.24028],[93.849998,7.214719],[93.874718,7.20937],[93.883316,7.18507],[93.885048,7.159546],[93.884445,7.134434],[93.888611,7.109722],[93.888611,7.08472],[93.906387,7.066667],[93.912781,7.041389],[93.93132,7.023956],[93.946953,7.00417],[93.922058,7.009857],[93.928337,6.985557],[93.938057,6.962223],[93.918167,6.947055],[93.910278,6.923329],[93.897301,6.901671],[93.901947,6.876666],[93.89389,6.852781],[93.910141,6.833552],[93.899429,6.810492],[93.881111,6.793195],[93.868279,6.815039],[93.84639,6.801111],[93.84462,6.775728],[93.829979,6.755227],[93.806114,6.763056],[93.808624,6.788256],[93.815834,6.813612],[93.79332,6.825559],[93.794167,6.850554],[93.773613,6.865],[93.780556,6.889167],[93.762779,6.907779],[93.742775,6.923056],[93.750275,6.947222],[93.734436,6.966669],[93.72419,6.990067],[93.703888,7.004722],[93.681946,7.017781],[93.669441,7.039445],[93.668587,7.065181],[93.660004,7.09],[93.674446,7.110834],[93.667084,7.136593],[93.674446,7.160556],[93.683617,7.183887],[93.707779,7.19167],[93.732498,7.187221],[93.751961,7.203],[93.777496,7.208889],[93.802513,7.201391],[93.808472,7.225969],[93.83139,7.236111],[93.848053,7.24028]],[[93.848747,7.289869],[93.848747,7.289869]],[[93.663696,7.384032],[93.663696,7.384032]],[[93.768608,7.402219],[93.768608,7.402219]],[[93.689445,7.409722],[93.689445,7.409722]],[[93.713058,7.443611],[93.721947,7.420001],[93.727501,7.394723],[93.749725,7.380556],[93.748055,7.355556],[93.736389,7.333056],[93.724998,7.310555],[93.703331,7.297778],[93.681488,7.285379],[93.67028,7.262777],[93.652924,7.244444],[93.634453,7.261389],[93.634445,7.286389],[93.621391,7.308054],[93.636391,7.328056],[93.631813,7.352981],[93.651108,7.369723],[93.675827,7.37417],[93.695831,7.391945],[93.707497,7.41444],[93.705559,7.43972],[93.713058,7.443611]],[[93.647781,7.476669],[93.647781,7.476669]],[[93.634453,7.477782],[93.634453,7.477782]],[[93.543602,7.525001],[93.543602,7.525001]],[[93.34156,7.90646],[93.34156,7.90646]],[[93.33963,7.91115],[93.33963,7.91115]],[[93.379997,8.024722],[93.402779,8.012221],[93.40361,7.987223],[93.411667,7.963333],[93.435837,7.956667],[93.455276,7.940834],[93.46611,7.917778],[93.474442,7.894166],[93.46167,7.872222],[93.445557,7.89361],[93.423889,7.906669],[93.398613,7.902501],[93.381111,7.883611],[93.356392,7.88889],[93.34639,7.911943],[93.353889,7.937499],[93.330559,7.928061],[93.314445,7.9475],[93.319725,7.971944],[93.324173,7.997219],[93.345558,8.013889],[93.370003,8.019999],[93.379997,8.024722]],[[93.547287,8.028052],[93.568336,8.013889],[93.582771,7.99167],[93.580002,7.966668],[93.580559,7.941665],[93.555557,7.94528],[93.536392,7.962777],[93.516388,7.978056],[93.526665,8.001944],[93.551178,7.996996],[93.546486,8.022051],[93.547287,8.028052]],[[93.578613,8.125279],[93.590218,8.10208],[93.592781,8.076944],[93.599998,8.052778],[93.575546,8.05861],[93.577507,8.083747],[93.574028,8.108681],[93.578613,8.125279]],[[93.526489,8.231271],[93.545563,8.213908],[93.537781,8.18972],[93.519005,8.172913],[93.507103,8.150671],[93.519318,8.12834],[93.531387,8.10639],[93.548332,8.086944],[93.550827,8.06194],[93.550003,8.036667],[93.525276,8.03194],[93.506943,8.014721],[93.485832,8.028334],[93.502777,8.047221],[93.52417,8.062223],[93.499168,8.064711],[93.481667,8.082778],[93.468056,8.103888],[93.459999,8.127777],[93.455345,8.153058],[93.458611,8.178333],[93.48069,8.191185],[93.491669,8.215278],[93.513268,8.228312],[93.526489,8.231271]],[[93.235283,8.26556],[93.248055,8.243332],[93.223129,8.239929],[93.232025,8.263489],[93.235283,8.26556]],[[93.126274,8.355864],[93.140831,8.335001],[93.131981,8.311357],[93.127373,8.286389],[93.135834,8.261665],[93.15361,8.243893],[93.176498,8.232219],[93.198334,8.219722],[93.199448,8.193891],[93.175056,8.20048],[93.151215,8.208962],[93.128334,8.219722],[93.108887,8.236401],[93.095833,8.257779],[93.084167,8.280279],[93.084618,8.305372],[93.094719,8.328891],[93.111664,8.3475],[93.126274,8.355864]],[[93.652496,8.394445],[93.652496,8.394445]],[[93.634918,8.394644],[93.634918,8.394644]],[[93.043892,8.473333],[93.056389,8.449999],[93.039719,8.468889],[93.043892,8.473333]],[[93.611877,8.484542],[93.611877,8.484542]],[[93.615997,8.573626],[93.620377,8.548661],[93.631111,8.525833],[93.634949,8.500986],[93.640892,8.475478],[93.625,8.455278],[93.626396,8.42979],[93.618614,8.454446],[93.618538,8.479861],[93.625023,8.50401],[93.619171,8.52873],[93.609726,8.552209],[93.615997,8.573626]],[[93.609444,8.581667],[93.609444,8.581667]],[[92.859169,8.820131],[92.859169,8.820131]],[[92.793327,9.118891],[92.793327,9.118891]],[[92.804169,9.120833],[92.804169,9.120833]],[[92.814163,9.126944],[92.814163,9.126944]],[[92.787781,9.244166],[92.807503,9.225282],[92.821663,9.204446],[92.854362,9.209159],[92.825531,9.192131],[92.83152,9.167551],[92.828949,9.142569],[92.810837,9.124721],[92.785835,9.119445],[92.761108,9.124165],[92.735832,9.123612],[92.720276,9.145001],[92.720398,9.170461],[92.720558,9.195555],[92.728058,9.219723],[92.75499,9.215],[92.774857,9.230929],[92.773888,9.256111],[92.787781,9.244166]],[[92.515831,10.897641],[92.530281,10.87722],[92.553612,10.868062],[92.557503,10.842777],[92.561386,10.81806],[92.574791,10.796668],[92.587219,10.774442],[92.583336,10.748401],[92.58889,10.72361],[92.59848,10.70037],[92.584999,10.679167],[92.578613,10.654172],[92.555832,10.640832],[92.542221,10.619445],[92.543892,10.594445],[92.56778,10.582917],[92.556366,10.560531],[92.542397,10.539522],[92.529999,10.517791],[92.505348,10.511391],[92.480003,10.519721],[92.460831,10.536945],[92.437775,10.546945],[92.41333,10.540557],[92.389717,10.531112],[92.39222,10.556388],[92.405754,10.57742],[92.412781,10.601667],[92.417427,10.62736],[92.406944,10.650279],[92.387253,10.665925],[92.380554,10.690278],[92.381004,10.715813],[92.377922,10.740761],[92.379013,10.76649],[92.38472,10.790833],[92.393883,10.767222],[92.411667,10.788057],[92.424927,10.809878],[92.441391,10.829444],[92.459862,10.846631],[92.470276,10.86971],[92.490837,10.886945],[92.510796,10.871184],[92.511398,10.896392],[92.515831,10.897641]],[[92.608887,10.93861],[92.608887,10.93861]],[[92.226738,10.98229],[92.226738,10.98229]],[[92.663353,10.9818],[92.663353,10.9818]],[[92.725662,11.144218],[92.725662,11.144218]],[[92.731941,11.149731],[92.731941,11.149731]],[[92.676941,11.183611],[92.676941,11.183611]],[[92.705978,11.289166],[92.705833,11.263057],[92.691391,11.242501],[92.695,11.267777],[92.705978,11.289166]],[[92.700546,11.31139],[92.700546,11.31139]],[[92.723053,11.316388],[92.723053,11.316388]],[[92.548332,11.393029],[92.548332,11.393029]],[[92.557579,11.390937],[92.557579,11.390937]],[[92.673462,11.48752],[92.673462,11.48752]],[[92.610489,11.50405],[92.610489,11.50405]],[[92.644447,11.51303],[92.644447,11.51303]],[[92.641457,11.51014],[92.658897,11.491932],[92.675728,11.473129],[92.68158,11.44856],[92.671677,11.425582],[92.652298,11.4093],[92.675148,11.399103],[92.690903,11.37968],[92.672096,11.362931],[92.648109,11.355622],[92.624207,11.347558],[92.598915,11.346938],[92.582207,11.36557],[92.590836,11.389184],[92.613213,11.40052],[92.624474,11.423022],[92.618057,11.44732],[92.613373,11.472172],[92.62056,11.496192],[92.635452,11.516825],[92.641457,11.51014]],[[92.271797,11.515991],[92.271797,11.515991]],[[92.604652,11.534582],[92.604652,11.534582]],[[92.560356,11.537991],[92.560356,11.537991]],[[92.627975,11.542162],[92.627975,11.542162]],[[92.610001,11.558889],[92.613815,11.53375],[92.607147,11.557915],[92.610001,11.558889]],[[92.574516,11.562572],[92.574516,11.562572]],[[92.567513,11.570818],[92.567513,11.570818]],[[92.597183,11.54167],[92.588089,11.565031],[92.597183,11.54167]],[[92.578262,11.581805],[92.578262,11.581805]],[[92.611023,11.58826],[92.615547,11.563552],[92.600883,11.584422],[92.611023,11.58826]],[[92.218933,11.592323],[92.244247,11.591904],[92.268646,11.58552],[92.268646,11.560245],[92.274727,11.535869],[92.252068,11.525162],[92.226967,11.52833],[92.20903,11.546223],[92.214531,11.570781],[92.218933,11.592323]],[[92.539757,11.60332],[92.562454,11.592415],[92.556686,11.567861],[92.533638,11.557295],[92.535271,11.58255],[92.539757,11.60332]],[[92.69957,11.664451],[92.69957,11.664451]],[[92.762253,11.6697],[92.762253,11.6697]],[[92.724983,11.689121],[92.724983,11.689121]],[[92.550919,11.72124],[92.550919,11.72124]],[[93.082977,11.77968],[93.082977,11.77968]],[[93.020836,11.843331],[93.046288,11.842566],[93.071426,11.839393],[93.060997,11.816285],[93.03611,11.819168],[93.014122,11.8314],[93.020836,11.843331]],[[92.596947,11.90529],[92.596947,11.90529]],[[92.565659,11.949772],[92.565659,11.949772]],[[92.732437,11.954223],[92.732437,11.954223]],[[92.74308,11.964511],[92.74308,11.964511]],[[92.750137,11.96834],[92.750137,11.96834]],[[92.596107,11.976109],[92.605827,11.951941],[92.598877,11.92778],[92.59639,11.953056],[92.596107,11.976109]],[[92.582756,11.975982],[92.582756,11.975982]],[[92.776047,12.01771],[92.776047,12.01771]],[[92.969536,12.03368],[92.994781,12.035581],[93.010002,12.01361],[93.013023,11.9883],[93.02494,11.966254],[93.037346,11.94447],[93.046387,11.921109],[93.054115,11.897299],[93.033913,11.882341],[93.020393,11.903758],[93.0075,11.92525],[93.000481,11.949681],[92.975418,11.948051],[92.963631,11.970252],[92.943512,11.985281],[92.947273,12.010053],[92.961807,12.030688],[92.969536,12.03368]],[[92.969826,12.064007],[92.969826,12.064007]],[[92.991364,12.108928],[93.000832,12.084441],[93.000275,12.059441],[92.97506,12.059649],[92.960419,12.080257],[92.959732,12.105551],[92.984573,12.10878],[92.991364,12.108928]],[[92.993881,12.10994],[92.993881,12.10994]],[[92.742851,12.115],[92.742851,12.115]],[[92.948631,12.115841],[92.951385,12.090834],[92.948341,12.115841],[92.948631,12.115841]],[[92.628845,12.112456],[92.628845,12.112456]],[[92.630623,12.11791],[92.630623,12.11791]],[[93.097931,12.137192],[93.097931,12.137192]],[[93.120529,12.14835],[93.120529,12.14835]],[[92.845848,12.147562],[92.845848,12.147562]],[[93.027779,12.156941],[93.031113,12.131941],[93.033058,12.106943],[93.046387,12.08417],[93.053047,12.06],[93.02861,12.066666],[93.006386,12.078331],[93.008331,12.103611],[92.984566,12.112684],[92.961929,12.12392],[92.957512,12.148581],[92.983292,12.148991],[92.996391,12.127501],[93.010002,12.150281],[93.027779,12.156941]],[[92.758957,12.181311],[92.758957,12.181311]],[[92.720291,12.180438],[92.720291,12.180438]],[[92.731377,12.187581],[92.731377,12.187581]],[[93.068604,12.211334],[93.085747,12.193047],[93.088547,12.167491],[93.094635,12.142418],[93.092567,12.116971],[93.085457,12.092689],[93.062157,12.102811],[93.047722,12.123342],[93.04023,12.148031],[93.049217,12.171491],[93.058037,12.194941],[93.068604,12.211334]],[[92.683029,12.214901],[92.683029,12.214901]],[[93.01989,12.22516],[93.01989,12.22516]],[[92.93898,12.223861],[92.935059,12.198852],[92.931732,12.223724],[92.93898,12.223861]],[[92.700867,12.235609],[92.710182,12.212175],[92.708565,12.186647],[92.73333,12.181667],[92.757233,12.170561],[92.751953,12.14606],[92.744331,12.122232],[92.735832,12.098501],[92.740837,12.073891],[92.756912,12.054721],[92.781342,12.048941],[92.778053,12.023611],[92.753563,12.028691],[92.751236,12.003751],[92.751053,11.978541],[92.734573,11.99775],[92.723763,11.974981],[92.716042,11.951164],[92.725128,11.927721],[92.72245,11.90268],[92.723122,11.877391],[92.724663,11.852311],[92.71553,11.828522],[92.695602,11.813258],[92.718193,11.824522],[92.727158,11.84812],[92.73175,11.873117],[92.731956,11.89814],[92.741707,11.921328],[92.762192,11.936876],[92.785423,11.9267],[92.785789,11.901449],[92.786522,11.876425],[92.784821,11.851393],[92.77787,11.827211],[92.770912,11.802811],[92.76741,11.777613],[92.765961,11.752351],[92.758629,11.728331],[92.755844,11.703194],[92.731071,11.698151],[92.706711,11.704101],[92.702042,11.67953],[92.685013,11.661021],[92.665558,11.645136],[92.689766,11.638731],[92.711006,11.65247],[92.715355,11.677554],[92.74054,11.677433],[92.755333,11.656985],[92.752373,11.631825],[92.748726,11.606028],[92.742653,11.58173],[92.730537,11.55983],[92.726318,11.535131],[92.723114,11.510309],[92.712212,11.487581],[92.694489,11.505513],[92.669312,11.504027],[92.649948,11.519931],[92.648506,11.54505],[92.646301,11.570211],[92.622131,11.563556],[92.614601,11.587895],[92.606529,11.611906],[92.627853,11.625799],[92.635071,11.649783],[92.616005,11.633501],[92.598793,11.65167],[92.597771,11.676955],[92.594063,11.701891],[92.569191,11.696931],[92.553902,11.716942],[92.5541,11.74224],[92.556679,11.767192],[92.553566,11.792381],[92.548569,11.817092],[92.525352,11.826771],[92.513939,11.84933],[92.524857,11.872087],[92.530479,11.896549],[92.541656,11.919001],[92.560257,11.936001],[92.580887,11.921649],[92.585327,11.896821],[92.601646,11.877432],[92.610489,11.901281],[92.607826,11.92642],[92.609169,11.951631],[92.612679,11.976504],[92.613602,12.002219],[92.621948,12.026943],[92.621521,12.052021],[92.620697,12.077191],[92.623611,12.102781],[92.632317,12.126218],[92.639191,12.15063],[92.645004,12.175269],[92.655136,12.19843],[92.673508,12.215462],[92.689392,12.23535],[92.700867,12.235609]],[[92.730614,12.242454],[92.731224,12.217249],[92.752869,12.2299],[92.763397,12.207191],[92.76368,12.18218],[92.73848,12.184675],[92.722336,12.203891],[92.722298,12.230472],[92.730614,12.242454]],[[92.880547,12.25],[92.880547,12.25]],[[92.866463,12.235621],[92.866463,12.235621]],[[92.698906,12.244838],[92.698906,12.244838]],[[92.901672,12.25585],[92.91346,12.233501],[92.888382,12.23021],[92.893066,12.255044],[92.901672,12.25585]],[[93.077774,12.261945],[93.086113,12.237501],[93.099678,12.258588],[93.101669,12.23333],[93.103554,12.208319],[93.082497,12.2225],[93.066109,12.241389],[93.077774,12.261945]],[[92.901436,12.262152],[92.901436,12.262152]],[[92.73761,12.271333],[92.73761,12.271333]],[[93.029663,12.280171],[93.029663,12.280171]],[[92.750084,12.287695],[92.744263,12.261345],[92.746178,12.28632],[92.750084,12.287695]],[[92.737061,12.285181],[92.737061,12.285181]],[[92.766739,12.270321],[92.766739,12.270321]],[[92.754448,12.294723],[92.754448,12.294723]],[[92.771187,12.294924],[92.771187,12.294924]],[[92.878059,12.29365],[92.878059,12.29365]],[[92.711418,12.29607],[92.718376,12.2719],[92.712776,12.247222],[92.703018,12.27033],[92.704437,12.2953],[92.711418,12.29607]],[[92.765907,12.29907],[92.765907,12.29907]],[[92.941399,12.280802],[92.92971,12.258291],[92.925827,12.233162],[92.922676,12.25807],[92.901459,12.271472],[92.923096,12.284362],[92.932518,12.308068],[92.938034,12.283054],[92.941399,12.280802]],[[92.776573,12.310281],[92.801537,12.308913],[92.826256,12.302933],[92.851486,12.302741],[92.873047,12.289919],[92.882347,12.266271],[92.862503,12.24972],[92.8722,12.226131],[92.878273,12.201721],[92.853111,12.20361],[92.851662,12.178604],[92.829987,12.16549],[92.818047,12.143371],[92.811668,12.1175],[92.790535,12.103627],[92.783058,12.079771],[92.763458,12.063931],[92.742233,12.077419],[92.740547,12.102793],[92.748848,12.126731],[92.757576,12.150741],[92.764542,12.175021],[92.769485,12.199656],[92.768288,12.224781],[92.748787,12.24076],[92.748375,12.266104],[92.772308,12.273842],[92.77626,12.298753],[92.776573,12.310281]],[[93.072563,12.319044],[93.072563,12.319044]],[[93.839699,12.32082],[93.85775,12.29313],[93.877502,12.2775],[93.880699,12.236642],[93.862503,12.265833],[93.861679,12.23377],[93.832008,12.241241],[93.852081,12.26744],[93.826683,12.24486],[93.815491,12.270811],[93.81871,12.30036],[93.84819,12.285623],[93.82901,12.31233],[93.839699,12.32082]],[[92.912781,12.331666],[92.912781,12.331666]],[[92.905937,12.338508],[92.905937,12.338508]],[[92.911736,12.337952],[92.911736,12.337952]],[[92.896935,12.392077],[92.896935,12.392077]],[[92.852905,12.408831],[92.876617,12.400553],[92.885429,12.376804],[92.860786,12.381941],[92.843658,12.400621],[92.852905,12.408831]],[[92.89917,12.4075],[92.89917,12.4075]],[[92.889351,12.412851],[92.889351,12.412851]],[[92.865875,12.421003],[92.865875,12.421003]],[[92.903236,12.42019],[92.903236,12.42019]],[[92.831734,12.426822],[92.831734,12.426822]],[[92.95536,12.41469],[92.942581,12.392544],[92.93528,12.368542],[92.924522,12.39155],[92.931107,12.416174],[92.95208,12.43007],[92.95536,12.41469]],[[92.875031,12.445083],[92.875031,12.445083]],[[92.679459,12.541128],[92.679459,12.541128]],[[92.702423,12.63787],[92.702423,12.63787]],[[92.731445,12.703124],[92.731445,12.703124]],[[92.724258,12.73673],[92.724258,12.73673]],[[92.7267,12.75138],[92.7267,12.75138]],[[92.655846,12.768959],[92.655846,12.768959]],[[92.717079,12.77478],[92.717079,12.77478]],[[92.724998,12.761666],[92.717499,12.785832],[92.724998,12.761944],[92.724998,12.761666]],[[92.716187,12.797293],[92.716187,12.797293]],[[92.716766,12.800591],[92.716766,12.800591]],[[92.717606,12.803103],[92.717606,12.803103]],[[92.710968,12.82903],[92.71273,12.803588],[92.712257,12.778237],[92.724068,12.75608],[92.718887,12.731431],[92.711388,12.75561],[92.706352,12.780261],[92.698921,12.804391],[92.707497,12.82836],[92.710968,12.82903]],[[92.727631,12.836472],[92.727631,12.836472]],[[92.731781,12.85643],[92.731781,12.85643]],[[92.728615,12.864446],[92.720558,12.839722],[92.72583,12.865278],[92.728615,12.864446]],[[92.778564,12.864758],[92.778564,12.864758]],[[92.765472,12.854721],[92.765472,12.854721]],[[92.759598,12.87759],[92.759598,12.87759]],[[92.785553,12.893334],[92.785553,12.893334]],[[92.893707,12.898564],[92.893707,12.898564]],[[92.755081,12.912811],[92.755081,12.912811]],[[92.864761,12.912481],[92.864761,12.912481]],[[92.794983,12.911259],[92.794983,12.911259]],[[92.913078,12.91729],[92.913078,12.91729]],[[92.76815,12.917541],[92.76815,12.917541]],[[92.935318,12.91809],[92.935318,12.91809]],[[92.767021,12.924702],[92.767021,12.924702]],[[92.898888,12.915831],[92.907677,12.892103],[92.928337,12.87764],[92.941002,12.855822],[92.945297,12.831052],[92.954056,12.807463],[92.940002,12.786221],[92.948677,12.762609],[92.965607,12.743563],[92.973457,12.719723],[92.962929,12.696781],[92.962746,12.671578],[92.958939,12.646861],[92.958054,12.621112],[92.957771,12.595911],[92.964211,12.57152],[92.974159,12.546604],[92.970993,12.521782],[92.968422,12.496669],[92.943726,12.492769],[92.934723,12.46833],[92.927155,12.444454],[92.918274,12.420741],[92.89547,12.43175],[92.875183,12.447191],[92.852859,12.45904],[92.843063,12.482779],[92.849281,12.458336],[92.868927,12.442781],[92.891266,12.430991],[92.867363,12.423581],[92.842499,12.426391],[92.819557,12.437541],[92.796097,12.446662],[92.816803,12.432502],[92.833885,12.413332],[92.844658,12.390739],[92.860237,12.370429],[92.881111,12.356581],[92.896111,12.33583],[92.880371,12.31615],[92.855507,12.313209],[92.832726,12.302737],[92.810226,12.314741],[92.785095,12.313506],[92.760811,12.30688],[92.736511,12.300581],[92.714119,12.312492],[92.700546,12.333831],[92.701424,12.359159],[92.699417,12.384371],[92.700333,12.409505],[92.702568,12.434701],[92.702766,12.460118],[92.703766,12.48515],[92.701309,12.510421],[92.699005,12.535402],[92.708893,12.55875],[92.706902,12.583711],[92.689461,12.602154],[92.709846,12.616651],[92.714943,12.641583],[92.734818,12.657281],[92.757286,12.668841],[92.779312,12.656801],[92.779587,12.63168],[92.783913,12.656921],[92.786903,12.681951],[92.787392,12.70721],[92.777176,12.68402],[92.754196,12.67404],[92.733536,12.689082],[92.739578,12.713371],[92.738052,12.73861],[92.727859,12.7616],[92.721687,12.786],[92.721947,12.811002],[92.730247,12.834895],[92.737221,12.81056],[92.740356,12.835792],[92.758652,12.853116],[92.773109,12.832485],[92.78167,12.80889],[92.773888,12.832782],[92.770363,12.857761],[92.79277,12.869143],[92.798866,12.893391],[92.823853,12.895524],[92.840599,12.876541],[92.865479,12.880101],[92.886673,12.893931],[92.895523,12.917791],[92.898888,12.915831]],[[92.7742,12.931133],[92.7742,12.931133]],[[92.877022,12.932061],[92.877022,12.932061]],[[92.765617,12.932524],[92.765617,12.932524]],[[92.892776,12.937221],[92.892776,12.937221]],[[92.901428,12.94115],[92.901428,12.94115]],[[92.671509,12.948341],[92.671509,12.948341]],[[92.668953,12.95335],[92.668953,12.95335]],[[92.695656,12.991959],[92.719276,12.97941],[92.71701,12.954171],[92.720619,12.92897],[92.72261,12.901381],[92.713173,12.87756],[92.705383,12.853691],[92.688713,12.834509],[92.683121,12.80979],[92.670158,12.788391],[92.664268,12.813393],[92.654266,12.83669],[92.648445,12.861162],[92.629852,12.880787],[92.658546,12.880771],[92.668137,12.90392],[92.636597,12.91329],[92.668167,12.91863],[92.679787,12.941111],[92.673721,12.966123],[92.68705,12.988301],[92.695656,12.991959]],[[93.006737,12.9969],[92.989227,12.978881],[92.98732,12.953622],[92.963089,12.94334],[92.95388,12.966989],[92.978088,12.97443],[92.995613,12.992531],[93.006737,12.9969]],[[92.988052,12.998051],[92.988052,12.998051]],[[92.912498,13.0025],[92.912498,13.0025]],[[92.949722,13.021111],[92.949722,13.021111]],[[92.926392,13.024168],[92.941109,13.003601],[92.916389,13.010561],[92.926392,13.024168]],[[92.91861,13.040001],[92.91861,13.040001]],[[92.933609,13.049443],[92.933609,13.049443]],[[92.916817,13.057892],[92.916817,13.057892]],[[92.730553,13.095691],[92.730553,13.095691]],[[92.71917,13.098891],[92.70388,13.07806],[92.71833,13.098891],[92.71917,13.098891]],[[92.794998,13.17111],[92.794998,13.17111]],[[93.061386,13.221388],[93.061386,13.221388]],[[93.01667,13.284167],[93.01667,13.284167]],[[93.074509,13.303334],[93.074509,13.303334]],[[93.018677,13.329631],[93.023537,13.305012],[93.014633,13.330121],[93.018677,13.329631]],[[92.968063,13.3325],[92.968063,13.3325]],[[93.016113,13.339089],[93.016113,13.339089]],[[93.037498,13.340562],[93.037498,13.340562]],[[93.07724,13.364816],[93.07724,13.364816]],[[93.082573,13.366872],[93.082573,13.366872]],[[93.062317,13.383298],[93.062317,13.383298]],[[92.865837,13.41361],[92.865837,13.41361]],[[92.813057,13.419723],[92.813057,13.419723]],[[93.09449,13.417631],[93.09449,13.417631]],[[93.072052,13.426082],[93.072052,13.426082]],[[93.099022,13.435761],[93.099022,13.435761]],[[92.84333,13.440832],[92.83139,13.418611],[92.841393,13.441945],[92.84333,13.440832]],[[94.273331,13.464444],[94.27417,13.439444],[94.249161,13.441667],[94.262428,13.463056],[94.273331,13.464444]],[[92.874443,13.51221],[92.874443,13.51221]],[[92.918892,13.51557],[92.918892,13.51557]],[[92.910004,13.537222],[92.910004,13.537222]],[[92.875,13.540834],[92.875,13.540834]],[[93.007858,13.555363],[93.007858,13.555363]],[[93.057343,13.566251],[93.057343,13.566251]],[[93.029442,13.573334],[93.038887,13.550001],[93.044998,13.525279],[93.040833,13.500562],[93.034721,13.476111],[93.035423,13.45102],[93.03167,13.425831],[93.04528,13.403888],[93.070267,13.4075],[93.05249,13.389821],[93.031441,13.374769],[93.055832,13.381668],[93.065826,13.35861],[93.084167,13.341391],[93.072502,13.319168],[93.047501,13.32167],[93.04583,13.347221],[93.020836,13.349444],[92.995003,13.346111],[92.97113,13.354455],[92.953499,13.336651],[92.975471,13.324152],[92.998589,13.314381],[93.017723,13.297801],[93.032219,13.276388],[93.053513,13.263231],[93.056656,13.23832],[93.044533,13.216281],[93.036392,13.1925],[93.035278,13.167222],[93.036537,13.142195],[93.032219,13.117361],[93.034607,13.092412],[93.029716,13.06694],[93.012611,13.048281],[92.991722,13.033852],[92.966537,13.03536],[92.941177,13.03495],[92.940941,13.060055],[92.936676,13.084713],[92.926392,13.060841],[92.900002,13.059722],[92.910065,13.036815],[92.906387,13.011974],[92.917328,12.989251],[92.938591,12.976025],[92.918892,12.960001],[92.906761,12.981881],[92.882286,12.975921],[92.874016,12.952092],[92.857353,12.933061],[92.857224,12.907893],[92.870972,12.886531],[92.84729,12.87753],[92.827057,12.892281],[92.802887,12.89879],[92.795158,12.92314],[92.800003,12.94778],[92.796143,12.97273],[92.817001,12.986694],[92.824722,13.010835],[92.799721,13.009444],[92.792778,13.0339],[92.793335,13.059166],[92.796112,13.084166],[92.8125,13.103331],[92.818611,13.127777],[92.841667,13.138612],[92.817085,13.15014],[92.826942,13.173891],[92.82,13.198054],[92.828331,13.221671],[92.848053,13.238333],[92.837502,13.261667],[92.825279,13.284167],[92.841942,13.303334],[92.827209,13.32389],[92.835281,13.34778],[92.839165,13.373612],[92.863609,13.380834],[92.842499,13.394441],[92.866592,13.401871],[92.876106,13.42499],[92.874168,13.450555],[92.878052,13.47556],[92.902222,13.482231],[92.919716,13.500562],[92.914719,13.525281],[92.936386,13.53917],[92.961945,13.543056],[92.981392,13.526945],[92.98111,13.551945],[93.006027,13.554452],[93.023331,13.572781],[93.029442,13.573334]],[[92.896942,13.601671],[92.888893,13.577781],[92.896683,13.601671],[92.896942,13.601671]],[[93.063889,13.654166],[93.052727,13.631341],[93.062637,13.654586],[93.063889,13.654166]],[[93.023613,13.670861],[93.023613,13.670861]],[[93.015831,13.676112],[93.025833,13.652222],[93.028473,13.627161],[93.010277,13.644444],[92.985001,13.643331],[92.9925,13.667502],[93.015831,13.676112]],[[93.224426,14.015831],[93.229721,13.991389],[93.219719,14.014445],[93.224426,14.015831]],[[93.366669,14.0475],[93.366669,14.0475]],[[93.383606,14.12778],[93.383606,14.12778]],[[93.366249,14.156381],[93.370552,14.13167],[93.376106,14.10722],[93.370827,14.082783],[93.362503,14.10639],[93.357498,14.13111],[93.363327,14.15556],[93.366249,14.156381]],[[93.356941,14.1925],[93.356941,14.1925]],[[93.370277,14.193335],[93.370277,14.193335]],[[93.550552,14.78392],[93.550552,14.78392]],[[93.570831,14.846321],[93.570831,14.846321]],[[93.57222,14.859444],[93.57222,14.859444]],[[93.572746,14.870361],[93.572746,14.870361]],[[93.641388,14.902499],[93.635834,14.878055],[93.618889,14.858888],[93.620552,14.884166],[93.638336,14.902223],[93.641388,14.902499]],[[93.648407,14.93487],[93.648407,14.93487]]]]}},{"type":"Feature","properties":{"name":"Andhra Pradesh"},"geometry":{"type":"MultiPolygon","coordinates":[[[[80.274582,13.459583],[80.274582,13.459583]],[[80.227356,13.494032],[80.227356,13.494032]],[[80.232361,13.494583],[80.232361,13.494583]],[[80.265419,13.519583],[80.265419,13.519583]],[[80.192642,13.520696],[80.192642,13.520696]],[[80.18486,13.535421],[80.18486,13.535421]],[[80.053467,13.589311],[80.053467,13.589311]],[[80.149025,13.618473],[80.16153,13.596251],[80.160141,13.571251],[80.14875,13.548752],[80.137642,13.571251],[80.155136,13.58986],[80.12764,13.599861],[80.147346,13.615421],[80.149025,13.618473]],[[80.097076,13.641531],[80.097076,13.641531]],[[80.106529,13.65292],[80.106529,13.65292]],[[80.102638,13.677641],[80.102638,13.677641]],[[80.05986,15.199862],[80.05986,15.199862]],[[80.210693,15.501531],[80.210693,15.501531]],[[81.027916,15.765694],[81.027916,15.765694]],[[80.782913,15.83764],[80.782913,15.83764]],[[80.787918,15.843194],[80.787918,15.843194]],[[80.785973,15.856529],[80.785973,15.856529]],[[80.773483,15.86181],[80.773483,15.86181]],[[81.541809,16.355421],[81.514862,16.349583],[81.539856,16.355141],[81.541809,16.355421]],[[81.535141,16.355972],[81.535141,16.355972]],[[82.317352,16.57653],[82.317352,16.57653]],[[82.26236,16.677917],[82.26236,16.677917]],[[82.299515,16.714333],[82.299515,16.714333]],[[82.307907,16.71653],[82.307907,16.71653]],[[82.314857,16.725973],[82.314857,16.725973]],[[82.332077,16.724861],[82.332077,16.724861]],[[82.332077,16.724861],[82.337357,16.70042],[82.359016,16.712921],[82.345139,16.692083],[82.329582,16.672081],[82.319305,16.647917],[82.317642,16.622084],[82.292641,16.622639],[82.274857,16.642349],[82.257919,16.660973],[82.262085,16.685696],[82.285156,16.697441],[82.310417,16.70125],[82.326813,16.721809],[82.332077,16.724861]],[[83.172073,17.569031],[83.172073,17.569031]],[[83.305695,17.684584],[83.305695,17.684584]],[[83.31208,17.68486],[83.31208,17.68486]],[[83.269859,17.70875],[83.269859,17.70875]],[[82.299515,16.714333],[82.297737,16.740379],[82.263702,16.71937],[82.227043,16.71718],[82.219788,16.744869],[82.188751,16.727213],[82.215439,16.709761],[82.246536,16.691441],[82.260971,16.66931],[82.258751,16.643473],[82.281242,16.63208],[82.291809,16.609306],[82.268196,16.597918],[82.294029,16.60264],[82.293747,16.57736],[82.270973,16.56653],[82.297363,16.566807],[82.274857,16.554861],[82.249863,16.547359],[82.22625,16.538195],[82.203476,16.527639],[82.180687,16.516809],[82.158386,16.505138],[82.135696,16.494305],[82.112915,16.483194],[82.090416,16.471809],[82.067917,16.46014],[82.045967,16.44792],[82.024307,16.435421],[82.001808,16.424028],[81.979309,16.412359],[81.956528,16.401806],[81.93264,16.393751],[81.907364,16.389862],[81.883186,16.383471],[81.859024,16.375973],[81.835136,16.366529],[81.812363,16.355141],[81.790138,16.34292],[81.767639,16.331812],[81.743752,16.32181],[81.72097,16.31069],[81.700691,16.32542],[81.676529,16.33235],[81.650696,16.334028],[81.62458,16.33708],[81.597641,16.340971],[81.572083,16.344305],[81.54847,16.353195],[81.522919,16.358194],[81.498749,16.351528],[81.472641,16.353472],[81.446808,16.350973],[81.421516,16.346809],[81.396248,16.34458],[81.377357,16.36153],[81.358467,16.345139],[81.37986,16.359583],[81.373466,16.33514],[81.34903,16.326538],[81.325966,16.316528],[81.303749,16.30431],[81.282639,16.290701],[81.263191,16.27458],[81.24736,16.25514],[81.231804,16.235416],[81.220139,16.21319],[81.21125,16.18931],[81.204033,16.16486],[81.190414,16.14292],[81.19458,16.117638],[81.184586,16.094305],[81.172081,16.072639],[81.160141,16.050419],[81.147636,16.028481],[81.139862,16.003193],[81.145416,15.97847],[81.126526,15.962083],[81.107361,15.945972],[81.088196,15.92986],[81.070694,15.911527],[81.054581,15.892079],[81.037361,15.87375],[81.019585,15.855973],[81.007637,15.833749],[80.993752,15.81292],[81.001251,15.78875],[81.005692,15.76125],[80.98764,15.743751],[80.965698,15.73153],[80.943192,15.720141],[80.917641,15.720695],[80.892906,15.716251],[80.866531,15.712082],[80.841248,15.709584],[80.817642,15.71819],[80.802086,15.737916],[80.79097,15.76042],[80.780418,15.78542],[80.792084,15.762916],[80.805695,15.741807],[80.809029,15.76682],[80.800972,15.790972],[80.793198,15.81625],[80.811249,15.833752],[80.794289,15.852361],[80.772087,15.866252],[80.747643,15.871806],[80.722923,15.877361],[80.69236,15.881531],[80.662361,15.879583],[80.636253,15.875421],[80.610138,15.871531],[80.585693,15.865694],[80.560966,15.858751],[80.535973,15.854312],[80.51403,15.84153],[80.490692,15.832361],[80.467636,15.822641],[80.444862,15.811806],[80.422363,15.799861],[80.400414,15.787362],[80.379028,15.774031],[80.357918,15.760418],[80.337914,15.745417],[80.319862,15.727918],[80.302086,15.71014],[80.285973,15.690973],[80.269859,15.671249],[80.259583,15.647918],[80.24736,15.625972],[80.238747,15.60236],[80.231796,15.577921],[80.225975,15.553195],[80.222359,15.52819],[80.213463,15.504581],[80.207649,15.479581],[80.195137,15.45764],[80.179306,15.438194],[80.162346,15.41958],[80.145973,15.400139],[80.130692,15.38014],[80.116806,15.359311],[80.106529,15.33569],[80.094307,15.313473],[80.089859,15.288751],[80.083473,15.264027],[80.086807,15.238751],[80.087639,15.213473],[80.078751,15.189859],[80.05764,15.203473],[80.073471,15.184032],[80.067642,15.159305],[80.05986,15.135422],[80.052361,15.111252],[80.04792,15.07735],[80.049026,15.05181],[80.050957,15.02653],[80.054581,14.999861],[80.05986,14.97542],[80.064026,14.95014],[80.06958,14.925418],[80.079033,14.90153],[80.084862,14.876811],[80.086525,14.84986],[80.087639,14.824311],[80.061249,14.82125],[80.082916,14.807641],[80.096802,14.786806],[80.104027,14.76264],[80.114586,14.73958],[80.131248,14.720695],[80.133186,14.695702],[80.150414,14.677361],[80.15625,14.65264],[80.16375,14.628469],[80.175972,14.60653],[80.197365,14.593193],[80.194031,14.568191],[80.185966,14.543752],[80.180695,14.517918],[80.178192,14.490691],[80.175972,14.460971],[80.174026,14.433749],[80.172638,14.405691],[80.171524,14.379305],[80.168472,14.354305],[80.159859,14.33042],[80.149857,14.307079],[80.141808,14.283192],[80.137917,14.258472],[80.132362,14.233194],[80.128471,14.207921],[80.127357,14.182639],[80.126526,14.157361],[80.129028,14.131529],[80.13208,14.104861],[80.136803,14.079029],[80.142639,14.054581],[80.148483,14.030151],[80.157639,14.006528],[80.163193,13.982081],[80.159584,14.007362],[80.170967,13.984871],[80.181252,13.961811],[80.190971,13.938751],[80.19986,13.915139],[80.212082,13.893195],[80.222084,13.869861],[80.229576,13.845969],[80.240967,13.823472],[80.248749,13.79958],[80.251251,13.774584],[80.244583,13.750421],[80.238472,13.724861],[80.234573,13.69819],[80.233475,13.673195],[80.235138,13.64819],[80.240135,13.623195],[80.25042,13.599861],[80.261528,13.577359],[80.272087,13.554582],[80.28125,13.53097],[80.289856,13.506811],[80.297638,13.48236],[80.310143,13.460422],[80.315979,13.435971],[80.293198,13.446806],[80.287918,13.47125],[80.281807,13.49986],[80.276527,13.52431],[80.265694,13.547083],[80.255142,13.569861],[80.242363,13.591809],[80.224861,13.60986],[80.20903,13.62957],[80.188751,13.644311],[80.187363,13.669582],[80.171249,13.68875],[80.149307,13.702641],[80.13958,13.725973],[80.140137,13.700695],[80.142639,13.671251],[80.147087,13.646251],[80.141808,13.621805],[80.11792,13.629305],[80.108192,13.653195],[80.125687,13.671251],[80.108475,13.689862],[80.103752,13.66264],[80.079308,13.655971],[80.070969,13.63181],[80.070969,13.606806],[80.052086,13.590141],[80.06736,13.569861],[80.085693,13.552362],[80.098747,13.53069],[80.119026,13.515141],[80.142914,13.50736],[80.160973,13.489861],[80.187637,13.491529],[80.214027,13.486531],[80.239021,13.485973],[80.260971,13.473472],[80.271248,13.450416],[80.271248,13.425138],[80.297363,13.427082],[80.312782,13.40593],[80.315262,13.379731],[80.282143,13.385531],[80.271606,13.41318],[80.26342,13.439351],[80.2472,13.463601],[80.222046,13.480321],[80.194061,13.47623],[80.165817,13.47777],[80.137611,13.491151],[80.106911,13.503942],[80.088669,13.52553],[80.059509,13.532549],[80.034096,13.521801],[80.007713,13.532372],[79.989738,13.513001],[80.013618,13.503912],[80.037193,13.492822],[80.005898,13.487771],[79.995377,13.459451],[79.968269,13.456431],[79.961021,13.427661],[79.935951,13.409572],[79.950287,13.381971],[79.939987,13.358111],[79.925507,13.33594],[79.897362,13.32949],[79.874962,13.317401],[79.851166,13.30343],[79.824043,13.30232],[79.795006,13.298571],[79.768356,13.28963],[79.741493,13.276662],[79.745583,13.248211],[79.775391,13.234119],[79.763336,13.208851],[79.738266,13.198259],[79.722832,13.221851],[79.699638,13.202681],[79.696037,13.233891],[79.671112,13.235842],[79.68161,13.265551],[79.653381,13.274569],[79.629562,13.26086],[79.605103,13.267361],[79.585419,13.247101],[79.554787,13.259181],[79.539223,13.28976],[79.522713,13.315931],[79.487228,13.316551],[79.454643,13.324321],[79.428879,13.323562],[79.401398,13.315751],[79.374603,13.30304],[79.398979,13.289151],[79.425026,13.281341],[79.4123,13.25751],[79.409683,13.22815],[79.436096,13.229832],[79.421631,13.208531],[79.397919,13.186422],[79.369003,13.176261],[79.347771,13.163019],[79.346748,13.134861],[79.316727,13.119369],[79.29747,13.097371],[79.28495,13.12285],[79.26741,13.141201],[79.24334,13.13335],[79.218323,13.135551],[79.218277,13.11031],[79.202209,13.09029],[79.183502,13.072941],[79.172272,13.04372],[79.170593,13.01568],[79.141632,13.00982],[79.11927,13.02257],[79.082787,13.012471],[79.053978,13.028161],[79.033539,13.04566],[79.011429,13.05783],[78.988251,13.072652],[78.962936,13.07156],[78.936638,13.069971],[78.912041,13.063282],[78.893463,13.035092],[78.920433,13.028621],[78.890106,13.01983],[78.88089,13.044281],[78.880409,13.069602],[78.843933,13.07148],[78.813423,13.074648],[78.786591,13.062152],[78.754463,13.046982],[78.725502,13.05278],[78.701256,13.04426],[78.695976,13.012521],[78.668617,13.01106],[78.641716,13.001611],[78.620499,12.982521],[78.637917,12.95441],[78.646713,12.91902],[78.619652,12.902072],[78.605972,12.873699],[78.599007,12.84947],[78.595627,12.81549],[78.58252,12.785321],[78.565727,12.759011],[78.545547,12.743911],[78.548248,12.71498],[78.547737,12.689112],[78.524368,12.67969],[78.515976,12.703521],[78.497101,12.724119],[78.510513,12.70177],[78.486313,12.690511],[78.488556,12.663342],[78.457657,12.66225],[78.462929,12.63537],[78.439438,12.61692],[78.412331,12.618311],[78.386139,12.613871],[78.36055,12.615111],[78.338837,12.631901],[78.308769,12.65],[78.284187,12.66762],[78.267227,12.68743],[78.239067,12.692392],[78.213989,12.674751],[78.18985,12.68131],[78.209808,12.699261],[78.228867,12.720202],[78.219276,12.747029],[78.235428,12.78758],[78.241867,12.812331],[78.241096,12.847421],[78.270569,12.85055],[78.303101,12.8472],[78.322716,12.867851],[78.31646,12.892611],[78.338333,12.9065],[78.368683,12.90178],[78.399536,12.896201],[78.42466,12.893411],[78.446442,12.874732],[78.442902,12.904112],[78.421356,12.92353],[78.427353,12.950531],[78.457901,12.963242],[78.455421,12.99009],[78.450363,13.014871],[78.467049,13.041371],[78.504578,13.052762],[78.501923,13.081661],[78.527962,13.09736],[78.508751,13.11959],[78.535446,13.13074],[78.54686,13.153431],[78.565681,13.171751],[78.540947,13.187251],[78.565887,13.20089],[78.558876,13.227131],[78.572151,13.248601],[78.564438,13.28341],[78.535576,13.27608],[78.520798,13.255591],[78.50116,13.277211],[78.472557,13.291132],[78.447906,13.302819],[78.426826,13.31808],[78.402061,13.30738],[78.375122,13.318591],[78.397377,13.332332],[78.374771,13.34641],[78.364449,13.370491],[78.371277,13.39718],[78.365311,13.424391],[78.362556,13.452071],[78.367447,13.481971],[78.373093,13.512251],[78.386009,13.543952],[78.397758,13.566192],[78.367096,13.5803],[78.32283,13.582991],[78.29184,13.57882],[78.265396,13.578221],[78.236557,13.584491],[78.208496,13.581881],[78.189003,13.55638],[78.188568,13.588402],[78.193939,13.616159],[78.165558,13.620971],[78.158997,13.645171],[78.129089,13.64827],[78.093903,13.640261],[78.072807,13.655171],[78.065376,13.68006],[78.099869,13.682562],[78.109383,13.710231],[78.084923,13.733492],[78.101196,13.75299],[78.118233,13.7769],[78.107658,13.8036],[78.113533,13.840891],[78.088379,13.854919],[78.067963,13.87452],[78.041153,13.886729],[78.041336,13.858051],[78.015587,13.854382],[77.991493,13.862411],[77.970383,13.826642],[77.94458,13.819971],[77.941841,13.871051],[77.971619,13.888589],[77.973366,13.919882],[77.978577,13.947651],[77.954269,13.93705],[77.935646,13.91791],[77.911606,13.897241],[77.889687,13.911351],[77.862427,13.926801],[77.830116,13.927152],[77.806351,13.91755],[77.81469,13.89111],[77.819206,13.866021],[77.80278,13.84067],[77.776039,13.835911],[77.769211,13.808541],[77.741028,13.803792],[77.718498,13.792722],[77.714203,13.760791],[77.708748,13.732739],[77.695526,13.761432],[77.668503,13.752281],[77.670227,13.777499],[77.614349,13.76031],[77.633751,13.741291],[77.604271,13.742551],[77.581543,13.730572],[77.556076,13.71646],[77.539513,13.74372],[77.515121,13.73704],[77.52784,13.707031],[77.512329,13.68568],[77.487343,13.706792],[77.482941,13.679702],[77.449753,13.675791],[77.446007,13.70064],[77.458069,13.723039],[77.46212,13.749051],[77.453957,13.778042],[77.44677,13.80203],[77.420059,13.788961],[77.415062,13.81536],[77.389839,13.83293],[77.359467,13.845671],[77.334686,13.82942],[77.310883,13.851131],[77.285522,13.846031],[77.255951,13.839451],[77.240738,13.865882],[77.240097,13.89408],[77.217003,13.869262],[77.192711,13.856221],[77.179596,13.878331],[77.181618,13.91077],[77.155937,13.899812],[77.164917,13.866219],[77.139389,13.85904],[77.147896,13.828851],[77.156326,13.80376],[77.169189,13.77556],[77.146736,13.754751],[77.110947,13.754621],[77.085777,13.758111],[77.060043,13.738861],[77.035187,13.769281],[77.013847,13.747472],[76.988983,13.76018],[76.981232,13.7858],[76.968826,13.810242],[76.986259,13.83923],[77.007118,13.854172],[77.016617,13.88773],[77.041283,13.8974],[77.035843,13.925591],[77.013977,13.939482],[76.988998,13.956692],[76.994377,13.981491],[76.964203,14.00224],[76.942329,14.01548],[76.933716,14.040671],[76.971527,14.052391],[76.968086,14.07974],[76.948227,14.096581],[76.926979,14.12721],[76.898468,14.12688],[76.889191,14.150879],[76.917183,14.157671],[76.941536,14.17803],[76.972763,14.17429],[77.00605,14.174851],[77.014938,14.132181],[77.016586,14.106092],[77.024536,14.077169],[77.028481,14.05198],[77.069031,14.04719],[77.096657,14.040701],[77.124687,14.034741],[77.134033,14.00967],[77.154442,13.99061],[77.194557,14.00286],[77.227272,14.007952],[77.255753,14.020959],[77.278511,14.006901],[77.298027,14.023031],[77.320221,14.009251],[77.333473,13.988051],[77.346939,13.960589],[77.352638,13.928451],[77.345901,13.903331],[77.390419,13.89769],[77.418968,13.894909],[77.40844,13.921611],[77.428703,13.943341],[77.430641,13.96878],[77.386513,13.974002],[77.383362,14.007359],[77.350098,14.016451],[77.331261,14.039842],[77.358559,14.058929],[77.379662,14.090391],[77.396431,14.11057],[77.358932,14.108722],[77.376686,14.129601],[77.389557,14.153541],[77.409721,14.16972],[77.453926,14.162981],[77.488541,14.15308],[77.510353,14.17202],[77.49971,14.20447],[77.490082,14.227631],[77.499367,14.26051],[77.479347,14.284771],[77.454697,14.27219],[77.442337,14.309751],[77.409286,14.327102],[77.378822,14.31708],[77.381203,14.282991],[77.401016,14.26041],[77.409058,14.223581],[77.39122,14.190882],[77.376617,14.216712],[77.355408,14.23004],[77.358269,14.260321],[77.320587,14.273451],[77.295456,14.276471],[77.282677,14.30228],[77.281143,14.331111],[77.251297,14.320602],[77.222923,14.314981],[77.196358,14.3143],[77.171883,14.330231],[77.146446,14.332191],[77.125771,14.301532],[77.110542,14.27493],[77.11158,14.248462],[77.109947,14.22148],[77.084869,14.20845],[77.060226,14.22416],[77.040649,14.240759],[77.012512,14.235091],[76.982483,14.238152],[76.951393,14.234152],[76.933632,14.253501],[76.943756,14.281681],[76.936562,14.30841],[76.906158,14.315341],[76.885361,14.339591],[76.883141,14.390291],[76.913101,14.413552],[76.936783,14.40131],[76.944321,14.425232],[76.964371,14.451741],[76.973396,14.478281],[76.945412,14.482151],[76.906517,14.484161],[76.880302,14.47053],[76.860443,14.487131],[76.843933,14.50915],[76.819733,14.52034],[76.794693,14.54073],[76.778152,14.579331],[76.760178,14.602011],[76.769508,14.656311],[76.781082,14.690471],[76.798073,14.734591],[76.786423,14.761911],[76.810966,14.781431],[76.834969,14.800132],[76.842987,14.824302],[76.854118,14.861372],[76.843773,14.88642],[76.863899,14.911741],[76.865479,14.9376],[76.864456,14.96402],[76.835876,14.959081],[76.796883,14.962921],[76.772087,14.96864],[76.768059,14.99564],[76.784576,15.01667],[76.775017,15.04396],[76.775742,15.069161],[76.796936,15.09076],[76.821266,15.074852],[76.860573,15.05671],[76.876701,15.028679],[76.905441,15.02929],[76.931671,15.026311],[76.966797,15.013169],[76.995651,15.023681],[77.022957,15.027651],[77.04879,15.023861],[77.06147,15.00155],[77.082069,15.02229],[77.109573,15.028569],[77.120911,15.055071],[77.127609,15.093641],[77.154037,15.120521],[77.13208,15.142681],[77.157707,15.148951],[77.161537,15.182211],[77.149963,15.207901],[77.120903,15.221241],[77.140251,15.251551],[77.165253,15.250972],[77.145172,15.266051],[77.123749,15.28757],[77.113426,15.31912],[77.069092,15.319471],[77.057846,15.34319],[77.038033,15.358782],[77.043823,15.383741],[77.026863,15.407752],[77.027397,15.435181],[77.002037,15.455381],[76.976082,15.482013],[76.996033,15.499731],[77.026596,15.49999],[77.028862,15.525122],[77.023712,15.576382],[77.028397,15.60685],[77.029282,15.633839],[77.068871,15.640909],[77.095932,15.64415],[77.116203,15.62511],[77.124977,15.659051],[77.100838,15.67888],[77.075928,15.690879],[77.076271,15.721411],[77.047089,15.725012],[77.046692,15.751331],[77.059769,15.77884],[77.063889,15.82317],[77.038368,15.82551],[77.033188,15.853081],[77.052452,15.876283],[77.065956,15.899311],[77.090057,15.91787],[77.120659,15.928821],[77.143433,15.9406],[77.1707,15.94555],[77.202957,15.94988],[77.236092,15.952711],[77.263176,15.951389],[77.291786,15.949969],[77.335167,15.943271],[77.368141,15.936041],[77.400032,15.93546],[77.426422,15.942279],[77.452507,15.93152],[77.483322,15.92806],[77.509453,15.92086],[77.5159,15.957461],[77.5084,15.99583],[77.492073,16.02557],[77.496216,16.054779],[77.493019,16.07963],[77.509399,16.103531],[77.486671,16.115761],[77.488098,16.14739],[77.488373,16.17868],[77.493698,16.206171],[77.488907,16.241831],[77.501228,16.267811],[77.533783,16.26263],[77.543213,16.28706],[77.56926,16.294771],[77.590843,16.311979],[77.591606,16.337511],[77.554527,16.34156],[77.528633,16.35836],[77.494492,16.37579],[77.461311,16.375441],[77.435196,16.372671],[77.411743,16.36268],[77.388138,16.371799],[77.352539,16.37661],[77.306969,16.39402],[77.278206,16.410709],[77.258209,16.447309],[77.235176,16.468081],[77.285362,16.471512],[77.309097,16.48934],[77.343658,16.482059],[77.36731,16.493771],[77.38871,16.51211],[77.415321,16.51783],[77.415657,16.544001],[77.394806,16.558241],[77.420959,16.56517],[77.44326,16.58206],[77.464676,16.597441],[77.461327,16.624781],[77.43837,16.636202],[77.416847,16.654751],[77.446426,16.67416],[77.467506,16.6968],[77.448456,16.713579],[77.423416,16.714531],[77.435341,16.74955],[77.43528,16.77762],[77.467339,16.7766],[77.462723,16.80452],[77.460396,16.84411],[77.457596,16.87928],[77.455818,16.904659],[77.463547,16.929041],[77.469177,16.95384],[77.478371,16.99025],[77.49939,17.00732],[77.493233,17.03299],[77.478058,17.060989],[77.463867,17.086712],[77.448418,17.1115],[77.423523,17.114058],[77.398903,17.13192],[77.37542,17.148701],[77.36837,17.176481],[77.391487,17.192369],[77.381287,17.216322],[77.405457,17.23741],[77.437363,17.26137],[77.452797,17.286631],[77.447983,17.313452],[77.455101,17.33791],[77.449883,17.363062],[77.479317,17.369612],[77.499123,17.354071],[77.528023,17.37211],[77.533577,17.398849],[77.510689,17.41254],[77.523376,17.436689],[77.548843,17.434921],[77.573196,17.454201],[77.595901,17.44268],[77.610107,17.46464],[77.634033,17.472231],[77.647949,17.499363],[77.664886,17.47629],[77.686966,17.49157],[77.666069,17.509951],[77.633156,17.523081],[77.607971,17.531073],[77.591858,17.555059],[77.560837,17.55352],[77.536697,17.571329],[77.513901,17.557249],[77.489998,17.566271],[77.465157,17.574659],[77.439926,17.58147],[77.441307,17.60663],[77.453217,17.63077],[77.445648,17.657461],[77.451408,17.68774],[77.471558,17.70401],[77.494278,17.71604],[77.522583,17.72403],[77.55188,17.734381],[77.565956,17.764111],[77.536972,17.770452],[77.509346,17.780081],[77.518051,17.80772],[77.543716,17.826269],[77.563469,17.842001],[77.572746,17.87281],[77.597778,17.877069],[77.583076,17.89838],[77.616577,17.902868],[77.61953,17.930071],[77.62899,17.95384],[77.652046,17.9643],[77.646179,17.9932],[77.621452,17.998341],[77.599487,18.015739],[77.574486,18.030741],[77.552063,18.04694],[77.560486,18.071131],[77.589798,18.08029],[77.596611,18.121031],[77.597771,18.15184],[77.577538,18.16827],[77.564316,18.18998],[77.584961,18.216742],[77.572533,18.240561],[77.591942,18.26177],[77.574333,18.286848],[77.566917,18.317949],[77.542191,18.3339],[77.519501,18.349253],[77.530502,18.375771],[77.555206,18.417852],[77.52594,18.427351],[77.560173,18.435049],[77.585213,18.44545],[77.55909,18.458],[77.576523,18.48378],[77.601067,18.474211],[77.586273,18.50292],[77.600403,18.524971],[77.61087,18.54777],[77.64048,18.55393],[77.65757,18.527201],[77.682747,18.54081],[77.712357,18.55444],[77.747162,18.589081],[77.742989,18.621401],[77.729721,18.642733],[77.732857,18.676001],[77.749908,18.69783],[77.786438,18.68412],[77.802223,18.71612],[77.810387,18.74025],[77.823181,18.768501],[77.837463,18.807461],[77.907593,18.829519],[77.942551,18.82229],[77.929649,18.846491],[77.906067,18.867319],[77.887672,18.88512],[77.869263,18.91032],[77.8405,18.911301],[77.853729,18.952278],[77.827393,18.945721],[77.817139,18.98237],[77.787132,18.984282],[77.765747,19.00738],[77.760933,19.05121],[77.791138,19.050659],[77.801308,19.08441],[77.825478,19.0917],[77.845192,19.11421],[77.831093,19.135653],[77.849243,19.155281],[77.858391,19.180773],[77.852333,19.209711],[77.862289,19.233961],[77.884628,19.260231],[77.861923,19.2841],[77.875229,19.308901],[77.899529,19.317791],[77.926323,19.331909],[77.962708,19.33177],[77.985497,19.30899],[78.011612,19.301111],[78.027283,19.278681],[78.049446,19.26273],[78.075142,19.24655],[78.126709,19.246403],[78.149742,19.230051],[78.183319,19.241541],[78.183151,19.278961],[78.193176,19.30294],[78.197151,19.33173],[78.179596,19.35301],[78.186989,19.384548],[78.182167,19.41177],[78.21508,19.427052],[78.245811,19.428989],[78.26693,19.447929],[78.297333,19.44883],[78.31205,19.479259],[78.299431,19.504129],[78.295486,19.53084],[78.279106,19.558201],[78.306122,19.567442],[78.310989,19.604179],[78.295502,19.63183],[78.272659,19.66017],[78.285812,19.689671],[78.316063,19.690552],[78.345276,19.71357],[78.353203,19.737751],[78.364792,19.76734],[78.366997,19.79454],[78.339211,19.813511],[78.338997,19.83918],[78.303169,19.845831],[78.297691,19.873293],[78.307617,19.908491],[78.335106,19.91011],[78.33625,19.88319],[78.365753,19.882891],[78.384178,19.863621],[78.397659,19.836403],[78.428673,19.823111],[78.464653,19.816212],[78.489471,19.79851],[78.51239,19.81428],[78.557922,19.815611],[78.584991,19.811689],[78.614342,19.813261],[78.648338,19.80146],[78.686371,19.78994],[78.709183,19.772711],[78.73835,19.77943],[78.763229,19.775631],[78.796951,19.768579],[78.825287,19.76038],[78.853577,19.738001],[78.861671,19.7059],[78.863213,19.679493],[78.877937,19.656801],[78.903793,19.664558],[78.93499,19.66218],[78.961678,19.65877],[78.964676,19.629553],[78.965622,19.604511],[78.977852,19.579943],[78.95446,19.562721],[78.978477,19.550922],[79.012192,19.54376],[79.038818,19.544991],[79.063393,19.53125],[79.096611,19.530479],[79.112816,19.509781],[79.140266,19.50111],[79.169098,19.46777],[79.218712,19.4645],[79.206848,19.491671],[79.223427,19.51701],[79.239342,19.542049],[79.250107,19.577681],[79.237701,19.599541],[79.26786,19.606661],[79.293236,19.596722],[79.314262,19.565521],[79.340889,19.573771],[79.369026,19.571232],[79.388969,19.54892],[79.413612,19.53348],[79.441261,19.53351],[79.465126,19.50901],[79.493317,19.505192],[79.515846,19.52236],[79.526222,19.546061],[79.547699,19.526081],[79.573441,19.506639],[79.600853,19.507952],[79.607216,19.539461],[79.621391,19.5651],[79.652618,19.576693],[79.678017,19.576563],[79.705116,19.581221],[79.729912,19.596569],[79.754257,19.602331],[79.785423,19.59359],[79.805206,19.576759],[79.820633,19.552351],[79.856232,19.517111],[79.878227,19.500702],[79.911026,19.49234],[79.932869,19.469122],[79.94577,19.440781],[79.970001,19.40946],[79.970749,19.38213],[79.964523,19.350679],[79.957382,19.324471],[79.961777,19.297491],[79.9319,19.259321],[79.920166,19.22641],[79.935257,19.183851],[79.92231,19.157129],[79.871208,19.1227],[79.860077,19.09096],[79.861099,19.05995],[79.859589,19.03463],[79.890846,19.04545],[79.916107,19.047359],[79.934486,19.0217],[79.932793,18.995701],[79.935883,18.95764],[79.941353,18.91577],[79.940948,18.87739],[79.933327,18.845041],[79.904099,18.834881],[79.909096,18.80669],[79.931992,18.78443],[79.981537,18.774281],[80.009087,18.768579],[80.029663,18.748699],[80.046356,18.720921],[80.074707,18.70256],[80.100548,18.684959],[80.130867,18.685411],[80.158081,18.69594],[80.175652,18.6759],[80.201912,18.697441],[80.22998,18.697531],[80.260368,18.7141],[80.288841,18.695009],[80.307808,18.652281],[80.319313,18.621733],[80.331467,18.5966],[80.357491,18.598341],[80.385582,18.596491],[80.415993,18.608788],[80.450203,18.62635],[80.480057,18.62764],[80.510712,18.615671],[80.528572,18.5937],[80.557793,18.57276],[80.581467,18.557451],[80.604027,18.54072],[80.626976,18.518162],[80.636818,18.49395],[80.65078,18.472281],[80.673187,18.458311],[80.691917,18.440451],[80.713028,18.405731],[80.718628,18.379242],[80.726387,18.35025],[80.742928,18.322161],[80.751328,18.29747],[80.773407,18.264931],[80.769379,18.236401],[80.733269,18.21879],[80.734558,18.171713],[80.762398,18.16297],[80.79364,18.165461],[80.817917,18.18712],[80.817726,18.212761],[80.834236,18.23328],[80.8591,18.226002],[80.865646,18.200993],[80.852631,18.178501],[80.855789,18.15169],[80.881119,18.13253],[80.911987,18.13851],[80.935822,18.152531],[80.965569,18.16836],[80.972633,18.143551],[80.949356,18.12318],[80.948357,18.09127],[80.963501,18.04978],[80.963898,18.024441],[80.971519,17.99737],[80.97599,17.962919],[80.983292,17.934952],[80.997238,17.895161],[81.001869,17.864731],[81.004349,17.838348],[81.032448,17.78973],[81.061287,17.78359],[81.087082,17.803343],[81.109032,17.82312],[81.159569,17.852631],[81.187302,17.848341],[81.213493,17.83305],[81.254036,17.81213],[81.298126,17.809851],[81.325989,17.81241],[81.357498,17.810421],[81.384132,17.80349],[81.409256,17.804838],[81.433876,17.81576],[81.459427,17.824711],[81.478706,17.804708],[81.511307,17.806561],[81.55394,17.816368],[81.593956,17.819111],[81.623978,17.824423],[81.646141,17.84687],[81.656952,17.87282],[81.683243,17.87948],[81.703171,17.86113],[81.726318,17.8741],[81.758293,17.89336],[81.782417,17.90974],[81.801041,17.936081],[81.833336,17.951031],[81.874138,17.959841],[81.899277,17.96855],[81.924713,17.980881],[81.951767,17.9921],[81.973053,18.005671],[82.001686,18.023661],[82.006638,18.049198],[82.032639,18.05171],[82.059723,18.045118],[82.080063,18.06045],[82.107979,18.05402],[82.130417,18.040901],[82.160347,18.043598],[82.176941,18.020891],[82.207756,18.00071],[82.236992,17.99201],[82.261078,17.982401],[82.270813,18.01067],[82.258156,18.03487],[82.278946,18.05493],[82.306343,18.044991],[82.336349,18.04726],[82.343628,18.074991],[82.332489,18.10705],[82.333366,18.14238],[82.357567,18.125101],[82.348732,18.161833],[82.319313,18.171431],[82.306099,18.19566],[82.332817,18.21579],[82.331802,18.246792],[82.343651,18.27165],[82.37188,18.274101],[82.387352,18.300623],[82.36525,18.316429],[82.334442,18.317133],[82.356567,18.33357],[82.37635,18.35327],[82.375237,18.38306],[82.36129,18.40991],[82.380653,18.42643],[82.397377,18.451601],[82.420326,18.469881],[82.437126,18.497301],[82.453423,18.517021],[82.474007,18.536833],[82.498207,18.506041],[82.523132,18.503929],[82.527527,18.47772],[82.523193,18.45278],[82.547729,18.44179],[82.53968,18.416868],[82.535156,18.389561],[82.565216,18.383989],[82.593643,18.370491],[82.611282,18.34646],[82.603828,18.320372],[82.578056,18.309351],[82.587578,18.284781],[82.589203,18.256729],[82.611031,18.243841],[82.631653,18.228531],[82.644859,18.257078],[82.658836,18.28661],[82.690323,18.29707],[82.710907,18.31282],[82.737816,18.319901],[82.761848,18.32781],[82.784218,18.354151],[82.786758,18.384581],[82.778458,18.409479],[82.791977,18.43314],[82.818359,18.43853],[82.836342,18.41954],[82.862968,18.407921],[82.888359,18.40626],[82.884903,18.37862],[82.902748,18.355911],[82.927612,18.360989],[82.952049,18.354349],[82.978432,18.360989],[83.003487,18.376921],[83.031883,18.37326],[83.065826,18.3894],[83.060623,18.419243],[83.035553,18.420071],[83.018036,18.440401],[83.034149,18.46077],[83.055176,18.488123],[83.073158,18.51474],[83.089333,18.53791],[83.057358,18.534691],[83.032478,18.54789],[83.03376,18.57572],[83.052086,18.59306],[83.027702,18.582272],[83.021263,18.610451],[83.009483,18.633541],[83.036163,18.64769],[83.055847,18.667141],[83.070808,18.689301],[83.085747,18.70998],[83.106003,18.738491],[83.115807,18.762081],[83.144913,18.766901],[83.173943,18.756769],[83.201706,18.742229],[83.205063,18.71586],[83.220337,18.742048],[83.239563,18.758781],[83.266098,18.75701],[83.275253,18.78537],[83.300369,18.797911],[83.326141,18.794821],[83.35247,18.80019],[83.353493,18.82749],[83.383133,18.826071],[83.396942,18.849211],[83.385391,18.873262],[83.383911,18.899691],[83.357773,18.903681],[83.346611,18.92687],[83.371002,18.917089],[83.360847,18.948111],[83.339836,18.93322],[83.32692,18.95734],[83.309616,18.976822],[83.331207,18.99007],[83.35498,19.00939],[83.377197,18.99472],[83.402313,18.995161],[83.432922,18.961399],[83.455482,18.94558],[83.458946,18.970449],[83.448227,18.995941],[83.474602,19.000313],[83.477356,19.025518],[83.463272,19.052601],[83.473236,19.077763],[83.492493,19.054951],[83.510086,19.036173],[83.495399,19.011091],[83.531387,19.005421],[83.535789,19.03035],[83.551483,19.050381],[83.551491,19.07785],[83.557663,19.05138],[83.581787,19.062773],[83.599861,19.084803],[83.594299,19.11058],[83.610603,19.130938],[83.623283,19.153631],[83.629837,19.126991],[83.647789,19.105942],[83.658096,19.082109],[83.676376,19.05245],[83.694153,19.021141],[83.721283,19.013418],[83.704697,18.992481],[83.726303,18.975561],[83.736496,18.938971],[83.756149,18.916691],[83.780067,18.907721],[83.769867,18.93297],[83.748367,18.95137],[83.739563,18.978441],[83.758453,18.99547],[83.778877,19.01001],[83.802536,18.98181],[83.814766,18.953178],[83.818901,18.9261],[83.837723,18.908609],[83.836693,18.872721],[83.847977,18.847618],[83.866867,18.82345],[83.886879,18.805408],[83.920593,18.811571],[83.943687,18.796288],[83.969383,18.803829],[83.999977,18.80479],[84.027061,18.8022],[84.047943,18.78348],[84.065773,18.751699],[84.091637,18.745239],[84.118927,18.753031],[84.140427,18.767691],[84.16703,18.77014],[84.203827,18.78264],[84.23069,18.785641],[84.25219,18.772482],[84.275337,18.787182],[84.300369,18.78174],[84.326958,18.789673],[84.344101,18.811941],[84.338066,18.83622],[84.334427,18.86385],[84.358337,18.851341],[84.351837,18.87779],[84.378082,18.8741],[84.365318,18.896259],[84.393967,18.88587],[84.409569,18.9081],[84.417137,18.933302],[84.434547,18.96316],[84.425552,18.989151],[84.41465,19.01236],[84.437393,18.997459],[84.46283,18.98329],[84.477829,19.007891],[84.49778,19.024879],[84.527153,19.038719],[84.553596,19.047409],[84.576447,19.064562],[84.575096,19.037539],[84.587692,19.012991],[84.607567,19.045408],[84.634377,19.05554],[84.659012,19.063648],[84.644608,19.084452],[84.619827,19.076509],[84.602936,19.096571],[84.591682,19.12112],[84.625549,19.118271],[84.653427,19.12291],[84.663269,19.14748],[84.692139,19.151701],[84.697319,19.12513],[84.711853,19.100031],[84.761017,19.071312],[84.746803,19.050701],[84.731804,19.030695],[84.715973,19.01125],[84.701248,18.990973],[84.685417,18.971531],[84.669586,18.95208],[84.650696,18.935419],[84.632362,18.918196],[84.613739,18.901253],[84.597641,18.881821],[84.581528,18.86264],[84.57653,18.837086],[84.558746,18.819311],[84.553192,18.794863],[84.535973,18.776531],[84.515976,18.76125],[84.496536,18.74542],[84.480423,18.726252],[84.462914,18.708195],[84.447914,18.688194],[84.440697,18.66403],[84.42292,18.645969],[84.403748,18.629862],[84.385406,18.61264],[84.36792,18.594584],[84.355698,18.569586],[84.339027,18.550694],[84.323471,18.530972],[84.303741,18.515421],[84.284027,18.499863],[84.265137,18.483473],[84.246246,18.46681],[84.227913,18.449583],[84.209587,18.432362],[84.190971,18.415421],[84.17347,18.397362],[84.155975,18.379305],[84.142082,18.358473],[84.126526,18.338472],[84.128197,18.313473],[84.107086,18.299864],[84.085693,18.285419],[84.063751,18.273203],[84.040138,18.262362],[84.017639,18.251251],[83.994858,18.240419],[83.972359,18.229309],[83.950691,18.216806],[83.927086,18.208195],[83.902359,18.20153],[83.879578,18.190969],[83.86042,18.174858],[83.83625,18.166813],[83.812637,18.15764],[83.788193,18.147921],[83.765137,18.137083],[83.742638,18.12542],[83.719307,18.11375],[83.697906,18.100693],[83.676247,18.088194],[83.656799,18.072363],[83.635971,18.058472],[83.614861,18.044584],[83.594582,18.02931],[83.57235,18.017641],[83.558746,17.99292],[83.546806,17.970139],[83.530975,17.950695],[83.509865,17.937084],[83.48764,17.925423],[83.466797,17.911251],[83.455147,17.88903],[83.438194,17.870417],[83.417915,17.855694],[83.41597,17.830139],[83.40625,17.807083],[83.388191,17.789583],[83.373474,17.769304],[83.353195,17.754305],[83.344017,17.730421],[83.324303,17.714582],[83.305138,17.697363],[83.279861,17.694578],[83.294861,17.674311],[83.275696,17.65764],[83.255692,17.641823],[83.234863,17.62764],[83.225418,17.604305],[83.204857,17.589029],[83.182083,17.57848],[83.162918,17.56181],[83.138748,17.554583],[83.113747,17.54764],[83.090973,17.537083],[83.067917,17.527082],[83.044586,17.51792],[83.02153,17.507641],[83.004028,17.48958],[82.987083,17.47097],[82.962906,17.462641],[82.940697,17.450701],[82.917641,17.440971],[82.894028,17.430695],[82.869858,17.423471],[82.848473,17.409309],[82.82486,17.39986],[82.802078,17.389313],[82.77903,17.379305],[82.755692,17.36903],[82.732933,17.35792],[82.710136,17.346531],[82.687653,17.335423],[82.665413,17.323195],[82.643471,17.31097],[82.621803,17.298195],[82.599297,17.286251],[82.578476,17.27236],[82.557083,17.259029],[82.535973,17.24542],[82.515419,17.230972],[82.494583,17.21681],[82.474586,17.201532],[82.455414,17.185417],[82.436531,17.169031],[82.417915,17.152082],[82.399017,17.135691],[82.380974,17.118195],[82.362076,17.10153],[82.344025,17.084028],[82.325966,17.066528],[82.309029,17.047916],[82.294586,17.027361],[82.284027,17.004581],[82.276253,16.98069],[82.269577,16.95653],[82.254028,16.936531],[82.250687,16.909309],[82.262077,16.886801],[82.284302,16.874861],[82.305138,16.86097],[82.331528,16.855417],[82.356247,16.859859],[82.361526,16.88542],[82.363197,16.910975],[82.36042,16.93597],[82.350975,16.959305],[82.33403,16.977921],[82.356247,16.966249],[82.361809,16.940416],[82.365143,16.915421],[82.364296,16.889299],[82.357918,16.859585],[82.354576,16.83375],[82.348747,16.809305],[82.34903,16.784306],[82.343193,16.758751],[82.334297,16.735142],[82.311249,16.724861],[82.299515,16.714333]]]]}},{"type":"Feature","properties":{"name":"Arunachal Pradesh"},"geometry":{"type":"Polygon","coordinates":[[[96.157776,29.383101],[96.175247,29.364531],[96.185112,29.3391],[96.183083,29.309252],[96.203239,29.293619],[96.226196,29.259809],[96.243568,29.235123],[96.282799,29.235331],[96.312607,29.2591],[96.345337,29.267351],[96.363152,29.285631],[96.387543,29.263821],[96.388672,29.236652],[96.371368,29.218031],[96.358498,29.181629],[96.332558,29.169531],[96.306412,29.16794],[96.272461,29.160681],[96.248901,29.150171],[96.217499,29.1381],[96.205032,29.114441],[96.185623,29.09462],[96.15554,29.085661],[96.124207,29.080669],[96.150391,29.053141],[96.165207,29.020109],[96.180229,28.999411],[96.180443,28.96854],[96.155167,28.955603],[96.155342,28.928329],[96.166527,28.90593],[96.204651,28.919161],[96.228149,28.929331],[96.255653,28.959251],[96.281868,28.98369],[96.301079,29.002241],[96.337288,29.024521],[96.368736,29.03495],[96.404411,29.03536],[96.435791,29.037588],[96.464928,29.052267],[96.491631,29.06584],[96.518623,29.078451],[96.511696,29.05261],[96.492813,29.02033],[96.477402,28.99404],[96.487526,28.96534],[96.513359,28.97032],[96.530296,28.93697],[96.536873,28.90966],[96.537453,28.884121],[96.55265,28.86409],[96.566978,28.841921],[96.584259,28.82152],[96.603836,28.80442],[96.615997,28.77858],[96.609436,28.753382],[96.585938,28.721588],[96.560013,28.711863],[96.532227,28.711498],[96.508026,28.70112],[96.484322,28.688299],[96.486816,28.65877],[96.48423,28.63154],[96.45826,28.613871],[96.435028,28.596991],[96.407356,28.594433],[96.406609,28.564041],[96.370796,28.564152],[96.343246,28.55106],[96.324303,28.53034],[96.352997,28.5149],[96.371712,28.496771],[96.34137,28.47002],[96.309639,28.4457],[96.284767,28.430771],[96.263771,28.41338],[96.299263,28.406651],[96.319878,28.38616],[96.361847,28.393751],[96.380013,28.364092],[96.399406,28.3445],[96.426987,28.36343],[96.431999,28.391731],[96.453827,28.415649],[96.479988,28.42461],[96.506287,28.420061],[96.533859,28.434641],[96.559532,28.45303],[96.598663,28.46623],[96.639183,28.46413],[96.664566,28.465771],[96.687347,28.44828],[96.716873,28.432949],[96.751053,28.421713],[96.767326,28.3897],[96.797089,28.370501],[96.826477,28.367203],[96.852219,28.368361],[96.880013,28.38279],[96.910286,28.371401],[96.925903,28.34503],[96.952766,28.339951],[96.97406,28.32369],[97.004288,28.31838],[97.027153,28.330061],[97.045326,28.354111],[97.0793,28.365089],[97.112793,28.35891],[97.138992,28.34437],[97.158806,28.326941],[97.169373,28.302252],[97.202736,28.295601],[97.22802,28.294453],[97.254433,28.276468],[97.282066,28.27626],[97.306328,28.263968],[97.333771,28.24778],[97.356888,28.2332],[97.381248,28.219469],[97.400566,28.2005],[97.372017,28.200399],[97.351837,28.18154],[97.330803,28.162971],[97.331703,28.135721],[97.327217,28.109461],[97.308113,28.085728],[97.331673,28.065363],[97.356758,28.06761],[97.377068,28.039091],[97.405617,28.030048],[97.38884,28.006201],[97.378151,27.981791],[97.375618,27.944389],[97.378563,27.918011],[97.371353,27.88693],[97.343521,27.89406],[97.323936,27.91186],[97.301743,27.92708],[97.256477,27.909531],[97.236771,27.889938],[97.21244,27.872],[97.193611,27.855202],[97.174446,27.838423],[97.15226,27.819201],[97.127876,27.801071],[97.102463,27.793421],[97.101196,27.767231],[97.067543,27.759722],[97.037361,27.752161],[97.013222,27.735361],[97.003227,27.71047],[96.984848,27.69099],[96.958656,27.67428],[96.935226,27.65984],[96.920303,27.632671],[96.897583,27.620802],[96.899223,27.59363],[96.914223,27.567291],[96.92865,27.542311],[96.933502,27.515711],[96.913857,27.488413],[96.91185,27.462709],[96.937027,27.43959],[96.965523,27.415359],[96.969009,27.386271],[96.985046,27.36261],[97.000267,27.33996],[97.016869,27.32008],[97.040329,27.307859],[97.056671,27.285641],[97.073669,27.261881],[97.09597,27.241211],[97.100502,27.214979],[97.123901,27.199871],[97.140312,27.177469],[97.167206,27.155479],[97.155907,27.126381],[97.146431,27.10284],[97.122337,27.11202],[97.089256,27.11384],[97.063019,27.111082],[97.042,27.131269],[97.020996,27.145451],[96.992561,27.161221],[96.96373,27.17259],[96.928017,27.175133],[96.902733,27.180779],[96.875633,27.19356],[96.863373,27.21924],[96.885201,27.232599],[96.887909,27.25939],[96.861717,27.272511],[96.851776,27.300411],[96.824867,27.320471],[96.808632,27.344921],[96.785316,27.35881],[96.759796,27.363291],[96.728447,27.372391],[96.699097,27.365561],[96.670158,27.372301],[96.639137,27.36924],[96.612541,27.36937],[96.600807,27.344631],[96.575439,27.329191],[96.550461,27.31472],[96.530746,27.29805],[96.505386,27.3076],[96.479179,27.308081],[96.452507,27.309801],[96.424957,27.306141],[96.391571,27.29458],[96.36412,27.300161],[96.335747,27.29594],[96.310837,27.30204],[96.282173,27.28602],[96.254211,27.280981],[96.227097,27.2806],[96.205856,27.26613],[96.182098,27.25425],[96.150406,27.24951],[96.114502,27.233311],[96.087311,27.218599],[96.057281,27.202791],[96.029793,27.18779],[96.016937,27.154791],[95.989586,27.125191],[95.973892,27.102013],[95.957123,27.06822],[95.936249,27.052992],[95.909233,27.0403],[95.877136,27.020498],[95.837967,27.01531],[95.807938,27.020451],[95.779648,26.98999],[95.76088,26.963989],[95.752548,26.930231],[95.745079,26.9009],[95.72113,26.883631],[95.698593,26.89521],[95.673363,26.910221],[95.654144,26.890451],[95.634132,26.87326],[95.62812,26.843849],[95.611519,26.821213],[95.584732,26.822771],[95.562698,26.83721],[95.532776,26.831209],[95.514801,26.8132],[95.502151,26.78274],[95.48349,26.75499],[95.458481,26.737711],[95.439758,26.717979],[95.423309,26.696712],[95.394638,26.691021],[95.371513,26.67931],[95.324417,26.669083],[95.302582,26.656021],[95.272026,26.662821],[95.260033,26.686352],[95.233696,26.6971],[95.228203,26.723848],[95.221367,26.75152],[95.233307,26.77372],[95.215118,26.79838],[95.203552,26.82132],[95.206413,26.846281],[95.184502,26.86483],[95.206429,26.877871],[95.233856,26.890841],[95.231956,26.917891],[95.214447,26.936951],[95.206757,26.962591],[95.195198,26.98999],[95.197617,27.01569],[95.195518,27.04295],[95.222633,27.040892],[95.24823,27.030252],[95.270973,27.045071],[95.287918,27.06632],[95.309677,27.081131],[95.335106,27.095921],[95.36647,27.11285],[95.396149,27.11447],[95.420273,27.130781],[95.44558,27.134291],[95.465851,27.1548],[95.463669,27.182121],[95.4589,27.20957],[95.480553,27.23234],[95.506279,27.25462],[95.529716,27.26907],[95.554161,27.25934],[95.5783,27.247141],[95.599167,27.22961],[95.634132,27.239811],[95.679207,27.25392],[95.715492,27.2591],[95.739929,27.26989],[95.784683,27.279131],[95.80629,27.29174],[95.837936,27.287071],[95.86544,27.276682],[95.887657,27.263321],[95.904533,27.28624],[95.940567,27.309589],[95.965569,27.321663],[95.993683,27.35144],[96.018356,27.367901],[96.002052,27.393499],[95.991226,27.419399],[95.967033,27.436661],[95.943001,27.44639],[95.916847,27.443159],[95.900101,27.411331],[95.890373,27.439671],[95.864906,27.429012],[95.859459,27.46261],[95.881256,27.487421],[95.881798,27.515091],[95.881439,27.545832],[95.852097,27.565651],[95.827728,27.581751],[95.816826,27.605438],[95.794296,27.62237],[95.801453,27.64901],[95.779221,27.66054],[95.794533,27.684191],[95.772667,27.699951],[95.758713,27.726681],[95.784798,27.73978],[95.788826,27.765053],[95.806366,27.783581],[95.823128,27.80925],[95.845993,27.830101],[95.873726,27.839802],[95.892097,27.85704],[95.911377,27.873018],[95.923927,27.896],[95.943512,27.91264],[95.95755,27.93708],[95.977463,27.9685],[95.825882,27.977371],[95.606743,27.957769],[95.580536,27.943562],[95.565048,27.92252],[95.542068,27.910742],[95.515953,27.881788],[95.384338,27.842022],[95.316559,27.87113],[95.236542,27.848351],[95.194862,27.83445],[95.051826,27.79023],[95.031219,27.774771],[94.997879,27.77655],[94.930031,27.756731],[94.883942,27.74206],[94.853577,27.731621],[94.839386,27.703541],[94.800217,27.69709],[94.776451,27.683378],[94.75592,27.666519],[94.727676,27.66786],[94.698082,27.667101],[94.675743,27.650652],[94.648422,27.642071],[94.624977,27.630119],[94.600609,27.621931],[94.573532,27.60697],[94.546417,27.603533],[94.515663,27.58473],[94.490967,27.575493],[94.45974,27.557711],[94.442383,27.57946],[94.431038,27.603081],[94.403183,27.587191],[94.375839,27.584578],[94.348846,27.579451],[94.323738,27.58717],[94.301643,27.59988],[94.276031,27.593349],[94.254089,27.613701],[94.252228,27.64093],[94.22596,27.61799],[94.221443,27.587912],[94.240601,27.570351],[94.256866,27.540501],[94.221672,27.50703],[94.195229,27.497459],[94.167931,27.484188],[94.154457,27.460461],[94.123337,27.43498],[94.099922,27.413919],[94.072449,27.383013],[94.054832,27.362831],[94.030083,27.347992],[94.000008,27.334709],[93.980949,27.313768],[93.95652,27.29476],[93.938911,27.273279],[93.9189,27.257141],[93.892982,27.23097],[93.867447,27.198841],[93.847168,27.179781],[93.817017,27.158241],[93.801437,27.137911],[93.821953,27.12203],[93.831322,27.09244],[93.822876,27.068321],[93.797096,27.070883],[93.77916,27.053343],[93.746429,27.03241],[93.718933,27.01922],[93.700951,26.997103],[93.675781,26.971071],[93.640167,26.964781],[93.595833,26.955181],[93.570793,26.954123],[93.545486,26.95174],[93.489357,26.93853],[93.463837,26.943541],[93.436661,26.956091],[93.390732,26.96003],[93.347939,26.963242],[93.266853,26.956001],[93.222389,26.949141],[93.18428,26.93874],[93.108963,26.92728],[93.076363,26.919941],[93.038208,26.917881],[92.997437,26.930349],[92.972977,26.940821],[92.93277,26.95694],[92.916679,26.984652],[92.890289,26.999821],[92.836586,27.01355],[92.785271,27.03068],[92.727509,27.0284],[92.702316,27.02758],[92.658928,27.038521],[92.639099,27.018539],[92.645462,26.98745],[92.585213,26.961863],[92.553612,26.95907],[92.515442,26.96442],[92.483757,26.964741],[92.446167,26.96064],[92.425766,26.943468],[92.399757,26.926271],[92.367287,26.931551],[92.320053,26.928381],[92.300537,26.90814],[92.267868,26.905083],[92.209351,26.896891],[92.17717,26.892481],[92.147926,26.890888],[92.120369,26.890301],[92.113602,26.91954],[92.111946,26.949369],[92.113243,26.975731],[92.103287,27.00775],[92.079803,27.020609],[92.070618,27.045408],[92.044907,27.05197],[92.032936,27.074812],[92.022491,27.108156],[92.034416,27.13253],[92.023376,27.162334],[92.041008,27.18132],[92.057259,27.203081],[92.068329,27.23418],[92.049675,27.256596],[92.070023,27.277361],[92.095039,27.273041],[92.119789,27.280699],[92.102631,27.301447],[92.077988,27.310289],[92.058792,27.3272],[92.048393,27.35829],[92.049896,27.390091],[92.04393,27.425344],[92.023918,27.441591],[92.019806,27.468121],[91.989128,27.474289],[91.954651,27.461426],[91.922737,27.47135],[91.890968,27.47324],[91.863029,27.482071],[91.828476,27.468981],[91.788643,27.46921],[91.762787,27.466429],[91.733276,27.47023],[91.71064,27.491249],[91.683617,27.502411],[91.661087,27.486662],[91.638878,27.503651],[91.615959,27.52239],[91.594421,27.539553],[91.581497,27.562321],[91.562004,27.584209],[91.576126,27.608311],[91.557739,27.633467],[91.589729,27.671816],[91.602486,27.694973],[91.623352,27.71534],[91.629616,27.74699],[91.630142,27.777418],[91.619263,27.808281],[91.584152,27.818773],[91.556091,27.831326],[91.543892,27.855555],[91.569733,27.86072],[91.599281,27.859308],[91.626587,27.855829],[91.65406,27.857061],[91.679596,27.844139],[91.694122,27.82213],[91.721153,27.810499],[91.746277,27.80335],[91.778702,27.803061],[91.804123,27.808889],[91.828903,27.796671],[91.8452,27.77566],[91.857597,27.74229],[91.878647,27.72184],[91.908379,27.726311],[91.934021,27.721569],[91.955589,27.750669],[91.978943,27.76473],[92.010742,27.76473],[92.037773,27.7572],[92.067627,27.76787],[92.09922,27.793381],[92.119957,27.8106],[92.156097,27.837021],[92.189346,27.852051],[92.234192,27.86265],[92.264023,27.857931],[92.277412,27.82519],[92.307388,27.77924],[92.350281,27.790661],[92.379837,27.795019],[92.39798,27.820471],[92.427368,27.81201],[92.454933,27.803263],[92.476723,27.821529],[92.501328,27.841501],[92.526367,27.831131],[92.554253,27.818298],[92.576241,27.84181],[92.605072,27.877508],[92.631592,27.887291],[92.669212,27.900131],[92.686363,27.919481],[92.713852,27.94928],[92.729797,27.97192],[92.727791,28.00148],[92.709541,28.033279],[92.681252,28.058578],[92.673119,28.096701],[92.684906,28.123425],[92.720901,28.144979],[92.744247,28.156973],[92.783028,28.183741],[92.807549,28.204079],[92.818619,28.181597],[92.84729,28.182821],[92.872757,28.194389],[92.905327,28.21524],[92.92289,28.24258],[92.955521,28.258329],[92.985962,28.25131],[93.000359,28.230791],[93.02034,28.252298],[93.025658,28.28664],[93.045921,28.3025],[93.072037,28.309259],[93.110687,28.314791],[93.136467,28.32489],[93.179787,28.317211],[93.206932,28.323271],[93.220299,28.35549],[93.231522,28.400711],[93.204613,28.419279],[93.181068,28.432741],[93.200882,28.448992],[93.22245,28.47028],[93.25396,28.49155],[93.275917,28.504829],[93.28891,28.543411],[93.305267,28.566259],[93.297539,28.59203],[93.31958,28.60701],[93.332306,28.63368],[93.361771,28.640829],[93.389679,28.649469],[93.429802,28.66231],[93.456749,28.668421],[93.483597,28.680092],[93.509209,28.67984],[93.533836,28.65885],[93.561272,28.659611],[93.606987,28.655878],[93.634872,28.66102],[93.669426,28.671961],[93.699646,28.67993],[93.725029,28.688219],[93.761276,28.674608],[93.797363,28.680271],[93.818787,28.694891],[93.84404,28.70739],[93.904129,28.676661],[93.934563,28.677099],[93.95697,28.704679],[93.965111,28.74299],[93.990356,28.765631],[93.985268,28.79829],[93.999977,28.819771],[94.002853,28.847021],[94.030067,28.853451],[94.056946,28.886429],[94.078842,28.905821],[94.120468,28.930281],[94.155136,28.954762],[94.166771,28.981161],[94.171928,29.007002],[94.18499,29.039122],[94.198997,29.060108],[94.214691,29.084089],[94.23806,29.100458],[94.257683,29.116791],[94.277557,29.135391],[94.297577,29.150551],[94.331329,29.15029],[94.356926,29.15259],[94.370087,29.181761],[94.397079,29.203831],[94.425743,29.22356],[94.454659,29.22397],[94.494461,29.216673],[94.533066,29.218719],[94.557899,29.22891],[94.572083,29.25057],[94.577759,29.280769],[94.60537,29.296989],[94.621086,29.322531],[94.628159,29.348591],[94.665977,29.331779],[94.690956,29.316711],[94.715866,29.300133],[94.736633,29.281981],[94.766533,29.25279],[94.782768,29.233191],[94.797897,29.20999],[94.79287,29.180361],[94.82029,29.170959],[94.846588,29.182991],[94.871803,29.18429],[94.90696,29.166521],[94.93824,29.160978],[94.96769,29.159752],[94.995102,29.140961],[95.022797,29.130621],[95.004219,29.157711],[95.029228,29.15728],[95.05368,29.150185],[95.092117,29.144358],[95.113533,29.121201],[95.145927,29.11561],[95.177521,29.10858],[95.202896,29.107857],[95.240479,29.11071],[95.251373,29.085739],[95.266556,29.05765],[95.297501,29.06319],[95.331123,29.051451],[95.373871,29.04129],[95.399963,29.0354],[95.429359,29.041281],[95.454338,29.036991],[95.470207,29.0609],[95.48909,29.089741],[95.491867,29.12368],[95.513817,29.13892],[95.538277,29.130569],[95.546799,29.15871],[95.541557,29.19698],[95.560356,29.216532],[95.5858,29.217993],[95.593033,29.25423],[95.620621,29.25495],[95.652283,29.26049],[95.683151,29.277281],[95.701897,29.300421],[95.727051,29.302469],[95.745407,29.329121],[95.765099,29.344591],[95.791023,29.337898],[95.819252,29.352051],[95.848259,29.35866],[95.875237,29.38558],[95.909592,29.38809],[95.935379,29.384251],[95.965897,29.38739],[95.98719,29.406872],[96.014526,29.42135],[96.034721,29.442989],[96.055603,29.45841],[96.080536,29.463345],[96.101181,29.445311],[96.123947,29.41762],[96.149986,29.39926],[96.157776,29.383101]]]}},{"type":"Feature","properties":{"name":"Assam"},"geometry":{"type":"MultiPolygon","coordinates":[[[[89.871452,25.537298],[89.875587,25.50547],[89.871758,25.478901],[89.857918,25.500441],[89.859207,25.527361],[89.871452,25.537298]],[[89.871452,25.537298],[89.871452,25.537298]],[[95.952316,27.941841],[95.943512,27.91264],[95.923927,27.896],[95.911377,27.873018],[95.892097,27.85704],[95.873726,27.839802],[95.845993,27.830101],[95.823128,27.80925],[95.806366,27.783581],[95.788826,27.765053],[95.784798,27.73978],[95.758217,27.73111],[95.773361,27.705351],[95.796471,27.688061],[95.777847,27.66626],[95.801453,27.64901],[95.785042,27.627399],[95.809608,27.60527],[95.821243,27.58172],[95.846016,27.567991],[95.86702,27.5511],[95.880806,27.522511],[95.879158,27.49267],[95.866066,27.469023],[95.852913,27.444759],[95.867332,27.41715],[95.882591,27.44408],[95.894379,27.418289],[95.911171,27.43996],[95.943001,27.44639],[95.961052,27.428711],[95.989456,27.421721],[96.000069,27.39757],[96.014946,27.37546],[95.994873,27.360241],[95.977341,27.3423],[95.963219,27.317068],[95.918747,27.299223],[95.901161,27.276388],[95.877602,27.267408],[95.861923,27.29003],[95.810196,27.28092],[95.784683,27.279131],[95.757011,27.274351],[95.73188,27.266541],[95.701881,27.25564],[95.637001,27.23691],[95.607353,27.231373],[95.577881,27.242151],[95.554161,27.25934],[95.529716,27.26907],[95.506279,27.25462],[95.480553,27.23234],[95.459709,27.21343],[95.467117,27.185551],[95.4599,27.160419],[95.4534,27.13588],[95.420273,27.130781],[95.396149,27.11447],[95.372673,27.101671],[95.335106,27.095921],[95.309677,27.081131],[95.287918,27.06632],[95.270973,27.045071],[95.24823,27.030252],[95.225983,27.042259],[95.200943,27.04233],[95.154503,27.006041],[95.126381,26.98691],[95.110046,26.966909],[95.086861,26.952742],[95.054649,26.94088],[95.028557,26.93251],[94.999466,26.92429],[94.974258,26.927603],[94.94709,26.940201],[94.923767,26.950331],[94.89447,26.93733],[94.869637,26.915009],[94.853348,26.88534],[94.83226,26.862711],[94.816696,26.841471],[94.796646,26.81852],[94.773087,26.794962],[94.756371,26.772268],[94.73188,26.764009],[94.696877,26.739691],[94.665138,26.72776],[94.640289,26.72397],[94.611946,26.732651],[94.595016,26.71236],[94.571503,26.696222],[94.550369,26.710171],[94.522728,26.704369],[94.507141,26.68298],[94.467941,26.669821],[94.461662,26.643841],[94.434486,26.62538],[94.409882,26.61644],[94.414848,26.583281],[94.408966,26.557131],[94.399452,26.53232],[94.378067,26.51716],[94.351112,26.508621],[94.336937,26.484819],[94.316513,26.462931],[94.293922,26.480742],[94.287239,26.50852],[94.285622,26.534092],[94.28891,26.5599],[94.262573,26.543949],[94.244827,26.51692],[94.223618,26.50057],[94.201118,26.4699],[94.175758,26.431801],[94.176941,26.399561],[94.175491,26.374451],[94.175507,26.344219],[94.149323,26.339081],[94.12397,26.335911],[94.102676,26.308691],[94.084442,26.288601],[94.070473,26.260031],[94.04422,26.239969],[94.036819,26.209721],[94.013,26.186281],[93.999657,26.158241],[93.990753,26.133871],[94.002167,26.11138],[93.986427,26.088301],[93.980812,26.058632],[93.963127,26.033352],[93.954887,26.00733],[93.958046,25.981571],[93.970848,25.95326],[93.982681,25.92627],[93.960754,25.905855],[93.934631,25.89143],[93.90184,25.871031],[93.882736,25.845909],[93.851707,25.86297],[93.824303,25.847092],[93.811577,25.82127],[93.787346,25.827963],[93.783592,25.85393],[93.787453,25.878929],[93.798111,25.906288],[93.793213,25.930981],[93.785187,25.9583],[93.75885,25.94869],[93.73645,25.930538],[93.712509,25.92267],[93.687683,25.909441],[93.706436,25.853291],[93.682503,25.8407],[93.660828,25.824381],[93.636116,25.813681],[93.623817,25.790428],[93.605713,25.772631],[93.583771,25.75775],[93.561943,25.74095],[93.546196,25.721519],[93.531494,25.694006],[93.510193,25.671021],[93.490196,25.65597],[93.465569,25.644192],[93.441521,25.634781],[93.418297,25.621059],[93.406837,25.596479],[93.382401,25.584751],[93.365982,25.563261],[93.341263,25.554859],[93.354179,25.531191],[93.366898,25.50787],[93.3871,25.490311],[93.39592,25.464121],[93.42202,25.4548],[93.456871,25.44195],[93.465408,25.415871],[93.477287,25.386009],[93.466263,25.361731],[93.461937,25.33659],[93.474022,25.30928],[93.451973,25.294748],[93.42643,25.281061],[93.406342,25.26408],[93.388718,25.24592],[93.379501,25.220791],[93.362221,25.195608],[93.349152,25.166731],[93.346863,25.137701],[93.339172,25.106409],[93.312721,25.077959],[93.304596,25.047993],[93.268181,25.049681],[93.258369,25.0252],[93.255623,24.99971],[93.252907,24.97263],[93.251106,24.946348],[93.253258,24.918831],[93.233383,24.898691],[93.224808,24.874781],[93.205841,24.855261],[93.193001,24.826321],[93.180176,24.80242],[93.157242,24.792311],[93.137062,24.81109],[93.111221,24.812262],[93.105629,24.784601],[93.100029,24.75444],[93.09729,24.72805],[93.075867,24.71039],[93.093193,24.687853],[93.097633,24.662762],[93.089302,24.63389],[93.076782,24.603771],[93.098663,24.591343],[93.078453,24.574911],[93.065536,24.54727],[93.052826,24.52467],[93.035767,24.496948],[93.048256,24.463961],[93.03215,24.42886],[93.015991,24.402531],[92.988327,24.40765],[92.960327,24.395882],[92.92765,24.398628],[92.900978,24.393431],[92.873863,24.397251],[92.849091,24.386131],[92.824791,24.404181],[92.803703,24.418791],[92.793907,24.44404],[92.784378,24.471203],[92.765198,24.520849],[92.751328,24.49437],[92.730537,24.452751],[92.71814,24.41622],[92.70742,24.39241],[92.695007,24.36957],[92.679642,24.34778],[92.652397,24.335291],[92.626167,24.334473],[92.619637,24.30846],[92.619041,24.281321],[92.613083,24.255838],[92.588013,24.244862],[92.558937,24.24789],[92.547386,24.224409],[92.5364,24.1999],[92.529663,24.174801],[92.504883,24.167311],[92.481186,24.15708],[92.466827,24.13504],[92.443886,24.153099],[92.434196,24.181381],[92.419716,24.202471],[92.420052,24.235203],[92.395706,24.252529],[92.314072,24.252602],[92.284782,24.252041],[92.259583,24.25042],[92.212852,24.24931],[92.264076,24.36216],[92.27269,24.3862],[92.262711,24.409821],[92.2565,24.4363],[92.235939,24.453781],[92.230293,24.48004],[92.231148,24.509378],[92.233383,24.541271],[92.235077,24.570421],[92.239319,24.6],[92.249527,24.629539],[92.250908,24.657089],[92.2593,24.680862],[92.27726,24.70653],[92.293678,24.72858],[92.288193,24.754761],[92.293106,24.783602],[92.281441,24.81436],[92.262726,24.832651],[92.24411,24.849373],[92.250023,24.874571],[92.240517,24.899191],[92.267662,24.90576],[92.298378,24.92005],[92.319252,24.901001],[92.34063,24.886251],[92.365463,24.881701],[92.388832,24.861551],[92.416451,24.862843],[92.447006,24.862921],[92.473717,24.87347],[92.500076,24.882481],[92.502426,24.90929],[92.493462,24.935921],[92.468681,24.94244],[92.467117,24.96858],[92.440033,24.966801],[92.423637,24.996099],[92.431,25.02162],[92.446533,25.042042],[92.467506,25.061371],[92.480179,25.08584],[92.499107,25.108149],[92.526512,25.10585],[92.524666,25.14003],[92.553169,25.130711],[92.579033,25.13201],[92.603149,25.12499],[92.629967,25.125031],[92.644051,25.151171],[92.662979,25.172991],[92.687622,25.18232],[92.716217,25.194159],[92.742027,25.203091],[92.767647,25.20476],[92.792892,25.212353],[92.77224,25.233259],[92.776703,25.260538],[92.792221,25.285181],[92.784737,25.311529],[92.772453,25.339611],[92.750099,25.35438],[92.737053,25.38125],[92.709732,25.38612],[92.688171,25.404421],[92.660103,25.41036],[92.654282,25.435341],[92.628517,25.430611],[92.605293,25.441912],[92.59816,25.471651],[92.57148,25.464071],[92.575592,25.490431],[92.605591,25.50812],[92.627609,25.522211],[92.644966,25.5466],[92.660652,25.570318],[92.648338,25.59235],[92.630569,25.570669],[92.603493,25.561083],[92.576103,25.55965],[92.560928,25.582731],[92.558617,25.608952],[92.533249,25.61595],[92.501709,25.622931],[92.488289,25.64999],[92.474663,25.673311],[92.451286,25.686611],[92.431526,25.70425],[92.433167,25.731453],[92.410736,25.74313],[92.384956,25.744751],[92.351799,25.734871],[92.31768,25.723791],[92.287979,25.7159],[92.260849,25.71034],[92.234756,25.70882],[92.21064,25.695921],[92.18792,25.683432],[92.164459,25.669319],[92.161453,25.69598],[92.151016,25.71937],[92.164841,25.744751],[92.154106,25.772921],[92.153107,25.81275],[92.169342,25.83534],[92.180786,25.863211],[92.203323,25.890091],[92.225479,25.907049],[92.197731,25.911251],[92.163696,25.911791],[92.157516,25.93928],[92.16555,25.964439],[92.19162,25.985203],[92.215202,25.996271],[92.255722,26.028933],[92.301582,26.07649],[92.273689,26.06502],[92.241173,26.06254],[92.21611,26.0693],[92.189369,26.066881],[92.154678,26.06806],[92.133118,26.045891],[92.093361,26.048521],[92.070457,26.037849],[92.039612,26.036221],[92.008179,26.03945],[91.98423,26.03054],[91.957817,26.01889],[91.926811,26.00161],[91.911652,26.02383],[91.883232,26.030001],[91.870163,26.052191],[91.875237,26.08456],[91.853836,26.10479],[91.826553,26.118141],[91.801788,26.10494],[91.784576,26.08658],[91.759483,26.071293],[91.731262,26.05921],[91.723183,26.030321],[91.721169,26.001841],[91.721626,25.965078],[91.700912,25.941891],[91.686417,25.921249],[91.661942,25.90988],[91.632828,25.92577],[91.611153,25.93992],[91.634087,25.960501],[91.624718,25.985903],[91.632103,26.01396],[91.601868,26.022631],[91.575836,26.03311],[91.565132,26.007509],[91.551262,25.974899],[91.525848,25.961321],[91.501633,25.920761],[91.535896,25.934002],[91.508537,25.90976],[91.483383,25.89106],[91.49369,25.865528],[91.51725,25.874672],[91.48304,25.8629],[91.454956,25.851313],[91.424301,25.853559],[91.388519,25.8473],[91.363701,25.84049],[91.336426,25.838409],[91.306328,25.79637],[91.287292,25.764111],[91.262283,25.74929],[91.232498,25.729158],[91.197998,25.73098],[91.189178,25.76347],[91.184746,25.795031],[91.189873,25.82078],[91.198662,25.847639],[91.16819,25.845631],[91.137909,25.842131],[91.081352,25.829342],[91.049881,25.828899],[91.072998,25.84248],[91.041969,25.839401],[91.020813,25.82262],[91.012741,25.848841],[91.029106,25.87985],[91.001328,25.88649],[90.975388,25.88945],[90.96064,25.927698],[90.942749,25.947571],[90.915878,25.943161],[90.919113,25.913311],[90.895378,25.931511],[90.875237,25.94912],[90.843239,25.944811],[90.809891,25.95216],[90.781677,25.921249],[90.757721,25.911072],[90.744133,25.932791],[90.72068,25.949171],[90.686043,25.950809],[90.653992,25.929663],[90.627327,25.91699],[90.605392,25.946951],[90.582458,25.959791],[90.56324,25.93557],[90.539177,25.915461],[90.518013,25.896481],[90.526161,25.92828],[90.534462,25.958021],[90.513557,25.98237],[90.497932,26.003651],[90.470901,26.0126],[90.447113,25.996531],[90.417427,25.99234],[90.397293,26.01223],[90.36499,26.010321],[90.339317,25.996861],[90.324341,25.97438],[90.286583,25.9639],[90.227371,25.955139],[90.193962,25.957001],[90.168488,25.95738],[90.14003,25.958139],[90.113777,25.957439],[90.096123,25.93952],[90.079453,25.919279],[90.055077,25.908091],[90.034508,25.893511],[90.004738,25.878681],[90.01152,25.84967],[89.990807,25.83551],[89.95887,25.826569],[89.950813,25.791981],[89.946686,25.764721],[89.92794,25.74135],[89.899086,25.744051],[89.904877,25.714781],[89.921127,25.694422],[89.941727,25.67812],[89.980438,25.637569],[90.004539,25.623821],[90.017296,25.602192],[89.995361,25.586349],[89.972809,25.57461],[89.941643,25.567621],[89.904411,25.5595],[89.877586,25.548931],[89.878746,25.574739],[89.88504,25.60305],[89.885208,25.629829],[89.876183,25.65379],[89.862236,25.67454],[89.856018,25.70261],[89.834686,25.717451],[89.838158,25.742968],[89.843567,25.76824],[89.834633,25.791861],[89.821083,25.81436],[89.830902,25.83762],[89.83783,25.86252],[89.850647,25.88658],[89.869598,25.90873],[89.886406,25.934212],[89.860733,25.940599],[89.835411,25.941401],[89.844017,25.966101],[89.868973,25.96837],[89.850327,25.992401],[89.82637,25.982191],[89.82608,26.009081],[89.815392,26.03772],[89.798607,26.018211],[89.779007,26.034439],[89.793991,26.056198],[89.798653,26.08098],[89.787041,26.105247],[89.761047,26.106911],[89.769356,26.132023],[89.750923,26.155611],[89.724487,26.154659],[89.70652,26.17313],[89.718102,26.196798],[89.697548,26.215942],[89.718178,26.231621],[89.71537,26.256491],[89.737457,26.271101],[89.717056,26.293053],[89.742348,26.29521],[89.750542,26.321461],[89.777748,26.327761],[89.782013,26.353279],[89.809853,26.366501],[89.830986,26.38203],[89.857292,26.38446],[89.830589,26.3902],[89.849808,26.414209],[89.857689,26.438122],[89.870621,26.45989],[89.852692,26.48778],[89.8535,26.517233],[89.86142,26.543188],[89.864998,26.570271],[89.872116,26.594709],[89.859001,26.61721],[89.873672,26.643511],[89.869339,26.67095],[89.861412,26.70035],[89.858398,26.73123],[89.889397,26.724388],[89.920837,26.722601],[89.947502,26.723141],[89.984657,26.72677],[90.019684,26.730532],[90.045189,26.72904],[90.077637,26.735203],[90.114334,26.745083],[90.146103,26.754892],[90.173454,26.765062],[90.185295,26.787205],[90.186951,26.81439],[90.204468,26.84358],[90.226189,26.85824],[90.252907,26.85701],[90.290398,26.848471],[90.340927,26.872122],[90.355103,26.89609],[90.380127,26.899237],[90.409454,26.901897],[90.441086,26.882872],[90.461708,26.867226],[90.483147,26.853081],[90.513763,26.83326],[90.538849,26.816292],[90.559937,26.801018],[90.588982,26.798502],[90.61499,26.795094],[90.649101,26.774281],[90.679382,26.780243],[90.712273,26.767578],[90.737015,26.773088],[90.762375,26.773558],[90.802147,26.77405],[90.836853,26.776711],[90.87072,26.779621],[90.896919,26.778637],[90.926964,26.782112],[90.954758,26.78384],[90.987381,26.787531],[91.013817,26.78544],[91.041496,26.779037],[91.075592,26.800493],[91.096596,26.819803],[91.129738,26.808479],[91.180336,26.811449],[91.217255,26.808893],[91.249123,26.806295],[91.276863,26.796865],[91.30999,26.783331],[91.336319,26.779652],[91.359642,26.789478],[91.38475,26.80933],[91.401749,26.834684],[91.436607,26.817263],[91.467773,26.797998],[91.492767,26.789764],[91.530937,26.795824],[91.560204,26.799887],[91.590767,26.80477],[91.623802,26.821323],[91.653587,26.81509],[91.679283,26.804749],[91.704201,26.811859],[91.757896,26.828814],[91.801971,26.85206],[91.831848,26.876389],[91.853462,26.912291],[91.883461,26.916201],[91.909317,26.910351],[91.942017,26.894871],[91.969841,26.870522],[91.994171,26.855251],[92.029076,26.849964],[92.055191,26.848053],[92.082466,26.86212],[92.09864,26.881878],[92.124191,26.889761],[92.162399,26.89266],[92.194847,26.891001],[92.254562,26.91223],[92.281487,26.904148],[92.302856,26.92421],[92.346779,26.93346],[92.399757,26.926271],[92.425766,26.943468],[92.446167,26.96064],[92.483757,26.964741],[92.515442,26.96442],[92.553612,26.95907],[92.585213,26.961863],[92.645462,26.98745],[92.639099,27.018539],[92.657021,27.03759],[92.682388,27.03174],[92.713676,27.026091],[92.769096,27.033041],[92.824417,27.01848],[92.872437,27.0077],[92.899773,26.996262],[92.914948,26.969761],[92.951363,26.94891],[92.980698,26.935621],[93.019371,26.91683],[93.060173,26.921181],[93.091873,26.915541],[93.18428,26.93874],[93.222389,26.949141],[93.266853,26.956001],[93.347939,26.963242],[93.374237,26.960381],[93.436661,26.956091],[93.463837,26.943541],[93.489357,26.93853],[93.525841,26.948631],[93.570793,26.954123],[93.595833,26.955181],[93.624496,26.964211],[93.655113,26.966478],[93.696556,26.992378],[93.718933,27.01922],[93.742577,27.029713],[93.768478,27.043291],[93.782272,27.0669],[93.808548,27.062571],[93.8321,27.072868],[93.826637,27.09938],[93.814957,27.122608],[93.806808,27.147209],[93.82666,27.169371],[93.85746,27.191101],[93.885612,27.224382],[93.9189,27.257141],[93.938911,27.273279],[93.95652,27.29476],[93.980949,27.313768],[94.000687,27.330139],[94.025833,27.3477],[94.048317,27.358749],[94.068649,27.374401],[94.086349,27.40456],[94.117081,27.430971],[94.140808,27.44846],[94.160202,27.466471],[94.186897,27.49081],[94.212326,27.49795],[94.259056,27.5226],[94.255737,27.55076],[94.234146,27.571461],[94.225311,27.59524],[94.235077,27.632511],[94.262787,27.636021],[94.261887,27.6101],[94.287659,27.591791],[94.31971,27.590052],[94.345078,27.584591],[94.372307,27.579269],[94.403183,27.587191],[94.431038,27.603081],[94.442383,27.57946],[94.45974,27.557711],[94.479156,27.57699],[94.509407,27.58407],[94.531731,27.59693],[94.556122,27.603239],[94.581856,27.61668],[94.609383,27.622631],[94.634453,27.628771],[94.664642,27.64786],[94.689407,27.667191],[94.716637,27.66165],[94.742668,27.663422],[94.766937,27.68014],[94.790993,27.68885],[94.818031,27.69684],[94.848793,27.710682],[94.860718,27.733381],[94.930031,27.756731],[94.987038,27.770851],[95.01915,27.772499],[95.048866,27.786461],[95.194862,27.83445],[95.236542,27.848351],[95.292549,27.86499],[95.384338,27.842022],[95.515953,27.881788],[95.53302,27.900431],[95.565048,27.92252],[95.580536,27.943562],[95.606743,27.957769],[95.825882,27.977371],[95.956886,27.96913],[95.952316,27.941841]]]]}},{"type":"Feature","properties":{"name":"Bihar"},"geometry":{"type":"MultiPolygon","coordinates":[[[[88.105476,26.53904],[88.105476,26.53904]],[[84.11972,27.513521],[84.145897,27.516897],[84.150993,27.488811],[84.173721,27.475561],[84.201714,27.471916],[84.208817,27.446415],[84.232544,27.454718],[84.260307,27.44655],[84.275742,27.42112],[84.27874,27.395233],[84.306831,27.387651],[84.330818,27.380116],[84.359077,27.373529],[84.389717,27.372118],[84.416214,27.370516],[84.443314,27.370016],[84.466896,27.359566],[84.504547,27.355589],[84.535706,27.349884],[84.567184,27.347263],[84.603722,27.33844],[84.645218,27.306015],[84.68412,27.236416],[84.689468,27.208822],[84.683014,27.183733],[84.688683,27.158642],[84.680641,27.13488],[84.672104,27.109911],[84.66362,27.084915],[84.646515,27.064816],[84.661232,27.040039],[84.703636,27.026762],[84.725136,27.013464],[84.754463,27.004698],[84.78466,27.013962],[84.809715,27.007515],[84.831886,27.019304],[84.856865,27.007996],[84.868423,26.983515],[84.892784,26.974419],[84.919373,26.968725],[84.945717,26.963615],[84.971779,26.951866],[84.974052,26.925852],[84.99678,26.912613],[85.021919,26.892815],[85.054291,26.888996],[85.031609,26.875017],[85.04612,26.850716],[85.077606,26.856312],[85.101685,26.870798],[85.126854,26.87027],[85.156013,26.870316],[85.186897,26.869509],[85.193619,26.843815],[85.17923,26.814888],[85.195099,26.790796],[85.208298,26.761051],[85.234116,26.763216],[85.259117,26.758915],[85.285767,26.753656],[85.320107,26.748899],[85.357193,26.760195],[85.386139,26.774019],[85.40802,26.789026],[85.434738,26.789896],[85.460617,26.784115],[85.481209,26.799532],[85.503883,26.81374],[85.532295,26.824566],[85.555626,26.834028],[85.574295,26.85663],[85.602119,26.853817],[85.626221,26.873415],[85.644615,26.852915],[85.682541,26.84296],[85.72332,26.820015],[85.736717,26.795616],[85.735725,26.76964],[85.736351,26.737204],[85.727142,26.709362],[85.726936,26.683867],[85.737206,26.657187],[85.755325,26.637548],[85.802216,26.624363],[85.818321,26.603819],[85.853317,26.609516],[85.850693,26.576534],[85.878014,26.580915],[85.902725,26.594543],[85.924118,26.609715],[85.95034,26.61322],[85.955521,26.638113],[85.975456,26.654558],[86.002174,26.654562],[86.030739,26.666422],[86.05722,26.659515],[86.090019,26.643015],[86.119972,26.630434],[86.143219,26.616409],[86.169319,26.613924],[86.19455,26.614422],[86.210617,26.592716],[86.236816,26.590416],[86.250099,26.612061],[86.277931,26.617031],[86.308006,26.618647],[86.346565,26.615904],[86.387459,26.596655],[86.432655,26.572666],[86.457886,26.567818],[86.488327,26.549427],[86.518166,26.538849],[86.54422,26.538115],[86.563316,26.509315],[86.589767,26.493307],[86.614708,26.486118],[86.631798,26.467609],[86.679176,26.453684],[86.702156,26.437265],[86.72818,26.425402],[86.752419,26.441015],[86.770203,26.458874],[86.803238,26.447149],[86.829346,26.440374],[86.854195,26.447273],[86.878426,26.455227],[86.895821,26.473372],[86.932228,26.489317],[86.935097,26.516493],[86.96183,26.520006],[86.993217,26.522837],[87.017715,26.531815],[87.035881,26.556597],[87.04731,26.586956],[87.07428,26.585466],[87.075119,26.541615],[87.08812,26.485292],[87.093918,26.450016],[87.13015,26.423025],[87.163712,26.404417],[87.191475,26.405109],[87.216675,26.40799],[87.247612,26.413988],[87.268112,26.39082],[87.286118,26.373077],[87.314827,26.371073],[87.338257,26.351471],[87.355904,26.371836],[87.364082,26.39657],[87.385139,26.413029],[87.414337,26.42153],[87.445511,26.432741],[87.487129,26.436983],[87.518929,26.43062],[87.550018,26.418215],[87.573616,26.396816],[87.608414,26.380602],[87.630386,26.393469],[87.652771,26.405518],[87.680817,26.415443],[87.70858,26.427391],[87.72979,26.410273],[87.755699,26.408945],[87.778786,26.421549],[87.779129,26.447397],[87.792213,26.468916],[87.817856,26.459614],[87.844307,26.437429],[87.865128,26.452631],[87.888145,26.476229],[87.912102,26.457449],[87.919121,26.430716],[87.968315,26.396816],[87.993286,26.392471],[87.999985,26.365013],[88.032555,26.364632],[88.037155,26.391724],[88.058151,26.405518],[88.081116,26.419815],[88.099014,26.443048],[88.106247,26.467903],[88.102921,26.494116],[88.105904,26.520128],[88.132179,26.512581],[88.15744,26.518742],[88.179626,26.534491],[88.204941,26.537251],[88.231201,26.551983],[88.225822,26.52664],[88.20636,26.510061],[88.179207,26.49398],[88.193756,26.472021],[88.226227,26.476252],[88.228973,26.447151],[88.252197,26.43379],[88.235817,26.39617],[88.251266,26.375858],[88.281898,26.36013],[88.27626,26.332493],[88.248199,26.326538],[88.226906,26.30397],[88.214256,26.281681],[88.189369,26.275101],[88.167061,26.2572],[88.140648,26.24964],[88.126129,26.226919],[88.102463,26.21225],[88.081627,26.19235],[88.058647,26.173759],[88.032333,26.173519],[88.011742,26.154791],[87.982109,26.15918],[87.967842,26.13183],[87.954948,26.105682],[87.972191,26.08485],[87.943008,26.08469],[87.916527,26.079699],[87.889282,26.0751],[87.863251,26.056101],[87.841263,26.041208],[87.833336,26.001093],[87.82988,25.97188],[87.823906,25.946451],[87.805733,25.928431],[87.816803,25.904871],[87.822838,25.871468],[87.850433,25.867071],[87.878746,25.858459],[87.904831,25.853088],[87.889359,25.832802],[87.910507,25.81481],[87.900948,25.78031],[87.928627,25.767851],[87.944153,25.743813],[87.960999,25.724682],[87.987793,25.723671],[88.006767,25.706511],[88.032196,25.69647],[88.043137,25.673889],[88.045372,25.648109],[88.036942,25.622009],[88.035652,25.596981],[88.025269,25.569092],[88.03788,25.546181],[88.058121,25.528709],[88.066429,25.505039],[88.049477,25.486151],[88.020287,25.49538],[87.992767,25.49785],[87.988197,25.5226],[87.964088,25.533081],[87.938049,25.53529],[87.914566,25.52523],[87.898987,25.504301],[87.869881,25.503],[87.860527,25.477831],[87.833817,25.464573],[87.820923,25.439772],[87.79332,25.4422],[87.770111,25.428768],[87.759102,25.405041],[87.765701,25.377991],[87.787361,25.35486],[87.791443,25.32233],[87.820351,25.31282],[87.85041,25.297438],[87.854286,25.26791],[87.835533,25.249811],[87.833801,25.213369],[87.801346,25.218241],[87.785202,25.240459],[87.730873,25.253151],[87.70797,25.27136],[87.690308,25.29122],[87.658783,25.309731],[87.63179,25.311861],[87.599892,25.314663],[87.580467,25.332321],[87.547447,25.33094],[87.541122,25.304251],[87.529427,25.279619],[87.498871,25.29229],[87.49559,25.265301],[87.472641,25.240883],[87.47216,25.19467],[87.416603,25.214911],[87.391777,25.227518],[87.369888,25.20505],[87.330452,25.21707],[87.315742,25.192989],[87.314377,25.16737],[87.302292,25.145321],[87.293266,25.114351],[87.291107,25.08927],[87.264442,25.097778],[87.233879,25.085821],[87.208321,25.083321],[87.187767,25.066999],[87.16848,25.04895],[87.152321,25.02652],[87.146477,24.99987],[87.152031,24.97444],[87.148773,24.949381],[87.152687,24.92395],[87.15696,24.89609],[87.147926,24.867868],[87.123337,24.852991],[87.102409,24.839258],[87.08036,24.824362],[87.096603,24.804028],[87.082848,24.779228],[87.083092,24.75366],[87.082352,24.726999],[87.071381,24.703131],[87.060173,24.677219],[87.05101,24.649271],[87.044403,24.624031],[87.016701,24.6178],[86.990143,24.62071],[86.965561,24.631868],[86.938843,24.64307],[86.918938,24.61941],[86.904678,24.59514],[86.901222,24.566799],[86.911179,24.538679],[86.886726,24.554029],[86.86161,24.56027],[86.837051,24.568281],[86.808716,24.56377],[86.804466,24.590651],[86.791847,24.615311],[86.754051,24.614759],[86.745651,24.5895],[86.71862,24.578213],[86.695366,24.568911],[86.668396,24.56064],[86.641266,24.576118],[86.618858,24.5947],[86.589767,24.59269],[86.578239,24.567871],[86.554642,24.559271],[86.546692,24.53504],[86.505722,24.5177],[86.498123,24.48727],[86.484489,24.45882],[86.488197,24.433861],[86.465828,24.421881],[86.467117,24.395161],[86.452209,24.368629],[86.425148,24.378119],[86.401016,24.396271],[86.381233,24.41235],[86.3535,24.44206],[86.319496,24.440161],[86.29882,24.454262],[86.285576,24.476803],[86.303497,24.498272],[86.307518,24.52636],[86.304047,24.55829],[86.318573,24.57892],[86.292633,24.58609],[86.266258,24.581951],[86.242882,24.592138],[86.217377,24.611771],[86.194939,24.585161],[86.165657,24.583681],[86.14463,24.60306],[86.12323,24.61969],[86.123131,24.64793],[86.133598,24.67551],[86.124443,24.70516],[86.109299,24.732241],[86.086578,24.746321],[86.060417,24.747681],[86.052643,24.77319],[86.027786,24.77029],[85.999977,24.751381],[85.972717,24.73629],[85.942703,24.734421],[85.910507,24.75367],[85.887177,24.785589],[85.864029,24.805429],[85.827217,24.809643],[85.785728,24.798681],[85.76075,24.815071],[85.73674,24.822651],[85.722969,24.798908],[85.709198,24.775639],[85.70813,24.74769],[85.698753,24.721069],[85.679657,24.693768],[85.649529,24.68704],[85.66333,24.664713],[85.665703,24.636261],[85.670578,24.59943],[85.644279,24.578291],[85.615448,24.58293],[85.591141,24.597059],[85.565201,24.596661],[85.565758,24.571661],[85.539017,24.56587],[85.536461,24.536011],[85.504356,24.52973],[85.486481,24.550751],[85.456589,24.539211],[85.427536,24.537291],[85.403053,24.544941],[85.37027,24.529581],[85.337906,24.52799],[85.312531,24.526581],[85.282516,24.52669],[85.281036,24.49975],[85.25444,24.497931],[85.235329,24.479851],[85.203262,24.47295],[85.176323,24.467979],[85.150673,24.46287],[85.163727,24.44142],[85.147957,24.418188],[85.120667,24.40844],[85.098671,24.393921],[85.065483,24.386761],[85.073753,24.412998],[85.076157,24.439871],[85.057487,24.416483],[85.032097,24.42535],[84.990402,24.41223],[84.968567,24.37595],[84.934952,24.376459],[84.903313,24.372311],[84.891907,24.398531],[84.877899,24.42263],[84.880173,24.462801],[84.847481,24.465931],[84.827927,24.486],[84.832626,24.51148],[84.801643,24.521118],[84.7799,24.50485],[84.74202,24.496458],[84.724907,24.47295],[84.694077,24.4618],[84.674011,24.441141],[84.667793,24.41296],[84.643051,24.398611],[84.615211,24.403811],[84.58992,24.404381],[84.561218,24.40184],[84.545853,24.373699],[84.518822,24.353161],[84.514191,24.323608],[84.501236,24.298809],[84.475349,24.302563],[84.454536,24.33865],[84.417427,24.331362],[84.422539,24.35915],[84.394943,24.36779],[84.382217,24.3897],[84.355301,24.390961],[84.331627,24.40465],[84.315056,24.423452],[84.293213,24.450823],[84.294189,24.480761],[84.321709,24.489758],[84.319107,24.52231],[84.30201,24.547253],[84.279976,24.56336],[84.264748,24.540571],[84.234261,24.543579],[84.208923,24.537161],[84.188301,24.555321],[84.182396,24.523609],[84.153641,24.517641],[84.129013,24.500681],[84.109779,24.4814],[84.089096,24.504128],[84.089691,24.53393],[84.073677,24.557581],[84.062653,24.583719],[84.047859,24.606508],[84.026787,24.627743],[84.001968,24.635401],[83.97924,24.615129],[83.964882,24.587641],[83.948181,24.566511],[83.928459,24.547911],[83.902748,24.54244],[83.868042,24.532881],[83.841492,24.5345],[83.816231,24.53126],[83.788033,24.52717],[83.748657,24.51053],[83.71669,24.50495],[83.682457,24.515581],[83.644836,24.51618],[83.600159,24.513241],[83.571213,24.51701],[83.542442,24.52618],[83.509506,24.52754],[83.517937,24.554941],[83.525146,24.580198],[83.525558,24.613689],[83.524193,24.642099],[83.499718,24.64941],[83.513191,24.678921],[83.494987,24.702681],[83.483322,24.73107],[83.453087,24.73332],[83.434242,24.756849],[83.411293,24.77532],[83.386803,24.78422],[83.395599,24.810991],[83.389153,24.836071],[83.368271,24.86318],[83.354897,24.885538],[83.357307,24.911402],[83.358521,24.937401],[83.346298,24.96295],[83.345932,24.99209],[83.327652,25.016321],[83.317841,25.041651],[83.331207,25.073353],[83.340317,25.09865],[83.357361,25.124191],[83.353439,25.14916],[83.348137,25.1786],[83.366623,25.200331],[83.389992,25.211639],[83.402336,25.237551],[83.428726,25.24449],[83.453552,25.25128],[83.471016,25.272148],[83.494766,25.287291],[83.516937,25.30061],[83.54258,25.30932],[83.569382,25.310131],[83.603203,25.33157],[83.628357,25.33625],[83.645409,25.357641],[83.672218,25.36459],[83.689407,25.385851],[83.715401,25.399233],[83.740601,25.400209],[83.770683,25.4002],[83.796608,25.408279],[83.80294,25.432859],[83.8302,25.43359],[83.81382,25.453899],[83.847878,25.471003],[83.864433,25.49062],[83.872963,25.520403],[83.899422,25.531771],[83.913567,25.55434],[83.939667,25.565432],[83.99157,25.601023],[84.014236,25.616131],[84.056831,25.632221],[84.079697,25.652731],[84.073563,25.683573],[84.082893,25.71269],[84.107872,25.72364],[84.135117,25.73163],[84.167503,25.72175],[84.194313,25.703421],[84.199509,25.67235],[84.233223,25.66396],[84.268433,25.66326],[84.29213,25.67705],[84.318588,25.67194],[84.323563,25.704],[84.324432,25.733271],[84.354408,25.74362],[84.380013,25.74869],[84.39312,25.726021],[84.401878,25.699501],[84.424171,25.71172],[84.45517,25.710312],[84.466507,25.685511],[84.499031,25.677391],[84.52459,25.684351],[84.527946,25.71537],[84.55233,25.684031],[84.558968,25.721651],[84.59552,25.739111],[84.624191,25.727909],[84.614876,25.752838],[84.619057,25.788971],[84.598198,25.80965],[84.571419,25.82984],[84.546852,25.84132],[84.519997,25.861151],[84.485283,25.88925],[84.450661,25.890221],[84.423317,25.892422],[84.409286,25.924381],[84.386292,25.938181],[84.351387,25.959341],[84.31385,25.947969],[84.283661,25.955601],[84.254669,25.971088],[84.223442,25.991171],[84.194748,25.991301],[84.166229,25.991501],[84.167267,26.025471],[84.136673,26.04701],[84.116051,26.074881],[84.091042,26.09654],[84.049057,26.099701],[84.042397,26.13155],[84.018143,26.145121],[84.003021,26.17823],[84.020447,26.197559],[84.020477,26.22365],[84.046806,26.23019],[84.073578,26.22488],[84.100357,26.239281],[84.112953,26.261921],[84.141403,26.25775],[84.167618,26.264021],[84.168747,26.29287],[84.18174,26.317039],[84.167206,26.33811],[84.171356,26.37398],[84.130783,26.382191],[84.096542,26.387911],[84.070618,26.38689],[84.045097,26.404072],[84.021782,26.425041],[84.010986,26.44846],[83.983467,26.4349],[83.946266,26.438108],[83.919022,26.44553],[83.901543,26.46731],[83.904968,26.494349],[83.914673,26.520241],[83.945847,26.518421],[83.970543,26.52944],[83.998352,26.527382],[84.030823,26.535551],[84.048141,26.55752],[84.062851,26.579693],[84.082527,26.5996],[84.082138,26.626551],[84.106079,26.637232],[84.137421,26.63648],[84.167252,26.62417],[84.201988,26.62434],[84.228668,26.613211],[84.258888,26.607323],[84.286797,26.603922],[84.31076,26.614573],[84.350937,26.620428],[84.378853,26.62184],[84.414398,26.627171],[84.402237,26.671223],[84.366753,26.67881],[84.337067,26.68144],[84.318512,26.71623],[84.305618,26.73768],[84.27861,26.75124],[84.255287,26.73896],[84.224609,26.757101],[84.248489,26.792681],[84.24852,26.820898],[84.245636,26.858723],[84.221962,26.87018],[84.196556,26.861181],[84.175331,26.84594],[84.150543,26.83947],[84.131836,26.87056],[84.111641,26.89189],[84.090027,26.877151],[84.060089,26.886461],[84.042397,26.909128],[84.038666,26.93829],[84.045998,26.96809],[84.044327,26.997681],[84.035957,27.029013],[84.012177,27.053791],[83.990761,27.06859],[84.016891,27.083761],[83.992653,27.100149],[83.954941,27.086121],[83.938568,27.107321],[83.952477,27.128983],[83.966583,27.160843],[83.9842,27.178711],[83.976608,27.203421],[83.96376,27.225269],[83.925316,27.242531],[83.901901,27.252131],[83.896156,27.277071],[83.918831,27.29266],[83.916687,27.325331],[83.887947,27.326469],[83.859077,27.31167],[83.830589,27.32136],[83.854988,27.34033],[83.889893,27.358198],[83.908409,27.384296],[83.875237,27.391912],[83.869385,27.42543],[83.897598,27.437611],[83.933136,27.449379],[83.964706,27.443823],[83.993614,27.44393],[84.017914,27.434616],[84.045357,27.442083],[84.061821,27.46143],[84.078041,27.482128],[84.100792,27.502321],[84.11972,27.513521]],[[87.306213,27.843216],[87.306801,27.83659],[87.306175,27.843218],[87.306213,27.843216]],[[87.262917,27.850716],[87.262917,27.850716]],[[87.262917,27.850716],[87.267212,27.850117],[87.266281,27.849453],[87.262917,27.850716]]]]}},{"type":"Feature","properties":{"name":"Chandigarh"},"geometry":{"type":"Polygon","coordinates":[[[76.819809,30.685829],[76.794373,30.669319],[76.770691,30.67794],[76.745033,30.690458],[76.725456,30.70999],[76.711159,30.73229],[76.690681,30.74666],[76.707863,30.770109],[76.730507,30.78101],[76.750923,30.796848],[76.777328,30.78546],[76.80217,30.78183],[76.828186,30.76379],[76.824806,30.73082],[76.828293,30.70595],[76.819809,30.685829]]]}},{"type":"Feature","properties":{"name":"Chhattisgarh"},"geometry":{"type":"Polygon","coordinates":[[[83.327599,24.099649],[83.357231,24.10169],[83.383263,24.099871],[83.400696,24.081779],[83.428589,24.079773],[83.433243,24.054701],[83.458138,24.04192],[83.501228,24.030689],[83.516556,24.01062],[83.507721,23.97946],[83.522606,23.952169],[83.537323,23.914631],[83.560509,23.892658],[83.561211,23.862951],[83.590446,23.856491],[83.62999,23.847361],[83.656242,23.843641],[83.672203,23.82008],[83.698593,23.816462],[83.7108,23.78953],[83.727097,23.759901],[83.729347,23.731831],[83.73214,23.70467],[83.714729,23.682541],[83.744041,23.65914],[83.747787,23.62665],[83.767769,23.609081],[83.797722,23.59009],[83.837631,23.58136],[83.882927,23.572771],[83.914673,23.568741],[83.929588,23.593679],[83.937889,23.622431],[83.962677,23.626188],[83.992676,23.633053],[84.012573,23.60548],[84.022911,23.574591],[84.022667,23.544241],[84.012749,23.520811],[84.005638,23.496462],[83.984627,23.475592],[83.969528,23.455408],[83.977753,23.431452],[83.967781,23.39299],[83.974861,23.364792],[84.006531,23.3528],[84.020737,23.37546],[84.047226,23.37122],[84.060516,23.34318],[84.059952,23.308201],[84.059067,23.28232],[84.05127,23.246601],[84.052238,23.221243],[84.056122,23.196409],[84.033806,23.167841],[84.033363,23.142731],[84.052872,23.12447],[84.076462,23.10985],[84.104927,23.09922],[84.126472,23.08515],[84.125877,23.056883],[84.124611,23.030748],[84.137337,23.006269],[84.14357,22.975111],[84.171356,22.977079],[84.1726,23.0072],[84.19825,23.01899],[84.212021,22.986389],[84.237411,22.9804],[84.267891,22.987911],[84.278572,22.961248],[84.306763,22.96751],[84.33181,22.979139],[84.361496,22.97455],[84.377792,22.951918],[84.389648,22.92374],[84.370857,22.901609],[84.376923,22.875891],[84.347893,22.863161],[84.320312,22.849421],[84.317703,22.817181],[84.301819,22.795071],[84.287689,22.770901],[84.260101,22.76494],[84.229729,22.74015],[84.229446,22.705233],[84.227753,22.676991],[84.201607,22.66519],[84.180351,22.649839],[84.149933,22.63442],[84.115311,22.63526],[84.080391,22.636551],[84.059303,22.607403],[84.033592,22.59127],[84.01104,22.575003],[84.002121,22.546598],[84.002502,22.520861],[83.97657,22.518391],[83.990448,22.49439],[84.015488,22.482422],[84.038727,22.468882],[84.041397,22.437929],[84.022163,22.41016],[84.001663,22.380369],[83.978203,22.365108],[83.952316,22.36121],[83.924026,22.357491],[83.896973,22.339689],[83.871948,22.33893],[83.84758,22.330839],[83.825203,22.31963],[83.819443,22.292452],[83.793648,22.287691],[83.774719,22.26734],[83.7528,22.242861],[83.718987,22.243252],[83.693001,22.245501],[83.664619,22.23196],[83.626282,22.205858],[83.611839,22.177141],[83.602333,22.151838],[83.567307,22.113708],[83.5737,22.0888],[83.600319,22.06551],[83.565628,22.056789],[83.538368,22.05538],[83.532677,22.028631],[83.548561,22.006702],[83.535446,21.97965],[83.549492,21.95039],[83.587769,21.926121],[83.592636,21.900751],[83.57811,21.879789],[83.584053,21.852793],[83.573532,21.82966],[83.548538,21.835232],[83.534782,21.80682],[83.506142,21.8004],[83.474297,21.78615],[83.479027,21.758699],[83.47802,21.727991],[83.461609,21.70628],[83.431831,21.693911],[83.42865,21.66889],[83.466217,21.644121],[83.484543,21.625563],[83.462967,21.605511],[83.441338,21.618092],[83.447578,21.6446],[83.413528,21.636311],[83.389816,21.620541],[83.368187,21.597071],[83.362328,21.572521],[83.354263,21.535318],[83.345879,21.50824],[83.34198,21.474131],[83.350288,21.443981],[83.371376,21.42836],[83.389671,21.401663],[83.396553,21.372271],[83.39386,21.342081],[83.334602,21.355791],[83.309593,21.364561],[83.28138,21.375141],[83.26609,21.34543],[83.254211,21.31959],[83.272682,21.296131],[83.267677,21.268578],[83.242447,21.27644],[83.218353,21.26012],[83.219063,21.223711],[83.207573,21.201391],[83.199532,21.174049],[83.192749,21.139441],[83.161392,21.131451],[83.137711,21.109818],[83.108276,21.1077],[83.081566,21.106701],[83.051399,21.11717],[83.029541,21.131323],[83.007729,21.14653],[82.979927,21.157461],[82.959648,21.173851],[82.937393,21.161148],[82.907959,21.160273],[82.879227,21.14909],[82.854027,21.157009],[82.812477,21.15856],[82.788849,21.139273],[82.757523,21.15856],[82.727242,21.159191],[82.700539,21.153261],[82.662048,21.150751],[82.635941,21.14945],[82.647758,21.124962],[82.642998,21.097761],[82.625877,21.07682],[82.620033,21.044399],[82.60862,21.0182],[82.595146,20.997129],[82.566513,20.967001],[82.55294,20.941481],[82.526253,20.92771],[82.503098,20.913891],[82.484673,20.879551],[82.477623,20.84672],[82.459053,20.823841],[82.422943,20.826],[82.40728,20.848021],[82.382797,20.86994],[82.355919,20.86994],[82.336876,20.849253],[82.333107,20.819691],[82.338791,20.790171],[82.335129,20.758518],[82.345863,20.72872],[82.3433,20.698853],[82.354286,20.675041],[82.362251,20.650471],[82.368233,20.62406],[82.348,20.601641],[82.342529,20.57522],[82.324463,20.556648],[82.342247,20.537691],[82.358513,20.516239],[82.381233,20.501801],[82.386131,20.475521],[82.397316,20.45192],[82.425652,20.436319],[82.424286,20.410151],[82.410606,20.382471],[82.397942,20.35586],[82.400299,20.32925],[82.42244,20.30966],[82.42923,20.282963],[82.405083,20.263531],[82.40728,20.22764],[82.413597,20.202271],[82.390488,20.167313],[82.378929,20.14463],[82.390739,20.119051],[82.394669,20.089161],[82.390343,20.064232],[82.417137,20.045349],[82.441429,20.035353],[82.470772,20.032021],[82.502129,20.013531],[82.531982,20.01223],[82.575943,19.998953],[82.598366,19.98564],[82.623581,19.997641],[82.650482,19.999401],[82.681023,19.995451],[82.707489,19.990219],[82.70945,19.946671],[82.704262,19.918331],[82.700531,19.89329],[82.717506,19.87081],[82.704712,19.844601],[82.683319,19.823721],[82.654106,19.825529],[82.628906,19.803761],[82.608131,19.78513],[82.58506,19.771049],[82.579277,19.797213],[82.57383,19.823709],[82.585732,19.846371],[82.56675,19.871721],[82.536362,19.87689],[82.512413,19.884121],[82.486923,19.89653],[82.458351,19.89465],[82.432259,19.899481],[82.400406,19.888809],[82.377983,19.86869],[82.356071,19.855131],[82.339447,19.829962],[82.321327,19.851919],[82.298233,19.883461],[82.283333,19.91807],[82.269463,19.94525],[82.261696,19.97156],[82.233353,19.995871],[82.204292,19.980339],[82.178467,19.978083],[82.155579,20.00231],[82.131699,20.01269],[82.105476,20.017813],[82.083046,20.03274],[82.057899,20.04987],[82.038757,20.028919],[82.014786,20.01951],[82.009956,20.0448],[81.983299,20.05703],[81.962646,20.085569],[81.941353,20.102251],[81.915428,20.07383],[81.89418,20.048248],[81.866539,20.036039],[81.85762,20.009081],[81.850319,19.982601],[81.840263,19.955139],[81.845673,19.922953],[81.858406,19.899549],[81.898056,19.878519],[81.924477,19.868723],[81.960373,19.854738],[81.961456,19.824432],[81.980148,19.79578],[82.008186,19.79657],[82.034943,19.79266],[82.05983,19.783098],[82.057198,19.75341],[82.044258,19.72913],[82.037567,19.703911],[82.046776,19.669371],[82.046387,19.64403],[82.048477,19.61581],[82.033958,19.590691],[82.044136,19.564798],[82.046127,19.538622],[82.030212,19.51421],[82.059792,19.503641],[82.088226,19.510443],[82.10183,19.47366],[82.106796,19.443071],[82.134102,19.424828],[82.16069,19.42952],[82.18306,19.41761],[82.173981,19.37694],[82.144562,19.370119],[82.149551,19.344379],[82.173203,19.33408],[82.17009,19.302481],[82.154877,19.274778],[82.151962,19.238901],[82.161179,19.208389],[82.173393,19.184311],[82.178787,19.158859],[82.168137,19.133841],[82.191017,19.11631],[82.199867,19.092178],[82.194092,19.060221],[82.222481,19.021111],[82.226662,18.99398],[82.239563,18.91046],[82.213783,18.91214],[82.185387,18.89698],[82.163109,18.871931],[82.162422,18.8451],[82.15831,18.81147],[82.151703,18.7838],[82.130661,18.7701],[82.105728,18.75845],[82.0849,18.732691],[82.061287,18.71801],[82.033737,18.7188],[82.009987,18.7106],[81.976036,18.695148],[81.955078,18.680229],[81.947388,18.65571],[81.947441,18.62882],[81.915527,18.63582],[81.894836,18.65196],[81.887291,18.62439],[81.913033,18.61293],[81.933037,18.59465],[81.943573,18.566158],[81.916397,18.559021],[81.897942,18.537731],[81.875381,18.521412],[81.853027,18.50733],[81.844307,18.481541],[81.797569,18.43976],[81.767387,18.41477],[81.755547,18.38625],[81.746758,18.355501],[81.717506,18.343201],[81.680786,18.34103],[81.652809,18.336679],[81.658669,18.311098],[81.632141,18.30801],[81.606117,18.299419],[81.581787,18.28816],[81.548073,18.262131],[81.523682,18.248659],[81.511139,18.201941],[81.508926,18.17407],[81.521736,18.14831],[81.510727,18.10388],[81.496849,18.072712],[81.481499,18.049923],[81.477501,18.019993],[81.477676,17.993511],[81.47644,17.96763],[81.454796,17.94656],[81.444458,17.9221],[81.443703,17.89323],[81.423126,17.87742],[81.399017,17.888491],[81.389549,17.862101],[81.393341,17.835821],[81.384972,17.806593],[81.357498,17.810421],[81.325989,17.81241],[81.298126,17.809851],[81.263367,17.810463],[81.227913,17.82629],[81.191963,17.847101],[81.159569,17.852631],[81.121246,17.828329],[81.097702,17.817101],[81.079567,17.794971],[81.055977,17.782831],[81.012573,17.816669],[81.003326,17.84915],[80.997238,17.895161],[80.98465,17.922901],[80.978058,17.949621],[80.973839,17.97681],[80.969917,18.003059],[80.963211,18.02817],[80.952438,18.07188],[80.949837,18.098318],[80.967537,18.137993],[80.973679,18.16815],[80.944229,18.157091],[80.911987,18.13851],[80.881119,18.13253],[80.855766,18.142931],[80.851677,18.16836],[80.84848,18.19595],[80.863533,18.21719],[80.839622,18.228041],[80.817726,18.212761],[80.817917,18.18712],[80.797928,18.1663],[80.762398,18.16297],[80.734558,18.171713],[80.732262,18.20545],[80.756889,18.2295],[80.784286,18.243271],[80.76638,18.278233],[80.744621,18.302181],[80.734787,18.33868],[80.722763,18.361311],[80.715942,18.385523],[80.72654,18.408991],[80.69101,18.41935],[80.68309,18.44462],[80.662361,18.46574],[80.636818,18.49395],[80.632683,18.518841],[80.610817,18.533531],[80.581467,18.557451],[80.557793,18.57276],[80.531998,18.58606],[80.515251,18.6073],[80.488388,18.62672],[80.463013,18.62269],[80.417557,18.61072],[80.393257,18.602961],[80.366951,18.60465],[80.341843,18.586441],[80.319313,18.621733],[80.307808,18.652281],[80.299461,18.679211],[80.277908,18.71096],[80.257538,18.73126],[80.239563,18.752211],[80.261452,18.764971],[80.290176,18.786251],[80.318733,18.79598],[80.346222,18.811081],[80.339638,18.848343],[80.325653,18.869961],[80.298103,18.900461],[80.27047,18.924919],[80.267479,18.952572],[80.267349,18.980671],[80.288116,19.013931],[80.290543,19.04001],[80.315773,19.064581],[80.32412,19.094931],[80.322357,19.12022],[80.335548,19.14757],[80.362358,19.169321],[80.386673,19.18902],[80.377022,19.217369],[80.388451,19.243311],[80.414467,19.249189],[80.437027,19.26107],[80.456802,19.299158],[80.470497,19.32892],[80.500389,19.341299],[80.522713,19.359751],[80.559341,19.397552],[80.583939,19.377159],[80.588623,19.3444],[80.600067,19.31809],[80.625496,19.30681],[80.657883,19.32428],[80.684196,19.320028],[80.683563,19.286911],[80.709183,19.28331],[80.736732,19.286961],[80.759743,19.299751],[80.778091,19.318541],[80.802826,19.332281],[80.826416,19.34804],[80.823219,19.374741],[80.808548,19.397039],[80.795387,19.41876],[80.825249,19.439121],[80.857483,19.442541],[80.885628,19.456503],[80.892159,19.48152],[80.885536,19.509251],[80.86335,19.52195],[80.840828,19.533571],[80.827606,19.562672],[80.785156,19.56041],[80.764267,19.584831],[80.720993,19.608391],[80.683037,19.610609],[80.656853,19.612261],[80.662201,19.66258],[80.664551,19.69075],[80.640297,19.71246],[80.613136,19.72893],[80.582077,19.738071],[80.550217,19.764551],[80.542442,19.794243],[80.542427,19.819271],[80.517807,19.828861],[80.490707,19.825361],[80.459549,19.811331],[80.48024,19.795441],[80.452438,19.7929],[80.417686,19.79714],[80.39753,19.816231],[80.424591,19.808041],[80.446968,19.82032],[80.468613,19.83753],[80.48764,19.865129],[80.491661,19.890539],[80.468956,19.90336],[80.444443,19.893551],[80.414749,19.90292],[80.406296,19.932501],[80.431007,19.940941],[80.4645,19.946251],[80.50174,19.924751],[80.526009,19.94112],[80.532372,19.96706],[80.543533,19.995083],[80.541588,20.037222],[80.546158,20.06571],[80.535233,20.09218],[80.528809,20.1175],[80.503586,20.12879],[80.477303,20.138531],[80.45134,20.144871],[80.426956,20.130239],[80.401497,20.139511],[80.384567,20.15851],[80.394592,20.181589],[80.412018,20.202209],[80.388039,20.230619],[80.409027,20.24913],[80.437309,20.258478],[80.465446,20.271622],[80.494476,20.274799],[80.52668,20.284781],[80.542023,20.306849],[80.584236,20.3193],[80.616692,20.325741],[80.60601,20.356421],[80.598396,20.38068],[80.589752,20.412771],[80.601448,20.43737],[80.603317,20.46242],[80.607246,20.50391],[80.610031,20.531981],[80.612152,20.559589],[80.614609,20.585272],[80.60257,20.607389],[80.567307,20.612408],[80.529831,20.59008],[80.500099,20.586863],[80.484192,20.611959],[80.489647,20.639898],[80.518913,20.66176],[80.547386,20.671261],[80.572792,20.67429],[80.56395,20.70719],[80.554543,20.74715],[80.545456,20.782278],[80.548897,20.808411],[80.550369,20.845671],[80.549759,20.88891],[80.539101,20.921061],[80.51062,20.928801],[80.48275,20.928471],[80.455559,20.93211],[80.443756,20.961033],[80.438087,20.9921],[80.430107,21.016359],[80.447342,21.036621],[80.444748,21.061581],[80.438133,21.088808],[80.449249,21.11194],[80.44696,21.138149],[80.454269,21.165438],[80.479439,21.174931],[80.504532,21.183041],[80.520737,21.203541],[80.54657,21.200668],[80.568428,21.213882],[80.592323,21.22484],[80.615723,21.240021],[80.63736,21.252691],[80.646767,21.278143],[80.668289,21.293991],[80.666542,21.319351],[80.668457,21.34857],[80.684166,21.37261],[80.693352,21.39817],[80.697548,21.427198],[80.718033,21.4454],[80.729111,21.46826],[80.721977,21.49564],[80.72583,21.522188],[80.720871,21.55069],[80.716896,21.57741],[80.709396,21.603981],[80.721176,21.627831],[80.710457,21.652411],[80.714088,21.67728],[80.725296,21.701],[80.725807,21.729481],[80.738419,21.75354],[80.766418,21.755131],[80.78846,21.74128],[80.811668,21.75083],[80.818237,21.776011],[80.829903,21.800701],[80.836601,21.8272],[80.840416,21.85276],[80.836601,21.87855],[80.825447,21.903881],[80.835899,21.927931],[80.821159,21.950588],[80.845772,21.960899],[80.854568,21.98723],[80.868599,22.011209],[80.870117,22.038589],[80.884987,22.060711],[80.89817,22.10133],[80.917152,22.12089],[80.945526,22.117481],[80.965538,22.08198],[80.971817,22.054291],[80.999161,22.061501],[80.999916,22.089651],[80.980209,22.112808],[81.005173,22.132723],[81.019051,22.16526],[81.024773,22.19313],[81.015709,22.220211],[81.036316,22.237719],[81.06282,22.246853],[81.091782,22.26786],[81.113846,22.29438],[81.110458,22.321491],[81.11055,22.353001],[81.100937,22.38324],[81.104652,22.410803],[81.109993,22.44112],[81.134041,22.452],[81.157822,22.474482],[81.180046,22.49015],[81.195038,22.467758],[81.218391,22.451651],[81.255516,22.472483],[81.271469,22.49585],[81.297783,22.48658],[81.314812,22.515911],[81.347946,22.51409],[81.373253,22.510752],[81.380676,22.48535],[81.386177,22.45116],[81.414116,22.448521],[81.417587,22.473631],[81.442467,22.46616],[81.439087,22.49102],[81.469963,22.49399],[81.491753,22.51733],[81.514717,22.52869],[81.542221,22.529921],[81.563057,22.551008],[81.587959,22.544031],[81.615791,22.539021],[81.623573,22.564278],[81.648689,22.568951],[81.641388,22.60754],[81.656548,22.632002],[81.678596,22.64888],[81.707016,22.649641],[81.722946,22.67621],[81.74054,22.648069],[81.762726,22.663589],[81.755943,22.697651],[81.746613,22.726488],[81.763977,22.746771],[81.784279,22.766621],[81.775902,22.800138],[81.761597,22.82933],[81.77005,22.86043],[81.79583,22.880251],[81.826447,22.882271],[81.856346,22.89086],[81.870506,22.91184],[81.89489,22.928171],[81.913857,22.948221],[81.940247,22.95709],[81.941208,22.984949],[81.932297,23.017422],[81.918427,23.040979],[81.935013,23.06686],[81.961273,23.080181],[81.990486,23.084671],[82.016167,23.07933],[82.03952,23.091511],[82.061371,23.11594],[82.085907,23.109253],[82.115883,23.1038],[82.129616,23.125071],[82.151077,23.141741],[82.137321,23.16497],[82.140182,23.19035],[82.142929,23.22238],[82.153717,23.24597],[82.168137,23.267441],[82.189461,23.28459],[82.189987,23.311531],[82.16008,23.33219],[82.142822,23.354408],[82.114449,23.354031],[82.105171,23.38283],[82.083649,23.396772],[82.05677,23.393539],[82.032852,23.385391],[82.017517,23.405519],[81.991913,23.419292],[81.971458,23.441641],[81.956741,23.463369],[81.948936,23.49674],[81.928299,23.513241],[81.913757,23.533758],[81.884483,23.52248],[81.855072,23.516451],[81.827179,23.51129],[81.811043,23.53392],[81.762993,23.55077],[81.740707,23.56765],[81.716759,23.548349],[81.693092,23.52334],[81.667183,23.5319],[81.647652,23.50243],[81.624229,23.491051],[81.605217,23.510889],[81.606651,23.54497],[81.577072,23.55489],[81.570427,23.579811],[81.594803,23.59547],[81.604378,23.62137],[81.613243,23.66098],[81.643127,23.660332],[81.67321,23.693432],[81.687286,23.72135],[81.673302,23.743361],[81.653549,23.764271],[81.643486,23.79184],[81.636017,23.816351],[81.620232,23.836821],[81.598442,23.85368],[81.614853,23.87277],[81.607567,23.903271],[81.637283,23.91362],[81.661598,23.925598],[81.679497,23.907648],[81.697388,23.885962],[81.712532,23.862963],[81.726852,23.84096],[81.772629,23.814199],[81.800583,23.813551],[81.828636,23.817093],[81.852936,23.82432],[81.878433,23.8379],[81.90078,23.851221],[81.916443,23.87299],[81.93856,23.86097],[81.97155,23.858351],[82.000732,23.86314],[82.028496,23.8477],[82.042343,23.824961],[82.072021,23.81978],[82.100182,23.820101],[82.125763,23.81967],[82.155739,23.821978],[82.178757,23.842043],[82.203888,23.852991],[82.211601,23.823933],[82.231529,23.807791],[82.255287,23.82189],[82.283829,23.812901],[82.311127,23.81119],[82.338547,23.806011],[82.368347,23.8111],[82.393356,23.80241],[82.423233,23.806087],[82.449043,23.811651],[82.482689,23.79752],[82.506706,23.78548],[82.535789,23.792101],[82.531967,23.81983],[82.561157,23.822781],[82.589638,23.824791],[82.629517,23.839001],[82.652023,23.856501],[82.646118,23.888733],[82.662903,23.90867],[82.68734,23.91777],[82.718117,23.92145],[82.743332,23.920641],[82.774849,23.93857],[82.796806,23.96142],[82.841339,23.95015],[82.862961,23.925529],[82.890343,23.90456],[82.917473,23.895401],[82.93882,23.87587],[82.983963,23.879553],[83.020523,23.882698],[83.061043,23.87524],[83.086601,23.878172],[83.127411,23.89002],[83.145218,23.909943],[83.172607,23.91766],[83.201767,23.94054],[83.21064,23.96541],[83.222527,23.99206],[83.241821,24.013731],[83.270523,24.020269],[83.276802,24.04567],[83.289009,24.072901],[83.311073,24.09276],[83.327599,24.099649]]]}},{"type":"Feature","properties":{"name":"Dadra and Nagar Haveli"},"geometry":{"type":"Polygon","coordinates":[[[72.990463,20.292089],[73.017288,20.290531],[73.019836,20.317398],[73.029793,20.292261],[73.047676,20.31661],[73.07151,20.327169],[73.097412,20.335098],[73.102531,20.359671],[73.12146,20.33643],[73.114403,20.310631],[73.140152,20.31469],[73.16552,20.315929],[73.179543,20.289862],[73.155136,20.28236],[73.136848,20.260469],[73.113312,20.244181],[73.087547,20.233973],[73.06424,20.203161],[73.074226,20.17728],[73.099487,20.172571],[73.122597,20.157751],[73.147026,20.171053],[73.141571,20.20187],[73.168953,20.19969],[73.195869,20.197521],[73.227783,20.18705],[73.199242,20.16164],[73.200691,20.1297],[73.217743,20.10634],[73.206917,20.083712],[73.185867,20.0529],[73.1633,20.073111],[73.139542,20.08427],[73.111832,20.083012],[73.088318,20.094469],[73.060638,20.09906],[73.059212,20.06793],[73.031776,20.084421],[73.010208,20.110401],[73.017479,20.134958],[72.994186,20.113901],[72.973228,20.1308],[72.985962,20.15753],[72.975922,20.189598],[72.974373,20.214972],[72.957787,20.241152],[72.923752,20.2682],[72.941422,20.292128],[72.96978,20.27474],[72.990463,20.292089]]]}},{"type":"Feature","properties":{"name":"Daman and Diu"},"geometry":{"type":"MultiPolygon","coordinates":[[[[72.860138,20.470961],[72.844337,20.4484],[72.837059,20.422331],[72.862022,20.410469],[72.875526,20.38105],[72.860817,20.40325],[72.832359,20.370689],[72.828476,20.400421],[72.829025,20.425694],[72.835693,20.449862],[72.855141,20.465694],[72.860138,20.470961]],[[70.888527,20.709763],[70.888527,20.709763]],[[70.948547,20.733742],[70.972923,20.726528],[70.997093,20.716249],[70.97625,20.70153],[70.950966,20.704033],[70.92514,20.711811],[70.902641,20.699862],[70.904877,20.726528],[70.929657,20.73192],[70.948547,20.733742]],[[70.768028,20.96196],[70.793533,20.95945],[70.821541,20.95973],[70.846016,20.970551],[70.86911,20.95709],[70.889687,20.93585],[70.901611,20.90333],[70.884346,20.87324],[70.846428,20.86058],[70.819748,20.85771],[70.837921,20.836639],[70.873039,20.83497],[70.896179,20.824793],[70.893852,20.794701],[70.867416,20.79505],[70.86721,20.76947],[70.843582,20.760389],[70.840073,20.730261],[70.865303,20.727041],[70.847351,20.70764],[70.829033,20.69042],[70.81958,20.713751],[70.795143,20.708191],[70.771797,20.717649],[70.746803,20.719584],[70.724022,20.730143],[70.700974,20.740417],[70.680138,20.754305],[70.682953,20.78413],[70.677589,20.809431],[70.677399,20.835161],[70.694168,20.882961],[70.71315,20.90563],[70.719383,20.936951],[70.730721,20.96014],[70.73452,20.98601],[70.762283,20.965582],[70.768028,20.96196]]]]}},{"type":"Feature","properties":{"name":"Delhi"},"geometry":{"type":"Polygon","coordinates":[[[77.217323,28.835279],[77.194611,28.815363],[77.20269,28.78941],[77.229042,28.772438],[77.253197,28.75279],[77.276863,28.7344],[77.292946,28.70977],[77.317162,28.71722],[77.327583,28.691841],[77.31543,28.663271],[77.320953,28.636021],[77.336182,28.60887],[77.309921,28.598961],[77.293648,28.57972],[77.303062,28.550451],[77.330513,28.524101],[77.321701,28.49939],[77.296272,28.49115],[77.271111,28.49703],[77.242653,28.4846],[77.225746,28.46401],[77.244301,28.441669],[77.222748,28.41897],[77.195221,28.412531],[77.165771,28.408461],[77.142433,28.435711],[77.118301,28.44243],[77.106049,28.4659],[77.107666,28.49387],[77.085983,28.51086],[77.056961,28.513861],[77.033142,28.528339],[77.006096,28.54278],[77.010933,28.51803],[76.976532,28.523809],[76.944626,28.51363],[76.908478,28.51491],[76.879372,28.50905],[76.859207,28.54192],[76.837616,28.55699],[76.832916,28.582508],[76.860901,28.60251],[76.877937,28.63763],[76.904007,28.637939],[76.933907,28.63765],[76.917488,28.65727],[76.942551,28.675112],[76.954216,28.700529],[76.950661,28.73646],[76.93821,28.759621],[76.942337,28.78776],[76.942307,28.820681],[76.970566,28.825102],[77.00663,28.83526],[77.037666,28.852777],[77.065659,28.873001],[77.099457,28.87244],[77.12854,28.865391],[77.139198,28.841669],[77.159599,28.857443],[77.186867,28.866819],[77.211472,28.854931],[77.217323,28.835279]]]}},{"type":"Feature","properties":{"name":"Goa"},"geometry":{"type":"MultiPolygon","coordinates":[[[[73.781807,15.355694],[73.781807,15.355694]],[[73.796516,15.37903],[73.796516,15.37903]],[[73.864296,15.408481],[73.864296,15.408481]],[[73.879868,15.779212],[73.880241,15.752551],[73.908607,15.742331],[73.945366,15.741522],[73.955933,15.716921],[73.971306,15.687251],[73.9757,15.659781],[73.975983,15.628942],[73.998703,15.61113],[74.027931,15.6046],[74.056801,15.622722],[74.10244,15.638961],[74.12603,15.65029],[74.154976,15.649771],[74.175438,15.67016],[74.21154,15.660979],[74.236839,15.661891],[74.257233,15.63394],[74.268547,15.609589],[74.256371,15.582561],[74.26989,15.561151],[74.285599,15.534171],[74.268143,15.505921],[74.272552,15.46524],[74.282959,15.437481],[74.281448,15.409041],[74.286247,15.382601],[74.312828,15.374882],[74.325951,15.34724],[74.327972,15.31327],[74.334129,15.282862],[74.302307,15.285861],[74.276619,15.274449],[74.257523,15.257629],[74.278671,15.23719],[74.302132,15.228142],[74.314453,15.20561],[74.31813,15.17533],[74.30143,15.149881],[74.291443,15.123299],[74.278343,15.0959],[74.287216,15.069361],[74.301201,15.04407],[74.289787,15.021611],[74.271843,15.002492],[74.273911,14.975222],[74.251007,14.96082],[74.224716,14.94134],[74.203087,14.927421],[74.190277,14.951719],[74.1661,14.939442],[74.177353,14.9132],[74.149223,14.918521],[74.122742,14.912641],[74.097359,14.895659],[74.076248,14.909861],[74.050415,14.914583],[74.045418,14.939583],[74.047081,14.965141],[74.037918,14.988751],[74.024025,15.009584],[74.000687,15.018751],[73.98764,15.040138],[73.970413,15.058472],[73.950966,15.074309],[73.927643,15.083483],[73.919296,15.107361],[73.940697,15.121531],[73.948196,15.145421],[73.94236,15.170972],[73.935692,15.195689],[73.929306,15.219862],[73.922638,15.244032],[73.915695,15.268474],[73.907913,15.292641],[73.899582,15.316249],[73.891251,15.340421],[73.879028,15.36236],[73.854027,15.366251],[73.828751,15.369583],[73.807358,15.383194],[73.789307,15.400695],[73.814308,15.402639],[73.838196,15.410416],[73.861252,15.400691],[73.886528,15.40235],[73.888748,15.427361],[73.861526,15.428473],[73.850136,15.451251],[73.82486,15.454032],[73.798752,15.453751],[73.806808,15.477922],[73.793198,15.499031],[73.768471,15.490416],[73.763466,15.51514],[73.756813,15.53931],[73.744583,15.561251],[73.736252,15.584861],[73.747093,15.607641],[73.729309,15.62542],[73.716248,15.64681],[73.709305,15.670971],[73.697906,15.69431],[73.69014,15.718482],[73.718567,15.72162],[73.744057,15.725641],[73.775787,15.730532],[73.802841,15.7322],[73.833038,15.737752],[73.845123,15.76336],[73.860077,15.787791],[73.879868,15.779212]]]]}},{"type":"Feature","properties":{"name":"Gujarat"},"geometry":{"type":"MultiPolygon","coordinates":[[[[70.86097,20.752918],[70.865974,20.728195],[70.840347,20.728451],[70.85434,20.750031],[70.86097,20.752918]],[[72.84597,20.763201],[72.84597,20.763201]],[[71.388474,20.867085],[71.388474,20.867085]],[[71.516251,20.914305],[71.516251,20.914305]],[[71.649017,20.977921],[71.649017,20.977921]],[[71.686531,20.996529],[71.686531,20.996529]],[[71.703751,20.999582],[71.703751,20.999582]],[[71.710419,20.999582],[71.710419,20.999582]],[[72.647636,21.076248],[72.647636,21.076248]],[[72.679306,21.098751],[72.679306,21.098751]],[[72.672081,21.115141],[72.672081,21.115141]],[[72.70208,21.12236],[72.70208,21.12236]],[[72.676529,21.155701],[72.701248,21.146805],[72.700142,21.121803],[72.69236,21.097918],[72.67347,21.118471],[72.665138,21.142084],[72.676529,21.155701]],[[72.102913,21.274311],[72.102913,21.274311]],[[72.587906,21.33931],[72.587906,21.33931]],[[72.583191,21.365419],[72.583191,21.365419]],[[72.600418,21.387081],[72.600418,21.387081]],[[72.628197,21.41736],[72.615135,21.395971],[72.628197,21.41736]],[[72.635971,21.417641],[72.635971,21.417641]],[[72.675972,21.44681],[72.675972,21.44681]],[[69.724297,21.56403],[69.724297,21.56403]],[[69.72847,21.612083],[69.72847,21.612083]],[[72.353195,21.61347],[72.364861,21.591249],[72.346527,21.609583],[72.353195,21.61347]],[[72.584587,21.62903],[72.584587,21.62903]],[[72.609306,21.62875],[72.609306,21.62875]],[[72.611809,21.632086],[72.611809,21.632086]],[[72.617081,21.638472],[72.617081,21.638472]],[[72.595703,21.63903],[72.595703,21.63903]],[[72.619583,21.639584],[72.619583,21.639584]],[[72.602364,21.64097],[72.602364,21.64097]],[[72.722641,21.665972],[72.746529,21.658472],[72.724861,21.643751],[72.722641,21.665972]],[[72.274307,21.749582],[72.281525,21.723473],[72.272087,21.746813],[72.274307,21.749582]],[[72.354858,21.943199],[72.354858,21.943199]],[[72.214027,22.005421],[72.214027,22.005421]],[[72.472641,22.208195],[72.472641,22.208195]],[[72.384308,22.215694],[72.384308,22.215694]],[[72.370697,22.23514],[72.372917,22.21014],[72.369583,22.23514],[72.370697,22.23514]],[[69.310417,22.306252],[69.310417,22.306252]],[[69.452637,22.358194],[69.452637,22.358194]],[[69.184029,22.36764],[69.184029,22.36764]],[[69.195419,22.374584],[69.195419,22.374584]],[[69.213188,22.384859],[69.213188,22.384859]],[[69.200958,22.386251],[69.200958,22.386251]],[[69.335419,22.38903],[69.335419,22.38903]],[[69.483192,22.398748],[69.483192,22.398748]],[[69.280136,22.417921],[69.280136,22.417921]],[[69.279312,22.420141],[69.279312,22.420141]],[[69.142082,22.45764],[69.142082,22.45764]],[[69.62764,22.459583],[69.646797,22.443201],[69.646797,22.41819],[69.622353,22.41153],[69.599861,22.42264],[69.59903,22.447639],[69.62236,22.457916],[69.62764,22.459583]],[[69.302086,22.47403],[69.325966,22.46624],[69.304306,22.453194],[69.302086,22.47403]],[[69.136803,22.477638],[69.114304,22.465694],[69.107635,22.440695],[69.089027,22.42375],[69.092361,22.44903],[69.110138,22.466806],[69.134026,22.477083],[69.136803,22.477638]],[[69.089027,22.490694],[69.089027,22.490694]],[[69.324287,22.527639],[69.349297,22.526251],[69.330414,22.509863],[69.324287,22.527639]],[[69.944862,22.53236],[69.944862,22.53236]],[[69.405136,22.53264],[69.405136,22.53264]],[[69.957359,22.535973],[69.957359,22.535973]],[[69.960419,22.543751],[69.960419,22.543751]],[[69.95208,22.55125],[69.95208,22.55125]],[[69.918747,22.553196],[69.931526,22.530701],[69.912361,22.511806],[69.887642,22.51597],[69.864304,22.525417],[69.889313,22.524031],[69.900696,22.546532],[69.918747,22.553196]],[[70.024307,22.553196],[70.024307,22.553196]],[[70.011253,22.553751],[70.011253,22.553751]],[[70.023476,22.558472],[70.023476,22.558472]],[[70.039581,22.567921],[70.039581,22.567921]],[[70.044586,22.572359],[70.044586,22.572359]],[[70.181808,22.58375],[70.181808,22.58375]],[[70.009033,22.593201],[70.027641,22.575974],[70.011253,22.557083],[69.98764,22.547359],[69.962639,22.545973],[69.960693,22.570972],[69.983192,22.582081],[70.009033,22.593201]],[[70.190407,22.599859],[70.190407,22.599859]],[[69.948471,22.606251],[69.948471,22.606251]],[[70.215973,22.646811],[70.215973,22.646811]],[[70.235695,22.684584],[70.235695,22.684584]],[[70.242638,22.684584],[70.242638,22.684584]],[[70.246803,22.691805],[70.246803,22.691805]],[[70.244026,22.720139],[70.244026,22.720139]],[[69.642639,22.764862],[69.665695,22.753471],[69.640686,22.759027],[69.642639,22.764862]],[[69.636528,22.779861],[69.636528,22.779861]],[[70.455139,22.995701],[70.433746,22.97847],[70.453194,22.994305],[70.455139,22.995701]],[[70.441528,23.049583],[70.424576,23.03097],[70.441528,23.049583]],[[70.448471,23.052084],[70.44014,23.027922],[70.429016,23.005421],[70.42514,23.030142],[70.442642,23.048197],[70.448471,23.052084]],[[70.452362,23.052361],[70.452362,23.052361]],[[70.45903,23.05764],[70.45903,23.05764]],[[70.45208,23.060696],[70.45208,23.060696]],[[70.469582,23.061251],[70.469582,23.061251]],[[70.482361,23.065418],[70.465141,23.047085],[70.450966,23.026251],[70.459587,23.049862],[70.480141,23.064583],[70.482361,23.065418]],[[68.609016,23.231253],[68.609016,23.231253]],[[68.594307,23.262083],[68.594307,23.262083]],[[68.65847,23.27125],[68.65847,23.27125]],[[68.628746,23.29014],[68.628746,23.29014]],[[68.705139,23.31181],[68.705139,23.31181]],[[68.558197,23.313751],[68.574028,23.294306],[68.598747,23.30014],[68.612358,23.279028],[68.590698,23.266251],[68.575142,23.24641],[68.553192,23.258753],[68.53875,23.279583],[68.564308,23.278471],[68.553749,23.301531],[68.558197,23.313751]],[[68.642639,23.31403],[68.642639,23.31403]],[[68.632637,23.31764],[68.632637,23.31764]],[[68.639862,23.318472],[68.639862,23.318472]],[[68.58847,23.319031],[68.611526,23.309313],[68.586533,23.312641],[68.58847,23.319031]],[[68.631813,23.321251],[68.631813,23.321251]],[[68.627083,23.321812],[68.627083,23.321812]],[[68.626808,23.325972],[68.626808,23.325972]],[[68.542076,23.34153],[68.542076,23.34153]],[[68.55014,23.34153],[68.55014,23.34153]],[[68.556808,23.34181],[68.556808,23.34181]],[[68.505974,23.342361],[68.526802,23.328196],[68.503197,23.33736],[68.505974,23.342361]],[[68.525139,23.34403],[68.525139,23.34403]],[[68.563751,23.344862],[68.563751,23.344862]],[[68.631531,23.351805],[68.631531,23.351805]],[[68.473198,23.35681],[68.473198,23.35681]],[[68.573471,23.360418],[68.573471,23.360418]],[[68.597916,23.360971],[68.597916,23.360971]],[[68.589027,23.374311],[68.605423,23.355421],[68.620407,23.332918],[68.598747,23.34597],[68.578476,23.36097],[68.589027,23.374311]],[[68.540703,23.37764],[68.540703,23.37764]],[[68.502914,23.383472],[68.502914,23.383472]],[[68.504585,23.384583],[68.504585,23.384583]],[[68.536247,23.38542],[68.536247,23.38542]],[[68.579308,23.38542],[68.579308,23.38542]],[[68.535141,23.387638],[68.535141,23.387638]],[[68.554016,23.404032],[68.554016,23.404032]],[[68.537361,23.404861],[68.556252,23.388201],[68.558746,23.362638],[68.551247,23.38653],[68.537361,23.404861]],[[68.460983,23.405142],[68.460983,23.405142]],[[68.523476,23.404581],[68.523476,23.404581]],[[68.47097,23.405701],[68.47097,23.405701]],[[68.429863,23.407085],[68.429863,23.407085]],[[68.463196,23.409031],[68.463196,23.409031]],[[68.409027,23.409309],[68.409027,23.409309]],[[68.55764,23.408751],[68.55764,23.408751]],[[68.414581,23.409861],[68.414581,23.409861]],[[68.460693,23.41264],[68.460693,23.41264]],[[68.549576,23.41375],[68.549576,23.41375]],[[68.400421,23.421249],[68.400421,23.421249]],[[68.402084,23.423197],[68.402084,23.423197]],[[68.399864,23.428473],[68.399864,23.428473]],[[68.501808,23.432081],[68.501808,23.432081]],[[68.516808,23.43292],[68.516808,23.43292]],[[68.500687,23.436251],[68.500687,23.436251]],[[68.501251,23.44375],[68.501251,23.44375]],[[68.501251,23.45348],[68.501251,23.45348]],[[68.506813,23.456541],[68.526253,23.439859],[68.503471,23.429306],[68.504028,23.454584],[68.506813,23.456541]],[[68.407913,23.45792],[68.407913,23.45792]],[[68.499031,23.475973],[68.499031,23.475973]],[[68.472862,23.480419],[68.490417,23.462351],[68.490143,23.43708],[68.486526,23.411806],[68.461525,23.414028],[68.46347,23.43903],[68.438469,23.436251],[68.413857,23.43014],[68.435966,23.442078],[68.452362,23.460974],[68.470413,23.47847],[68.472862,23.480419]],[[68.498466,23.489031],[68.498466,23.489031]],[[68.506531,23.492649],[68.506531,23.492649]],[[68.510971,23.492649],[68.510971,23.492649]],[[68.486809,23.495419],[68.486809,23.495419]],[[68.46653,23.497923],[68.46653,23.497923]],[[68.437363,23.50042],[68.437363,23.50042]],[[68.480698,23.501251],[68.480698,23.501251]],[[68.467918,23.524033],[68.467918,23.524033]],[[68.475136,23.528761],[68.475136,23.528761]],[[68.473473,23.537083],[68.473473,23.537083]],[[68.482361,23.550423],[68.482361,23.550423]],[[68.479309,23.55542],[68.464577,23.535139],[68.479309,23.55542]],[[68.223473,23.58625],[68.223473,23.58625]],[[68.255142,23.590139],[68.255142,23.590139]],[[68.216248,23.591249],[68.216248,23.591249]],[[68.482086,23.596809],[68.482086,23.571527],[68.46653,23.551805],[68.445137,23.538471],[68.433197,23.515421],[68.430138,23.542921],[68.444313,23.563749],[68.465698,23.576813],[68.482086,23.596809]],[[68.458473,23.600418],[68.458473,23.575418],[68.455696,23.600418],[68.458473,23.600418]],[[68.482086,23.606531],[68.482086,23.606531]],[[68.456253,23.624861],[68.466248,23.60125],[68.44236,23.588472],[68.435974,23.613472],[68.456253,23.624861]],[[68.484581,23.627918],[68.490417,23.603472],[68.467361,23.59347],[68.472359,23.618195],[68.484581,23.627918]],[[68.477913,23.722361],[68.477913,23.722361]],[[68.449577,23.73234],[68.449577,23.73234]],[[68.467361,23.739861],[68.467361,23.739861]],[[68.486809,23.745972],[68.486809,23.745972]],[[68.21653,23.77931],[68.21653,23.77931]],[[68.349312,23.80014],[68.349312,23.80014]],[[68.358467,23.80514],[68.379303,23.790972],[68.404587,23.786251],[68.418747,23.76486],[68.416527,23.73764],[68.414307,23.712639],[68.404861,23.689028],[68.395691,23.664307],[68.380417,23.64403],[68.385971,23.668751],[68.374863,23.644306],[68.358177,23.62431],[68.348473,23.600981],[68.325966,23.589312],[68.301262,23.593201],[68.277359,23.585421],[68.287361,23.608475],[68.301529,23.629862],[68.276527,23.632084],[68.269028,23.607641],[68.243752,23.606531],[68.225136,23.589582],[68.200691,23.595695],[68.186531,23.61875],[68.198753,23.640694],[68.223198,23.647081],[68.248192,23.64403],[68.27375,23.647081],[68.299576,23.64736],[68.274582,23.649311],[68.247643,23.64542],[68.271248,23.653749],[68.286247,23.67375],[68.304031,23.69153],[68.314583,23.71431],[68.33625,23.727079],[68.342918,23.751251],[68.34597,23.776529],[68.351524,23.800972],[68.358467,23.80514]],[[68.605141,23.809586],[68.605141,23.809586]],[[68.596527,23.812641],[68.596527,23.812641]],[[68.307907,23.82375],[68.321251,23.802361],[68.314308,23.777922],[68.319031,23.75264],[68.307358,23.730431],[68.289024,23.747917],[68.294586,23.723188],[68.274582,23.707918],[68.265686,23.732641],[68.264305,23.759861],[68.271797,23.784309],[68.290695,23.800972],[68.303467,23.822639],[68.307907,23.82375]],[[68.496529,23.830973],[68.518196,23.818472],[68.514313,23.793463],[68.521805,23.769583],[68.50042,23.75625],[68.474586,23.753469],[68.45153,23.74181],[68.450974,23.767082],[68.449577,23.79236],[68.456802,23.81653],[68.480972,23.82375],[68.496529,23.830973]],[[68.707077,23.85125],[68.707077,23.85125]],[[68.699303,23.853201],[68.699303,23.853201]],[[68.533203,23.873751],[68.533203,23.873751]],[[68.395691,23.878197],[68.419304,23.869305],[68.428749,23.84597],[68.429306,23.820971],[68.414581,23.800694],[68.391808,23.812084],[68.385406,23.836531],[68.38958,23.81181],[68.364311,23.80986],[68.340141,23.802361],[68.346802,23.826818],[68.357635,23.849583],[68.375137,23.86764],[68.395691,23.878197]],[[68.248192,23.880421],[68.24292,23.855972],[68.218475,23.847082],[68.22625,23.870972],[68.248192,23.880421]],[[68.449303,23.938473],[68.445419,23.91375],[68.44986,23.88792],[68.435143,23.86764],[68.414307,23.881805],[68.38958,23.87681],[68.371803,23.85903],[68.350136,23.84597],[68.356804,23.872084],[68.350693,23.896528],[68.375969,23.90653],[68.401253,23.91153],[68.422638,23.924862],[68.445137,23.936251],[68.449303,23.938473]],[[68.535416,23.945972],[68.557083,23.931805],[68.580971,23.923195],[68.566803,23.902361],[68.553749,23.880968],[68.530136,23.872641],[68.505692,23.864307],[68.487083,23.884583],[68.505966,23.901251],[68.527084,23.914862],[68.52597,23.939861],[68.535416,23.945972]],[[68.525696,23.94953],[68.525696,23.94953]],[[68.482086,23.99264],[68.502357,23.977638],[68.497643,23.95236],[68.519028,23.93903],[68.509857,23.915701],[68.489029,23.901806],[68.477081,23.87958],[68.462082,23.85931],[68.43792,23.850971],[68.445137,23.87542],[68.452637,23.899311],[68.454308,23.924583],[68.43264,23.937084],[68.440407,23.96125],[68.45153,23.983749],[68.475418,23.992069],[68.482086,23.99264]],[[68.430138,23.99542],[68.434303,23.968193],[68.42292,23.945415],[68.409027,23.924583],[68.385696,23.914305],[68.36042,23.91264],[68.343491,23.89403],[68.348198,23.86764],[68.339859,23.843752],[68.336807,23.81875],[68.31208,23.823191],[68.295128,23.804312],[68.272362,23.793751],[68.265686,23.76931],[68.264305,23.744307],[68.256248,23.720419],[68.265976,23.697359],[68.247086,23.679308],[68.225975,23.693472],[68.206528,23.709305],[68.192917,23.730415],[68.204582,23.75264],[68.225136,23.767361],[68.216248,23.793194],[68.209862,23.819033],[68.230141,23.83486],[68.254585,23.845694],[68.277359,23.834305],[68.25486,23.846533],[68.258751,23.87125],[68.284302,23.869305],[68.309303,23.872639],[68.284309,23.872084],[68.259018,23.875141],[68.272636,23.89625],[68.282364,23.919308],[68.307358,23.918472],[68.332359,23.916531],[68.346237,23.937361],[68.347359,23.96236],[68.364861,23.980421],[68.385406,23.965973],[68.408195,23.976528],[68.425697,23.994583],[68.430138,23.99542]],[[72.10186,24.643339],[72.125298,24.631639],[72.150726,24.634102],[72.175591,24.612711],[72.201447,24.61615],[72.229988,24.632881],[72.254219,24.621389],[72.293663,24.613201],[72.323738,24.60894],[72.347977,24.621323],[72.342216,24.593521],[72.317848,24.584961],[72.293053,24.59709],[72.250999,24.58016],[72.271683,24.550159],[72.29512,24.538441],[72.332413,24.54244],[72.357933,24.552511],[72.375237,24.531643],[72.386322,24.500511],[72.421112,24.508068],[72.44561,24.49962],[72.436676,24.46051],[72.456238,24.438129],[72.464676,24.40712],[72.500999,24.407339],[72.500557,24.450291],[72.518776,24.472992],[72.542137,24.504869],[72.574226,24.48814],[72.604126,24.469109],[72.63932,24.46146],[72.674431,24.456963],[72.693466,24.419281],[72.706642,24.391333],[72.732536,24.361271],[72.772827,24.360741],[72.815346,24.358191],[72.853676,24.366011],[72.884293,24.360849],[72.910027,24.3405],[72.946022,24.339281],[72.977493,24.358841],[72.966103,24.383032],[72.979393,24.40564],[72.989311,24.43273],[72.998001,24.46804],[73.027199,24.465113],[73.053391,24.466492],[73.07486,24.482691],[73.098923,24.491491],[73.107193,24.45682],[73.10833,24.426321],[73.088623,24.400089],[73.111198,24.386801],[73.137306,24.364441],[73.162003,24.35268],[73.190392,24.35577],[73.210983,24.37542],[73.216446,24.35047],[73.187012,24.334949],[73.184799,24.309111],[73.151237,24.310793],[73.138947,24.28005],[73.116066,24.26259],[73.100906,24.237711],[73.087227,24.2008],[73.09095,24.17528],[73.113037,24.157791],[73.138466,24.128071],[73.167557,24.116289],[73.191902,24.106548],[73.223816,24.098221],[73.209106,24.066641],[73.208122,24.03948],[73.229401,24.024031],[73.252541,24.01112],[73.275307,24.028021],[73.306816,24.051451],[73.332497,24.073683],[73.331886,24.10401],[73.360817,24.114092],[73.369629,24.08798],[73.396591,24.072531],[73.413757,24.051069],[73.411469,24.025183],[73.410606,23.998331],[73.421463,23.97467],[73.420387,23.936449],[73.40226,23.918221],[73.382378,23.895],[73.366066,23.86907],[73.369522,23.838551],[73.362831,23.79775],[73.3759,23.76667],[73.400009,23.783978],[73.427658,23.76643],[73.450821,23.75259],[73.472893,23.72578],[73.501923,23.70665],[73.511223,23.68008],[73.500526,23.65073],[73.510246,23.620689],[73.54142,23.62265],[73.570747,23.653511],[73.608536,23.654308],[73.632957,23.638531],[73.660736,23.622902],[73.648041,23.59864],[73.642868,23.56962],[73.637001,23.53113],[73.657333,23.51618],[73.640648,23.473042],[73.653206,23.440491],[73.681908,23.457081],[73.709602,23.44449],[73.717216,23.41884],[73.75135,23.442461],[73.777847,23.44232],[73.826889,23.44684],[73.857437,23.404793],[73.877083,23.37833],[73.894928,23.352581],[73.913986,23.335979],[73.938896,23.341419],[73.94371,23.366341],[73.971031,23.377138],[73.984467,23.349451],[74.023613,23.332882],[74.037598,23.30574],[74.076523,23.298191],[74.101662,23.29575],[74.118561,23.27537],[74.13652,23.244801],[74.133911,23.215179],[74.12252,23.19157],[74.145691,23.17523],[74.16494,23.156481],[74.189537,23.171841],[74.207542,23.192051],[74.237022,23.182701],[74.261856,23.1716],[74.276619,23.139772],[74.282028,23.10643],[74.303917,23.083893],[74.322777,23.062691],[74.331917,23.03919],[74.350662,23.01553],[74.365463,22.989811],[74.349716,22.968769],[74.360039,22.942221],[74.377693,22.915531],[74.400383,22.89938],[74.418701,22.918371],[74.444061,22.9226],[74.466362,22.90081],[74.473801,22.8748],[74.471916,22.832651],[74.451683,22.81086],[74.439232,22.785551],[74.42524,22.760241],[74.408516,22.737051],[74.401176,22.71244],[74.394241,22.68574],[74.38414,22.660431],[74.372887,22.63653],[74.344063,22.64213],[74.317207,22.636461],[74.289917,22.64345],[74.263428,22.642721],[74.247543,22.617401],[74.230087,22.596991],[74.213837,22.56744],[74.191711,22.55335],[74.168022,22.541349],[74.15332,22.51742],[74.127609,22.52438],[74.105751,22.53767],[74.078056,22.551628],[74.050041,22.54565],[74.043587,22.516821],[74.037086,22.49151],[74.0588,22.51055],[74.085266,22.508518],[74.090439,22.48255],[74.10611,22.46221],[74.105072,22.433411],[74.1269,22.42013],[74.137283,22.44825],[74.158737,22.43495],[74.1828,22.442751],[74.185417,22.46944],[74.204552,22.44701],[74.237259,22.439341],[74.264122,22.424641],[74.278206,22.40288],[74.256111,22.38599],[74.23085,22.379622],[74.21656,22.357813],[74.194847,22.343719],[74.175888,22.324713],[74.143623,22.330261],[74.129143,22.35269],[74.111961,22.371613],[74.083641,22.362391],[74.074059,22.336382],[74.066803,22.31106],[74.059151,22.285749],[74.07827,22.268248],[74.091583,22.2437],[74.075783,22.221878],[74.101776,22.22056],[74.122459,22.19813],[74.124908,22.172159],[74.133553,22.146193],[74.131348,22.120199],[74.154663,22.105501],[74.178757,22.090111],[74.161797,22.07111],[74.137833,22.053501],[74.120888,22.03027],[74.097702,22.015459],[74.11689,21.998631],[74.141983,21.991232],[74.145348,21.964611],[74.113647,21.9447],[74.07151,21.929602],[74.046669,21.92281],[74.023041,21.905972],[73.979736,21.887501],[73.949181,21.87034],[73.921928,21.856583],[73.879601,21.83864],[73.841522,21.838501],[73.816238,21.828569],[73.833519,21.805161],[73.842949,21.772131],[73.846359,21.742001],[73.871231,21.721918],[73.893967,21.70314],[73.898102,21.667271],[73.885628,21.64506],[73.860252,21.641848],[73.829033,21.63979],[73.800133,21.63464],[73.806839,21.602371],[73.829056,21.57295],[73.840157,21.536909],[73.849892,21.510981],[73.876846,21.501188],[73.903603,21.508753],[73.928398,21.52063],[73.953583,21.5158],[73.966316,21.53907],[73.985687,21.52136],[74.005341,21.54077],[74.041687,21.55135],[74.066269,21.558861],[74.091682,21.55658],[74.117287,21.556528],[74.141701,21.55061],[74.164886,21.560101],[74.188637,21.5515],[74.202118,21.529631],[74.225952,21.537621],[74.250786,21.540689],[74.275436,21.546391],[74.297852,21.55904],[74.31765,21.54212],[74.333359,21.51981],[74.326241,21.494541],[74.305916,21.479391],[74.280182,21.4765],[74.257591,21.463751],[74.236961,21.479288],[74.220657,21.458778],[74.194977,21.464649],[74.169319,21.46343],[74.144653,21.45472],[74.118858,21.449308],[74.093826,21.45524],[74.075272,21.47389],[74.057167,21.455709],[74.052513,21.429951],[74.029083,21.418621],[73.988831,21.40449],[73.961937,21.39311],[73.956589,21.36161],[73.951958,21.330601],[73.948486,21.29755],[73.923546,21.281019],[73.891991,21.262411],[73.858406,21.269951],[73.832138,21.26745],[73.836349,21.24234],[73.820137,21.221861],[73.821342,21.19532],[73.812126,21.172068],[73.787201,21.166321],[73.753067,21.16818],[73.739838,21.140162],[73.713196,21.150461],[73.681313,21.152121],[73.636398,21.13266],[73.619698,21.157949],[73.598198,21.174721],[73.612587,21.152191],[73.628723,21.12015],[73.655373,21.121799],[73.678902,21.109251],[73.710587,21.119022],[73.735802,21.10323],[73.740799,21.07287],[73.747612,21.03998],[73.775642,21.027601],[73.807701,21.022558],[73.816406,20.996052],[73.846832,20.99399],[73.872688,20.99073],[73.898636,20.982229],[73.896942,20.952551],[73.903961,20.925369],[73.922737,20.907749],[73.931236,20.87661],[73.931061,20.848391],[73.947609,20.829399],[73.941147,20.803782],[73.940567,20.76886],[73.949532,20.74231],[73.920906,20.72353],[73.888863,20.731081],[73.873627,20.70772],[73.842758,20.70212],[73.825432,20.673618],[73.847076,20.656363],[73.846413,20.62352],[73.816566,20.609369],[73.787056,20.602259],[73.763947,20.58333],[73.737663,20.57399],[73.709648,20.574503],[73.681366,20.567671],[73.65094,20.57641],[73.632172,20.60224],[73.622192,20.625299],[73.591209,20.645111],[73.562943,20.64739],[73.544762,20.669201],[73.517807,20.670141],[73.498436,20.653419],[73.489189,20.678501],[73.488739,20.7066],[73.458687,20.714319],[73.454529,20.68605],[73.439919,20.664841],[73.414963,20.65604],[73.417976,20.63047],[73.439087,20.601261],[73.468559,20.58877],[73.485847,20.564051],[73.50074,20.540241],[73.476906,20.522038],[73.475937,20.49502],[73.45594,20.47537],[73.437927,20.445723],[73.429283,20.41997],[73.408791,20.404221],[73.390251,20.38019],[73.421738,20.3556],[73.425316,20.320721],[73.436943,20.282122],[73.42041,20.257],[73.422379,20.231762],[73.429916,20.20623],[73.405472,20.197969],[73.376328,20.20532],[73.348061,20.199051],[73.320473,20.204332],[73.294876,20.196211],[73.293213,20.162161],[73.268463,20.13929],[73.243919,20.12904],[73.216316,20.122],[73.195976,20.13994],[73.217751,20.168133],[73.20993,20.197351],[73.181137,20.2024],[73.153641,20.202221],[73.152382,20.17606],[73.12606,20.163628],[73.099487,20.172571],[73.075531,20.16008],[73.074356,20.19252],[73.070366,20.221451],[73.101929,20.228943],[73.12458,20.25672],[73.142708,20.27529],[73.165413,20.287031],[73.177536,20.309071],[73.15242,20.317471],[73.129128,20.30578],[73.121956,20.332878],[73.111382,20.356098],[73.097412,20.335098],[73.07151,20.327169],[73.047676,20.31661],[73.044167,20.291113],[73.024696,20.312799],[73.003571,20.29314],[72.984093,20.271681],[72.957497,20.287701],[72.930336,20.283979],[72.940849,20.24682],[72.965347,20.237181],[72.970428,20.21233],[72.941811,20.21781],[72.916809,20.22477],[72.888733,20.225821],[72.864388,20.20863],[72.843521,20.190041],[72.828842,20.15657],[72.802063,20.14847],[72.774529,20.1308],[72.748306,20.134411],[72.740692,20.158472],[72.74292,20.183472],[72.747917,20.208469],[72.743752,20.23403],[72.750694,20.258194],[72.75486,20.285419],[72.773193,20.302917],[72.774864,20.32847],[72.788757,20.34931],[72.81292,20.356541],[72.842537,20.3992],[72.87011,20.391241],[72.852013,20.411961],[72.838181,20.43726],[72.862381,20.46228],[72.867081,20.48695],[72.885406,20.50514],[72.886253,20.530142],[72.888191,20.555422],[72.897636,20.579031],[72.893753,20.60375],[72.886803,20.62875],[72.875687,20.651253],[72.869026,20.67569],[72.861526,20.699591],[72.854576,20.72431],[72.877357,20.73597],[72.862358,20.757643],[72.842918,20.773474],[72.838753,20.798752],[72.825142,20.820141],[72.816528,20.84375],[72.806252,20.867085],[72.795418,20.890139],[72.789864,20.914583],[72.789024,20.939583],[72.770973,20.921528],[72.755417,20.94125],[72.745407,20.964861],[72.737076,20.98875],[72.731537,21.013201],[72.723747,21.040421],[72.747643,21.050694],[72.769302,21.063471],[72.744308,21.065142],[72.720139,21.072361],[72.702919,21.090973],[72.706528,21.115973],[72.714584,21.13986],[72.694031,21.154583],[72.668747,21.155701],[72.659859,21.13125],[72.659859,21.10597],[72.65403,21.081249],[72.629303,21.076529],[72.626526,21.101805],[72.625687,21.126808],[72.620148,21.152361],[72.619583,21.178751],[72.619308,21.205139],[72.641258,21.21736],[72.622086,21.233473],[72.600418,21.246531],[72.596802,21.27154],[72.589302,21.295692],[72.598473,21.319033],[72.615417,21.33765],[72.629028,21.358763],[72.64875,21.37431],[72.623192,21.365139],[72.632362,21.38847],[72.650696,21.40597],[72.664581,21.426805],[72.684593,21.44208],[72.696251,21.464306],[72.677635,21.447083],[72.654305,21.437916],[72.65403,21.463194],[72.666809,21.486422],[72.670967,21.51125],[72.689857,21.527918],[72.714577,21.531813],[72.738197,21.54014],[72.712906,21.535419],[72.687637,21.537361],[72.66375,21.52986],[72.645973,21.511806],[72.629303,21.492922],[72.618469,21.516251],[72.610687,21.54125],[72.607918,21.56653],[72.614029,21.590975],[72.627357,21.612362],[72.65097,21.62125],[72.67514,21.629028],[72.694305,21.64514],[72.719307,21.639584],[72.744583,21.641806],[72.769585,21.646807],[72.795135,21.647083],[72.818192,21.65736],[72.787086,21.662081],[72.762642,21.669031],[72.74514,21.687084],[72.720139,21.68292],[72.69458,21.680971],[72.669586,21.68292],[72.644859,21.678471],[72.616249,21.680422],[72.59153,21.676531],[72.568466,21.66625],[72.544296,21.659861],[72.526253,21.677629],[72.509583,21.700701],[72.525696,21.72014],[72.541252,21.739861],[72.546249,21.766251],[72.552086,21.79236],[72.564857,21.81403],[72.552361,21.835699],[72.527641,21.847641],[72.518471,21.874031],[72.508751,21.897083],[72.505966,21.92514],[72.50264,21.950701],[72.504593,21.97653],[72.509308,22.00153],[72.516525,22.025694],[72.521805,22.050694],[72.526253,22.07542],[72.532913,22.10014],[72.540138,22.125141],[72.547363,22.14986],[72.558746,22.172642],[72.573753,22.19264],[72.592918,22.20875],[72.620972,22.21736],[72.647362,22.217085],[72.669029,22.20458],[72.690697,22.192083],[72.714859,22.185141],[72.738472,22.176531],[72.763191,22.180695],[72.777916,22.200972],[72.789864,22.223473],[72.805687,22.24292],[72.830971,22.239584],[72.855141,22.232361],[72.879303,22.224581],[72.902359,22.234304],[72.917076,22.25458],[72.893753,22.24542],[72.866806,22.24264],[72.855698,22.266809],[72.832642,22.276531],[72.810417,22.264858],[72.789307,22.251251],[72.768471,22.237083],[72.743752,22.23208],[72.718475,22.235971],[72.691528,22.237083],[72.672363,22.253195],[72.658203,22.274031],[72.635414,22.284582],[72.61042,22.279861],[72.589027,22.266809],[72.56736,22.254305],[72.544586,22.24375],[72.536247,22.268473],[72.524307,22.24542],[72.505699,22.228479],[72.491806,22.20764],[72.491806,22.233473],[72.469025,22.244305],[72.455971,22.265694],[72.44458,22.288195],[72.425423,22.30431],[72.400139,22.307362],[72.404587,22.33226],[72.412636,22.356251],[72.396248,22.375694],[72.372093,22.382641],[72.390419,22.365417],[72.384583,22.340971],[72.372643,22.318472],[72.392906,22.29875],[72.415695,22.287361],[72.414024,22.262362],[72.414856,22.23708],[72.407356,22.213188],[72.382362,22.218193],[72.380692,22.243195],[72.366806,22.264589],[72.369026,22.239578],[72.360687,22.215139],[72.377907,22.196529],[72.389305,22.173195],[72.378197,22.150694],[72.365974,22.172916],[72.356529,22.148203],[72.345139,22.125694],[72.328476,22.144583],[72.317917,22.167921],[72.306526,22.19042],[72.311806,22.165693],[72.31208,22.14069],[72.317917,22.115971],[72.311531,22.090973],[72.305687,22.06514],[72.29847,22.040703],[72.292915,22.016251],[72.286247,21.990141],[72.279861,21.964306],[72.277916,21.93931],[72.260971,21.958471],[72.25486,21.98292],[72.255692,22.008194],[72.246529,22.03153],[72.250687,22.05625],[72.273483,22.06653],[72.29847,22.064306],[72.302361,22.089031],[72.277359,22.090973],[72.261787,22.071251],[72.239304,22.05986],[72.230698,22.035681],[72.217918,22.014029],[72.193748,22.022362],[72.175972,22.04014],[72.183762,22.016251],[72.205696,22.003471],[72.230415,22.008194],[72.226517,21.983191],[72.221527,21.957081],[72.198196,21.947639],[72.17514,21.957361],[72.156807,21.974861],[72.169586,21.953194],[72.189308,21.937641],[72.212357,21.947639],[72.229858,21.92931],[72.246246,21.910419],[72.256531,21.88736],[72.255142,21.85931],[72.258751,21.83264],[72.258751,21.807083],[72.260971,21.781528],[72.269585,21.757641],[72.249863,21.773472],[72.237358,21.795418],[72.214577,21.80625],[72.19986,21.82653],[72.212639,21.804861],[72.23542,21.791811],[72.244308,21.76708],[72.251251,21.742916],[72.261787,21.72014],[72.274307,21.698475],[72.285423,21.67514],[72.296516,21.652361],[72.305969,21.628469],[72.291809,21.607641],[72.277916,21.586805],[72.267365,21.563192],[72.26403,21.537361],[72.256248,21.513201],[72.248474,21.48875],[72.236809,21.466532],[72.224861,21.444304],[72.210419,21.42375],[72.191803,21.406807],[72.172363,21.390972],[72.159859,21.369301],[72.143471,21.35042],[72.126808,21.331528],[72.113197,21.310421],[72.109581,21.285418],[72.08847,21.29903],[72.093475,21.274305],[72.085976,21.250416],[72.092918,21.22625],[72.113747,21.212084],[72.097641,21.192921],[72.075691,21.180695],[72.053474,21.169027],[72.03125,21.156811],[72.010139,21.142918],[72.01458,21.167641],[71.990974,21.159306],[71.980423,21.13653],[71.958473,21.123472],[71.93486,21.115141],[71.909584,21.110697],[71.887642,21.098473],[71.863747,21.086811],[71.839302,21.075138],[71.814308,21.069031],[71.800423,21.048191],[71.777351,21.038191],[71.759583,21.02014],[71.734306,21.02014],[71.709297,21.017641],[71.686531,21.006811],[71.660973,20.999031],[71.638191,20.987921],[71.622917,20.967918],[71.597359,20.967361],[71.574577,20.954308],[71.54792,20.949583],[71.522919,20.947639],[71.510971,20.92514],[71.488197,20.914583],[71.478203,20.891533],[71.455139,20.88097],[71.432358,20.868473],[71.40625,20.867916],[71.38208,20.875139],[71.369583,20.85347],[71.344025,20.850971],[71.31958,20.84514],[71.296249,20.835421],[71.27375,20.824032],[71.250778,20.813749],[71.225693,20.803471],[71.203751,20.79125],[71.179306,20.784033],[71.155136,20.777639],[71.140694,20.757084],[71.115417,20.760416],[71.089859,20.757362],[71.075691,20.73653],[71.050972,20.731531],[71.024849,20.739031],[70.999863,20.73514],[70.975418,20.740694],[70.948547,20.733742],[70.920937,20.72891],[70.896896,20.720001],[70.873749,20.709829],[70.888748,20.730143],[70.914024,20.735695],[70.888191,20.733749],[70.863747,20.73958],[70.843582,20.760389],[70.86721,20.76947],[70.867416,20.79505],[70.893852,20.794701],[70.896179,20.824793],[70.873039,20.83497],[70.84166,20.832392],[70.820213,20.849161],[70.846428,20.86058],[70.875137,20.86891],[70.897057,20.88224],[70.892418,20.929981],[70.880203,20.955379],[70.855049,20.96125],[70.827606,20.965271],[70.793533,20.95945],[70.768028,20.96196],[70.74649,20.98897],[70.730721,20.96014],[70.719383,20.936951],[70.71315,20.90563],[70.694168,20.882961],[70.684479,20.850969],[70.678276,20.8263],[70.681969,20.801111],[70.676933,20.771509],[70.652077,20.764311],[70.627357,20.768194],[70.604027,20.777361],[70.580696,20.786806],[70.558746,20.79903],[70.534859,20.806528],[70.512642,20.81847],[70.488747,20.82819],[70.466248,20.839581],[70.44458,20.852081],[70.423195,20.865417],[70.405693,20.883471],[70.384857,20.89764],[70.360687,20.904032],[70.339859,20.917917],[70.318192,20.930695],[70.297638,20.945692],[70.277359,20.960421],[70.256813,20.974861],[70.239586,20.993195],[70.218193,21.006805],[70.198753,21.022638],[70.178749,21.037642],[70.159859,21.05431],[70.141808,21.072639],[70.12236,21.088472],[70.102638,21.105694],[70.082909,21.12125],[70.06514,21.139038],[70.046799,21.156248],[70.03347,21.177641],[70.013466,21.19264],[69.995972,21.210695],[69.979309,21.229586],[69.962364,21.248194],[69.945969,21.26708],[69.929031,21.285694],[69.912636,21.304583],[69.895973,21.323475],[69.879593,21.34264],[69.86264,21.36125],[69.846252,21.38014],[69.829857,21.399033],[69.813469,21.417921],[69.796516,21.436529],[69.779587,21.455141],[69.804581,21.455975],[69.779587,21.45875],[69.761253,21.475973],[69.744026,21.494305],[69.727638,21.513197],[69.71125,21.532084],[69.726517,21.552641],[69.749863,21.561806],[69.763748,21.584028],[69.754303,21.607361],[69.745697,21.630972],[69.72097,21.635139],[69.697632,21.64431],[69.698196,21.619307],[69.717087,21.60264],[69.693474,21.594307],[69.684303,21.617651],[69.660141,21.625973],[69.63903,21.639584],[69.659027,21.623472],[69.676529,21.605415],[69.697632,21.590971],[69.718475,21.577085],[69.715416,21.551241],[69.690414,21.549303],[69.671806,21.56624],[69.654587,21.584583],[69.637077,21.60264],[69.619858,21.620972],[69.600693,21.63736],[69.57653,21.64403],[69.557083,21.659861],[69.538193,21.67625],[69.519577,21.693201],[69.501251,21.710421],[69.483467,21.728201],[69.464302,21.744305],[69.444031,21.759312],[69.424576,21.775141],[69.40625,21.79236],[69.388748,21.810694],[69.371803,21.829306],[69.349586,21.840973],[69.329857,21.856531],[69.310692,21.872641],[69.291809,21.88903],[69.272919,21.90542],[69.254303,21.922361],[69.23597,21.93959],[69.218193,21.957361],[69.201813,21.97625],[69.183746,21.993761],[69.166527,22.012083],[69.149307,22.03042],[69.13208,22.04875],[69.114586,22.066805],[69.098763,22.086531],[69.081802,22.10515],[69.063187,22.122082],[69.045692,22.140141],[69.029861,22.159584],[69.01236,22.177641],[68.99514,22.195971],[68.979309,22.215416],[68.964584,22.235697],[68.956802,22.260139],[68.945137,22.282364],[68.936806,22.305973],[68.941803,22.331251],[68.958191,22.35014],[68.961807,22.37542],[68.97403,22.39736],[68.989586,22.417082],[69.005409,22.436531],[69.026802,22.450138],[69.049026,22.46236],[69.06736,22.47958],[69.074593,22.45542],[69.053459,22.441252],[69.052086,22.41625],[69.067917,22.396805],[69.092918,22.395416],[69.117081,22.40514],[69.142365,22.403473],[69.166252,22.412638],[69.19014,22.421806],[69.198471,22.398199],[69.182083,22.379305],[69.177086,22.354584],[69.168198,22.330141],[69.160698,22.306252],[69.177078,22.287361],[69.196251,22.27125],[69.21875,22.259861],[69.245407,22.264589],[69.269859,22.27014],[69.293472,22.278473],[69.315414,22.290695],[69.335136,22.306805],[69.349586,22.32736],[69.372917,22.318195],[69.397919,22.320694],[69.422638,22.316526],[69.446251,22.330971],[69.473473,22.332916],[69.489296,22.352921],[69.508194,22.369305],[69.522087,22.390141],[69.515976,22.414583],[69.499306,22.433472],[69.523193,22.424858],[69.542084,22.408472],[69.555969,22.386806],[69.560692,22.361805],[69.585693,22.361811],[69.578194,22.337917],[69.599861,22.35042],[69.606247,22.325693],[69.617081,22.348473],[69.640686,22.35903],[69.657082,22.377916],[69.676529,22.394583],[69.697639,22.409025],[69.701805,22.43375],[69.677917,22.441252],[69.698753,22.455141],[69.722359,22.463751],[69.737953,22.443474],[69.761803,22.435972],[69.777916,22.416813],[69.796806,22.400141],[69.815697,22.416813],[69.826248,22.439583],[69.807358,22.45653],[69.832642,22.450972],[69.838753,22.477083],[69.848747,22.454027],[69.873749,22.447361],[69.892906,22.464031],[69.912086,22.480694],[69.923195,22.503195],[69.947906,22.507359],[69.955406,22.531248],[69.978752,22.540421],[70.004028,22.544306],[70.028473,22.549583],[70.054031,22.552641],[70.079582,22.54847],[70.105423,22.546532],[70.137642,22.548195],[70.162918,22.551531],[70.179031,22.570694],[70.193474,22.592361],[70.197639,22.617083],[70.219856,22.62958],[70.234863,22.64987],[70.246529,22.672361],[70.239029,22.696253],[70.25486,22.715973],[70.274307,22.733473],[70.293747,22.74958],[70.303467,22.772638],[70.310966,22.79653],[70.328476,22.814583],[70.337639,22.839031],[70.350418,22.861811],[70.364296,22.882643],[70.379303,22.902639],[70.401527,22.915421],[70.420967,22.93125],[70.429581,22.954861],[70.44236,22.976528],[70.459862,22.994583],[70.472641,23.016253],[70.482361,23.039862],[70.491249,23.064308],[70.465126,23.067638],[70.44014,23.063473],[70.420135,23.048471],[70.403191,23.02986],[70.394302,23.00514],[70.394585,22.973473],[70.387085,22.94875],[70.365417,22.936253],[70.340416,22.93125],[70.316528,22.939306],[70.291809,22.945421],[70.268753,22.955418],[70.250969,22.973194],[70.226807,22.966249],[70.205971,22.980417],[70.224304,22.963194],[70.202362,22.950974],[70.177361,22.95097],[70.152084,22.948471],[70.130142,22.961248],[70.132637,22.98625],[70.143188,23.009029],[70.125137,22.991528],[70.112076,22.97014],[70.126251,22.949301],[70.10125,22.941807],[70.131531,22.94375],[70.122093,22.920422],[70.100136,22.908194],[70.072906,22.90542],[70.04847,22.899586],[70.021248,22.901531],[69.995972,22.90292],[69.969864,22.896805],[69.94458,22.892639],[69.924026,22.878195],[69.902084,22.865973],[69.877357,22.87208],[69.852081,22.867641],[69.828751,22.858475],[69.803749,22.851805],[69.782082,22.839031],[69.761528,22.824583],[69.745697,22.80514],[69.737923,22.78125],[69.720703,22.76292],[69.713196,22.739031],[69.688759,22.74542],[69.66597,22.75597],[69.642906,22.76597],[69.636803,22.790421],[69.63958,22.765417],[69.614586,22.766809],[69.589859,22.761806],[69.566254,22.771805],[69.545143,22.786249],[69.520416,22.790703],[69.494858,22.787359],[69.473747,22.77347],[69.449303,22.77986],[69.427917,22.792921],[69.406525,22.805973],[69.382637,22.815142],[69.358192,22.822639],[69.332359,22.827639],[69.303749,22.832361],[69.276527,22.825972],[69.250137,22.82958],[69.22847,22.842081],[69.203476,22.839582],[69.179581,22.847641],[69.158203,22.86125],[69.135406,22.871531],[69.114586,22.885695],[69.093475,22.899305],[69.072083,22.91264],[69.050423,22.92514],[69.027641,22.936531],[69.005142,22.94875],[68.982086,22.959305],[68.959587,22.971251],[68.937637,22.983311],[68.916527,22.99708],[68.894859,23.009861],[68.873192,23.02264],[68.851517,23.035151],[68.829865,23.047916],[68.808197,23.060696],[68.785423,23.072639],[68.761253,23.079306],[68.74292,23.096533],[68.722649,23.111252],[68.70208,23.125692],[68.680687,23.13903],[68.65847,23.150694],[68.639862,23.16765],[68.659309,23.15181],[68.644585,23.172083],[68.624863,23.187639],[68.605972,23.204306],[68.586533,23.22014],[68.611526,23.21792],[68.636803,23.220421],[68.612923,23.22847],[68.62986,23.247086],[68.653198,23.259029],[68.635139,23.276531],[68.652641,23.29458],[68.678192,23.299864],[68.704582,23.30542],[68.728462,23.297359],[68.750687,23.30904],[68.727638,23.299311],[68.707642,23.314861],[68.68264,23.307083],[68.660423,23.319031],[68.635414,23.316807],[68.62458,23.339582],[68.612915,23.361805],[68.600693,23.383751],[68.575966,23.387638],[68.562363,23.411249],[68.539581,23.422085],[68.530136,23.445974],[68.519302,23.469028],[68.49987,23.48542],[68.496529,23.510422],[68.490143,23.535139],[68.494858,23.55986],[68.487358,23.58736],[68.491806,23.61375],[68.49292,23.639311],[68.510139,23.657639],[68.535973,23.659582],[68.527084,23.683472],[68.547081,23.69875],[68.560417,23.72014],[68.584862,23.72958],[68.602638,23.74736],[68.625969,23.756531],[68.640686,23.776812],[68.654587,23.79764],[68.677917,23.80764],[68.698471,23.823196],[68.723473,23.827641],[68.743752,23.842361],[68.747643,23.867083],[68.718483,23.85931],[68.693474,23.860416],[68.668198,23.859861],[68.648193,23.84486],[68.624031,23.83597],[68.600693,23.84514],[68.581528,23.829029],[68.568466,23.80764],[68.55542,23.786251],[68.540695,23.76597],[68.519028,23.779306],[68.531517,23.800968],[68.517082,23.821529],[68.540138,23.831806],[68.555138,23.851807],[68.568474,23.873194],[68.589027,23.88792],[68.61042,23.901531],[68.635139,23.896805],[68.654297,23.912922],[68.630417,23.904305],[68.619583,23.927082],[68.597641,23.93931],[68.572357,23.924313],[68.548195,23.933195],[68.542915,23.958197],[68.68631,23.9624],[68.721474,23.962202],[68.749245,23.962046],[68.750923,23.999998],[68.75956,24.035822],[68.761398,24.100023],[68.76181,24.161222],[68.762161,24.191029],[68.764175,24.235989],[68.764122,24.284122],[68.792282,24.299994],[68.826355,24.308395],[68.835854,24.249884],[68.847725,24.20838],[68.872421,24.200661],[68.897949,24.19886],[68.912788,24.241131],[68.933601,24.268572],[68.959999,24.25363],[68.981491,24.228544],[69.013718,24.229074],[69.039452,24.242102],[69.070091,24.260241],[69.105476,24.266073],[69.136963,24.253265],[69.17289,24.241383],[69.199768,24.235199],[69.22229,24.247452],[69.267746,24.263702],[69.292564,24.273914],[69.330811,24.273996],[69.361938,24.266174],[69.391884,24.269106],[69.43158,24.273653],[69.458542,24.266876],[69.484192,24.25741],[69.528183,24.259041],[69.556351,24.264921],[69.600677,24.277847],[69.669563,24.216646],[69.693054,24.197891],[69.71653,24.179592],[69.741325,24.174135],[69.766586,24.171658],[69.825325,24.167461],[69.858047,24.166416],[69.898766,24.165216],[69.978683,24.165051],[70.011864,24.167641],[70.048904,24.183546],[70.077309,24.215643],[70.104004,24.269722],[70.119041,24.290699],[70.143974,24.298002],[70.19088,24.308218],[70.230812,24.316536],[70.270714,24.32988],[70.29689,24.339914],[70.325592,24.347439],[70.357567,24.351995],[70.459633,24.386976],[70.531555,24.410044],[70.560127,24.418594],[70.593193,24.411732],[70.608406,24.391571],[70.596581,24.36762],[70.576843,24.348431],[70.579681,24.319832],[70.572258,24.293577],[70.572426,24.264929],[70.593552,24.240274],[70.633575,24.232656],[70.689835,24.223255],[70.725822,24.220865],[70.763794,24.22076],[70.791023,24.221992],[70.816246,24.225046],[70.84169,24.237947],[70.865639,24.250843],[70.894104,24.257097],[70.884262,24.280943],[70.899727,24.301102],[70.921227,24.314838],[70.944511,24.33403],[70.967461,24.347252],[70.992096,24.358641],[71.016678,24.34598],[71.047188,24.34734],[71.075409,24.368431],[71.099564,24.385124],[71.125023,24.392933],[71.124153,24.42771],[71.093094,24.435934],[71.02858,24.433378],[71.007011,24.446873],[71.011658,24.49151],[71.015343,24.52277],[70.998268,24.54134],[71.003403,24.56646],[71.000557,24.599213],[71.015266,24.620352],[71.046097,24.638811],[71.072998,24.65403],[71.099419,24.673964],[71.146736,24.65801],[71.171646,24.648861],[71.197098,24.642929],[71.237892,24.62851],[71.287148,24.612711],[71.317772,24.63592],[71.342766,24.64823],[71.367027,24.631901],[71.394516,24.62701],[71.42231,24.638102],[71.445312,24.653971],[71.474243,24.6632],[71.503532,24.673809],[71.536972,24.678921],[71.568443,24.673521],[71.592453,24.665588],[71.618332,24.668362],[71.640572,24.65608],[71.66156,24.633261],[71.685997,24.639841],[71.716316,24.654329],[71.745773,24.65428],[71.784508,24.668859],[71.812927,24.660879],[71.812592,24.632521],[71.838608,24.616381],[71.8647,24.619551],[71.862556,24.649481],[71.876472,24.675159],[71.904167,24.669041],[71.918793,24.6462],[71.939522,24.627602],[71.962181,24.638451],[71.990776,24.6514],[71.99408,24.677551],[72.031616,24.691811],[72.05249,24.70579],[72.079582,24.700338],[72.092323,24.674761],[72.090912,24.648691],[72.10186,24.643339]]]]}},{"type":"Feature","properties":{"name":"Haryana"},"geometry":{"type":"Polygon","coordinates":[[[76.837151,30.878872],[76.861786,30.87355],[76.886551,30.8883],[76.91584,30.869329],[76.927513,30.837353],[76.953751,30.811211],[76.979103,30.798813],[76.991211,30.773453],[77.006447,30.74951],[77.033707,30.755421],[77.061707,30.746128],[77.086273,30.739943],[77.103172,30.720449],[77.125122,30.7071],[77.147438,30.69348],[77.155197,30.66806],[77.160446,30.642401],[77.15863,30.61381],[77.146927,30.588961],[77.125877,30.57369],[77.122337,30.548231],[77.145538,30.5378],[77.174553,30.530519],[77.195892,30.51177],[77.199043,30.484543],[77.226768,30.488611],[77.251778,30.484411],[77.274559,30.464041],[77.300697,30.456598],[77.326256,30.463182],[77.353493,30.448561],[77.380386,30.44614],[77.395462,30.42094],[77.417236,30.43384],[77.435593,30.45101],[77.43972,30.4244],[77.415901,30.41283],[77.443016,30.4046],[77.467972,30.411779],[77.491188,30.42498],[77.505341,30.44836],[77.525772,30.417141],[77.542892,30.39723],[77.565346,30.38489],[77.590126,30.37726],[77.574631,30.346951],[77.573868,30.318911],[77.545319,30.29414],[77.524681,30.277981],[77.505508,30.242241],[77.488533,30.21874],[77.476776,30.195011],[77.455986,30.180962],[77.430611,30.16643],[77.411423,30.149691],[77.408653,30.123201],[77.396736,30.09576],[77.3685,30.091558],[77.337166,30.068241],[77.312912,30.060539],[77.28611,30.057489],[77.27314,30.03404],[77.261917,30.00732],[77.235481,29.981173],[77.22374,29.95475],[77.202568,29.931089],[77.180168,29.906212],[77.182457,29.87328],[77.167587,29.84639],[77.155647,29.81679],[77.142227,29.787571],[77.118286,29.775551],[77.112953,29.7486],[77.140213,29.717272],[77.125526,29.696911],[77.131142,29.666349],[77.109703,29.64724],[77.100479,29.622272],[77.085617,29.6008],[77.101982,29.577],[77.109718,29.55299],[77.086227,29.539499],[77.09761,29.512012],[77.119896,29.49733],[77.114021,29.470291],[77.131981,29.450491],[77.124878,29.422171],[77.133461,29.398439],[77.116943,29.37668],[77.120033,29.349791],[77.146446,29.34506],[77.154213,29.316921],[77.137619,29.28747],[77.142479,29.2516],[77.12722,29.228142],[77.138138,29.201061],[77.132408,29.17181],[77.13858,29.134769],[77.124413,29.113461],[77.141602,29.086811],[77.162323,29.065372],[77.176521,29.03647],[77.203796,29.01672],[77.207909,28.99106],[77.190956,28.961651],[77.204422,28.93998],[77.216026,28.91143],[77.199097,28.892681],[77.183189,28.871771],[77.159599,28.857443],[77.139198,28.841669],[77.12854,28.865391],[77.099457,28.87244],[77.075851,28.884512],[77.049759,28.87319],[77.03154,28.83679],[76.989723,28.839161],[76.960831,28.831671],[76.937363,28.809151],[76.94397,28.77853],[76.947441,28.751131],[76.941261,28.71703],[76.948387,28.68799],[76.923103,28.66921],[76.933907,28.63765],[76.904007,28.637939],[76.877937,28.63763],[76.860901,28.60251],[76.83503,28.5914],[76.837616,28.55699],[76.859207,28.54192],[76.879463,28.523998],[76.908478,28.51491],[76.944626,28.51363],[76.968468,28.52758],[77.005547,28.514441],[77.000206,28.542],[77.033142,28.528339],[77.056961,28.513861],[77.085983,28.51086],[77.107666,28.49387],[77.106049,28.4659],[77.118301,28.44243],[77.142433,28.435711],[77.165771,28.408461],[77.195221,28.412531],[77.222748,28.41897],[77.243187,28.43368],[77.233116,28.45945],[77.242653,28.4846],[77.271111,28.49703],[77.296272,28.49115],[77.321701,28.49939],[77.360481,28.49786],[77.376007,28.47616],[77.400032,28.4667],[77.425781,28.45454],[77.435997,28.43161],[77.468697,28.41753],[77.485893,28.379702],[77.485176,28.35021],[77.465927,28.333941],[77.495789,28.307041],[77.492737,28.28063],[77.464813,28.27743],[77.487076,28.261761],[77.511597,28.254551],[77.53878,28.25441],[77.515579,28.229761],[77.519119,28.20178],[77.48912,28.21199],[77.492119,28.185101],[77.520821,28.19174],[77.511597,28.16489],[77.495293,28.145811],[77.491371,28.112711],[77.468872,28.086012],[77.482903,28.060711],[77.495171,28.0343],[77.511887,28.01025],[77.535217,27.99333],[77.513443,27.97744],[77.535919,27.965549],[77.519211,27.931881],[77.492256,27.931808],[77.474617,27.912062],[77.458488,27.8853],[77.430336,27.888842],[77.404091,27.88661],[77.413696,27.8626],[77.38208,27.863091],[77.352646,27.856441],[77.324066,27.84087],[77.299156,27.831383],[77.279343,27.811981],[77.252846,27.79764],[77.227249,27.788658],[77.205711,27.805481],[77.17556,27.787222],[77.175873,27.814451],[77.15062,27.815559],[77.147278,27.786659],[77.122108,27.788309],[77.093628,27.789701],[77.072411,27.809521],[77.046822,27.81809],[77.023987,27.79817],[77.039436,27.7749],[77.067337,27.76376],[77.079437,27.740191],[77.053207,27.727859],[77.031967,27.748411],[77.00502,27.73914],[76.982773,27.7185],[76.976082,27.69285],[76.970337,27.665451],[76.944786,27.67057],[76.918991,27.661482],[76.893227,27.67688],[76.88092,27.699369],[76.906006,27.695841],[76.895393,27.71851],[76.891403,27.76119],[76.895607,27.78614],[76.905243,27.812559],[76.921936,27.831831],[76.928299,27.86713],[76.926086,27.894421],[76.93882,27.919029],[76.91909,27.940821],[76.922768,27.965771],[76.918648,27.99761],[76.93074,28.0305],[76.938026,28.05961],[76.951073,28.096088],[76.955826,28.123718],[76.941742,28.148701],[76.912048,28.17186],[76.890091,28.187828],[76.879257,28.210381],[76.857727,28.223171],[76.827248,28.217491],[76.801369,28.211601],[76.792259,28.18292],[76.791489,28.157242],[76.762169,28.150021],[76.739128,28.12904],[76.709961,28.13236],[76.690247,28.11479],[76.663933,28.097851],[76.647926,28.067671],[76.653419,28.039921],[76.646713,28.012621],[76.615967,28.01129],[76.591759,28.003658],[76.567497,27.98358],[76.538193,27.970541],[76.536407,28.00473],[76.538521,28.03912],[76.511406,28.03536],[76.48307,28.046329],[76.455742,28.04648],[76.483818,28.058281],[76.469887,28.086321],[76.453903,28.10589],[76.488747,28.104731],[76.489723,28.133678],[76.470993,28.154741],[76.437126,28.152151],[76.412247,28.147478],[76.388512,28.139521],[76.359833,28.143381],[76.342598,28.173931],[76.308716,28.183361],[76.279068,28.17872],[76.298523,28.162548],[76.322746,28.149218],[76.343216,28.132771],[76.331886,28.106718],[76.301323,28.106201],[76.324883,28.092159],[76.344368,28.07387],[76.345917,28.04579],[76.329956,28.024879],[76.297157,28.025961],[76.282028,28.058929],[76.251099,28.070921],[76.225937,28.055189],[76.199913,28.060751],[76.175453,28.054251],[76.193428,28.035231],[76.169388,28.016859],[76.15387,27.992531],[76.174217,27.97521],[76.176369,27.948311],[76.166077,27.92099],[76.190956,27.902691],[76.189011,27.876369],[76.20507,27.85552],[76.207733,27.828491],[76.18042,27.81241],[76.153191,27.821293],[76.127769,27.8332],[76.112587,27.858582],[76.088066,27.868448],[76.060028,27.85718],[76.033836,27.854181],[76.009308,27.86261],[75.984276,27.862869],[75.972801,27.88538],[75.967537,27.915371],[75.94175,27.919081],[75.928589,27.94175],[75.953949,27.93944],[75.973198,27.958],[75.986473,27.98111],[75.955467,27.98864],[75.979889,28.001451],[75.969986,28.030949],[76.010078,28.036711],[76.022293,28.062309],[76.015648,28.088852],[76.001923,28.060732],[75.977409,28.0522],[75.982063,28.080221],[75.936089,28.093531],[75.957497,28.115551],[75.991112,28.12818],[75.999756,28.156441],[76.027748,28.172722],[76.06073,28.169981],[76.065056,28.14447],[76.091797,28.14642],[76.074806,28.172428],[76.065613,28.19895],[76.053009,28.22423],[76.02578,28.23592],[76.007401,28.253153],[76.018723,28.280958],[75.991241,28.295191],[75.974709,28.315861],[75.951431,28.3335],[75.927406,28.3451],[75.904671,28.37606],[75.883537,28.391991],[75.841202,28.39728],[75.816711,28.411501],[75.78759,28.404442],[75.76545,28.42078],[75.785133,28.439211],[75.747139,28.469379],[75.723953,28.491293],[75.690079,28.4991],[75.671097,28.51693],[75.653557,28.540571],[75.629097,28.545971],[75.619049,28.58873],[75.584953,28.60638],[75.55571,28.614592],[75.549011,28.643122],[75.539803,28.67602],[75.531487,28.717291],[75.526031,28.74292],[75.516083,28.772228],[75.503922,28.79674],[75.513367,28.83659],[75.497719,28.85619],[75.488426,28.898319],[75.467079,28.92625],[75.497566,28.941488],[75.508919,28.965738],[75.515251,28.991051],[75.505119,29.01515],[75.473427,29.020201],[75.434738,29.016541],[75.440559,29.041521],[75.43026,29.06472],[75.390251,29.06823],[75.383156,29.095371],[75.391342,29.11932],[75.361153,29.14262],[75.368958,29.169958],[75.394386,29.174271],[75.399857,29.201483],[75.387299,29.22904],[75.398689,29.25499],[75.372467,29.260031],[75.350166,29.247381],[75.314926,29.23596],[75.325371,29.278311],[75.29969,29.281981],[75.271729,29.25437],[75.235229,29.25194],[75.21196,29.234529],[75.188507,29.258631],[75.164017,29.26438],[75.124672,29.244961],[75.092506,29.229113],[75.062706,29.23892],[75.050941,29.263712],[75.039917,29.287149],[75.005867,29.28381],[74.976906,29.281118],[74.947533,29.288158],[74.950569,29.31851],[74.927147,29.364639],[74.899071,29.37822],[74.870583,29.385113],[74.849518,29.40279],[74.809547,29.398479],[74.785782,29.370541],[74.756638,29.355961],[74.731697,29.353788],[74.711243,29.36891],[74.676018,29.368172],[74.650177,29.37237],[74.644127,29.335348],[74.606033,29.327579],[74.600037,29.35433],[74.579781,29.378731],[74.57003,29.406158],[74.541138,29.423149],[74.529106,29.449539],[74.550377,29.464479],[74.578911,29.45862],[74.590309,29.48613],[74.604523,29.510441],[74.599487,29.536869],[74.571747,29.55558],[74.570282,29.585918],[74.574677,29.61441],[74.582039,29.64407],[74.585136,29.67503],[74.592873,29.70072],[74.601616,29.740669],[74.592537,29.76672],[74.571396,29.753248],[74.537788,29.75386],[74.511559,29.740683],[74.483192,29.74403],[74.465263,29.78755],[74.480606,29.81525],[74.50589,29.832581],[74.532532,29.839281],[74.553566,29.865641],[74.543457,29.88872],[74.51091,29.904291],[74.512787,29.930038],[74.549019,29.933163],[74.572952,29.925888],[74.622017,29.90778],[74.646973,29.904671],[74.648926,29.930929],[74.680962,29.94919],[74.695503,29.971531],[74.724007,29.961861],[74.750717,29.97123],[74.775993,29.9744],[74.801178,29.992573],[74.821388,29.973051],[74.849632,29.959129],[74.877411,29.962568],[74.894379,29.939442],[74.924088,29.94153],[74.935669,29.915413],[74.957863,29.897739],[74.989929,29.856461],[75.01413,29.86463],[75.037498,29.881781],[75.065483,29.87904],[75.077736,29.91231],[75.102676,29.89702],[75.100586,29.867889],[75.081253,29.849373],[75.104088,29.838011],[75.08905,29.81283],[75.124916,29.80562],[75.13546,29.78038],[75.151306,29.80184],[75.167,29.824951],[75.200912,29.83],[75.196457,29.805111],[75.216179,29.7799],[75.227333,29.756121],[75.216606,29.72999],[75.187248,29.71192],[75.195282,29.687759],[75.167839,29.673271],[75.172447,29.63863],[75.199371,29.62269],[75.221237,29.60655],[75.211189,29.582399],[75.228172,29.558558],[75.254539,29.55418],[75.290649,29.561762],[75.304863,29.583611],[75.28035,29.603251],[75.301056,29.62709],[75.316231,29.660822],[75.341492,29.66213],[75.333847,29.688051],[75.352692,29.704491],[75.378777,29.7113],[75.390877,29.7386],[75.409996,29.77532],[75.434639,29.780281],[75.444267,29.80785],[75.49839,29.77775],[75.523979,29.767241],[75.556396,29.765833],[75.568787,29.74262],[75.600487,29.7474],[75.62352,29.76689],[75.649658,29.774561],[75.678307,29.757063],[75.705933,29.80862],[75.732727,29.81126],[75.760597,29.818661],[75.796051,29.807121],[75.819977,29.81538],[75.833389,29.790661],[75.854591,29.769661],[75.872017,29.75012],[75.897232,29.755529],[75.923149,29.734911],[75.950089,29.733912],[75.980003,29.73617],[76.00383,29.750931],[76.031708,29.750881],[76.058426,29.773149],[76.075577,29.797049],[76.10321,29.808411],[76.132103,29.812052],[76.166656,29.818321],[76.189362,29.840471],[76.211761,29.853149],[76.237953,29.865459],[76.216949,29.88386],[76.184639,29.88858],[76.183586,29.915718],[76.169617,29.93656],[76.203873,29.94412],[76.199013,29.973171],[76.189377,30.00419],[76.207207,30.02212],[76.207237,30.047791],[76.221527,30.068489],[76.236603,30.088848],[76.224876,30.11165],[76.204712,30.127861],[76.202599,30.152811],[76.226288,30.14031],[76.244583,30.121861],[76.272026,30.11434],[76.312752,30.108513],[76.337906,30.11585],[76.328697,30.14477],[76.358162,30.133303],[76.384369,30.123833],[76.392517,30.150261],[76.383041,30.179029],[76.398842,30.198999],[76.428581,30.179792],[76.424889,30.154621],[76.446457,30.137121],[76.44664,30.111231],[76.48349,30.09956],[76.501122,30.07663],[76.533638,30.082781],[76.554871,30.098761],[76.578796,30.087843],[76.604469,30.082722],[76.625153,30.101841],[76.628723,30.130199],[76.622742,30.1703],[76.641716,30.189251],[76.616753,30.21106],[76.599426,30.24033],[76.57589,30.255861],[76.547668,30.234442],[76.547638,30.264921],[76.58094,30.269871],[76.609818,30.270611],[76.651283,30.299341],[76.673073,30.312771],[76.697678,30.324858],[76.723923,30.34437],[76.708939,30.36817],[76.70015,30.393612],[76.726547,30.405001],[76.748871,30.426632],[76.780693,30.415022],[76.808456,30.41186],[76.827896,30.43033],[76.864731,30.408791],[76.880226,30.386223],[76.880226,30.359701],[76.916992,30.382759],[76.903847,30.40671],[76.889931,30.436691],[76.898048,30.467781],[76.912369,30.49366],[76.920326,30.518021],[76.898216,30.5347],[76.903847,30.56172],[76.89856,30.58843],[76.899597,30.620029],[76.87709,30.63702],[76.861862,30.659719],[76.834793,30.655821],[76.819809,30.685829],[76.836296,30.71427],[76.822746,30.740082],[76.830818,30.767933],[76.846786,30.792521],[76.833359,30.815891],[76.818947,30.837101],[76.784943,30.861271],[76.762543,30.89341],[76.798767,30.924641],[76.815758,30.896009],[76.837151,30.878872]]]}},{"type":"Feature","properties":{"name":"Himachal Pradesh"},"geometry":{"type":"Polygon","coordinates":[[[76.802757,33.23666],[76.827171,33.24675],[76.813049,33.222721],[76.803307,33.193851],[76.802017,33.166031],[76.817253,33.142002],[76.837402,33.126389],[76.860443,33.116379],[76.884773,33.097439],[76.896942,33.070992],[76.913322,33.044209],[76.948326,33.01849],[76.980827,33.001461],[77.011238,32.99324],[77.052376,32.990891],[77.074898,32.973351],[77.103157,32.987202],[77.136391,32.980461],[77.146126,32.95639],[77.150726,32.920231],[77.173859,32.931129],[77.188957,32.910061],[77.217987,32.897312],[77.236267,32.872299],[77.270096,32.866402],[77.297958,32.854012],[77.316513,32.82975],[77.340462,32.820541],[77.35955,32.838161],[77.363068,32.863529],[77.387466,32.885521],[77.417747,32.879211],[77.448349,32.861679],[77.473183,32.878792],[77.506233,32.883072],[77.535316,32.90229],[77.569649,32.921661],[77.583923,32.943802],[77.61071,32.94231],[77.638496,32.956139],[77.659988,32.96896],[77.690872,32.97942],[77.723137,32.964359],[77.744789,32.945869],[77.77803,32.915779],[77.786987,32.891689],[77.761429,32.86483],[77.787743,32.849762],[77.814316,32.83617],[77.847603,32.828411],[77.864548,32.806519],[77.876297,32.78001],[77.903496,32.7729],[77.91716,32.751881],[77.912033,32.725769],[77.902397,32.69841],[77.920212,32.679512],[77.932297,32.6562],[77.95266,32.6404],[77.962227,32.6138],[77.9767,32.591942],[78.017433,32.587029],[78.041611,32.599239],[78.03244,32.628391],[78.059013,32.62458],[78.079002,32.65279],[78.106987,32.649742],[78.130661,32.660061],[78.152542,32.67902],[78.179512,32.67041],[78.212936,32.669189],[78.236588,32.694672],[78.272743,32.70293],[78.295723,32.712811],[78.287659,32.737831],[78.31395,32.748981],[78.344742,32.763432],[78.371353,32.761829],[78.371216,32.7337],[78.367569,32.69952],[78.363152,32.671989],[78.370926,32.638161],[78.340622,32.59306],[78.317993,32.580212],[78.299171,32.52927],[78.278519,32.507931],[78.306236,32.477749],[78.356361,32.512661],[78.382431,32.529652],[78.405258,32.515121],[78.431686,32.510281],[78.448723,32.490139],[78.435799,32.466061],[78.46199,32.447979],[78.476593,32.427479],[78.502586,32.42622],[78.502113,32.400509],[78.491722,32.373299],[78.467987,32.35799],[78.464653,32.320641],[78.46698,32.291901],[78.456497,32.267849],[78.439423,32.248272],[78.4776,32.243923],[78.505882,32.247841],[78.535698,32.249821],[78.562233,32.23732],[78.592911,32.21867],[78.5942,32.18848],[78.578026,32.165531],[78.589943,32.142349],[78.606209,32.117489],[78.63961,32.112122],[78.652412,32.088261],[78.674377,32.069279],[78.690117,32.045731],[78.711929,32.02927],[78.729156,32.011101],[78.753143,32.003029],[78.761063,31.963779],[78.752586,31.939569],[78.737511,31.9174],[78.728378,31.890013],[78.723396,31.846981],[78.703789,31.82683],[78.691208,31.796928],[78.701843,31.773621],[78.724022,31.760052],[78.71431,31.73665],[78.728607,31.70236],[78.747528,31.685101],[78.773163,31.688412],[78.784233,31.661263],[78.808907,31.639912],[78.830643,31.620451],[78.818932,31.59753],[78.797287,31.576153],[78.76812,31.565741],[78.746582,31.54772],[78.72126,31.540951],[78.706642,31.518393],[78.716049,31.487171],[78.744186,31.49033],[78.765572,31.472431],[78.792458,31.455351],[78.79248,31.417858],[78.801727,31.393841],[78.826683,31.381071],[78.840286,31.354441],[78.82901,31.3302],[78.851616,31.318399],[78.870056,31.291368],[78.884956,31.2668],[78.905853,31.250181],[78.915649,31.225161],[78.935852,31.205681],[78.960922,31.186432],[78.977676,31.154831],[78.990776,31.130878],[78.965652,31.11537],[78.942116,31.105028],[78.912659,31.11618],[78.884178,31.104233],[78.85202,31.126211],[78.828979,31.136339],[78.810219,31.16386],[78.798042,31.18895],[78.770889,31.1973],[78.720383,31.19702],[78.676086,31.20319],[78.650673,31.197851],[78.636002,31.21958],[78.610046,31.23105],[78.583923,31.234301],[78.556328,31.227381],[78.537117,31.206711],[78.486572,31.20417],[78.466568,31.22094],[78.444138,31.2442],[78.419456,31.25988],[78.39753,31.247791],[78.38327,31.274321],[78.363358,31.2901],[78.33609,31.287479],[78.306328,31.28624],[78.28846,31.2642],[78.258141,31.260363],[78.237511,31.24394],[78.212097,31.23855],[78.187561,31.222219],[78.163086,31.231501],[78.137146,31.222422],[78.1138,31.20623],[78.092377,31.192831],[78.059158,31.192369],[78.029953,31.18531],[78.016548,31.158501],[77.992577,31.16703],[77.954758,31.17878],[77.914688,31.156578],[77.887489,31.154701],[77.878723,31.124672],[77.851532,31.11097],[77.842827,31.081291],[77.81955,31.064911],[77.815117,31.03393],[77.825333,31.008133],[77.806213,30.98806],[77.804626,30.960991],[77.778381,30.972321],[77.741966,30.967642],[77.735687,30.94202],[77.752197,30.920959],[77.781853,30.92622],[77.794632,30.903481],[77.783623,30.878651],[77.758209,30.88048],[77.739586,30.860189],[77.744408,30.829851],[77.724083,30.811041],[77.708649,30.78451],[77.688286,30.768669],[77.697708,30.744968],[77.72171,30.736353],[77.737282,30.713469],[77.733406,30.685829],[77.758812,30.67239],[77.772171,30.64497],[77.78199,30.619358],[77.756607,30.620321],[77.732109,30.607128],[77.746193,30.584433],[77.761848,30.562988],[77.790588,30.560251],[77.809959,30.54402],[77.801971,30.515381],[77.767616,30.50436],[77.736588,30.487251],[77.711227,30.47727],[77.690086,30.46294],[77.661606,30.44878],[77.635681,30.44434],[77.603752,30.437441],[77.574631,30.426519],[77.567856,30.39876],[77.542892,30.39723],[77.525772,30.417141],[77.514366,30.439423],[77.491188,30.42498],[77.467972,30.411779],[77.443016,30.4046],[77.416443,30.408392],[77.43972,30.4244],[77.4543,30.44606],[77.426201,30.441118],[77.400612,30.418751],[77.381866,30.439272],[77.356796,30.44206],[77.339378,30.4636],[77.310699,30.453621],[77.28244,30.46192],[77.260841,30.47612],[77.233459,30.487471],[77.202606,30.480341],[77.199661,30.506599],[77.174553,30.530519],[77.145538,30.5378],[77.122337,30.548231],[77.125877,30.57369],[77.146927,30.588961],[77.15863,30.61381],[77.162361,30.638651],[77.155197,30.66806],[77.147438,30.69348],[77.125122,30.7071],[77.103172,30.720449],[77.086273,30.739943],[77.061707,30.746128],[77.033707,30.755421],[77.009392,30.74571],[76.998833,30.769152],[77.000351,30.797623],[76.968643,30.807961],[76.947647,30.82317],[76.927803,30.848141],[76.907066,30.890991],[76.878586,30.885983],[76.852432,30.870689],[76.822662,30.8881],[76.814369,30.921341],[76.769859,30.906391],[76.748688,30.9238],[76.726021,30.939331],[76.712601,30.963421],[76.66819,30.969881],[76.633347,30.990723],[76.610069,31.00423],[76.605186,31.03352],[76.609528,31.060671],[76.611847,31.09639],[76.615593,31.12158],[76.589317,31.127701],[76.598747,31.151171],[76.590393,31.182859],[76.612213,31.202641],[76.635422,31.21298],[76.616257,31.229441],[76.586769,31.216061],[76.592682,31.246151],[76.570503,31.280149],[76.545921,31.25588],[76.53717,31.283951],[76.518112,31.26231],[76.488586,31.273401],[76.47506,31.299],[76.445778,31.289709],[76.437447,31.317423],[76.418167,31.337311],[76.399246,31.365471],[76.37925,31.391171],[76.375267,31.422161],[76.346893,31.40571],[76.315842,31.402378],[76.329582,31.379519],[76.336662,31.35302],[76.299919,31.34383],[76.29039,31.315632],[76.261169,31.30583],[76.22319,31.313061],[76.185699,31.304661],[76.166077,31.32618],[76.147743,31.348148],[76.134087,31.382643],[76.156746,31.40451],[76.143463,31.432291],[76.122612,31.45373],[76.107956,31.48221],[76.094551,31.51421],[76.084,31.537182],[76.066017,31.560518],[76.051506,31.581791],[76.039978,31.608459],[76.017601,31.621672],[76.002747,31.64657],[75.997421,31.676001],[75.975792,31.69533],[75.969368,31.719671],[75.959747,31.744303],[75.945061,31.781281],[75.927223,31.805149],[75.948776,31.823141],[75.944252,31.857519],[75.931442,31.883831],[75.912689,31.916578],[75.895958,31.94026],[75.877716,31.961981],[75.851303,31.97253],[75.814049,31.9834],[75.784286,31.994329],[75.761543,32.013901],[75.740036,32.034481],[75.710487,32.036022],[75.692276,32.059452],[75.649361,32.077171],[75.609558,32.069469],[75.578758,32.08168],[75.610558,32.099609],[75.631203,32.119499],[75.655479,32.146061],[75.656158,32.17662],[75.620216,32.185169],[75.620117,32.220211],[75.634079,32.24474],[75.675842,32.264019],[75.70488,32.267239],[75.736397,32.273762],[75.761856,32.296112],[75.783142,32.322201],[75.813919,32.350559],[75.837402,32.37302],[75.86631,32.394562],[75.91111,32.409191],[75.934631,32.424759],[75.915497,32.4487],[75.887123,32.472031],[75.855278,32.49958],[75.856369,32.537689],[75.8703,32.558769],[75.886292,32.591919],[75.904587,32.615219],[75.923622,32.6437],[75.905403,32.672249],[75.899063,32.700249],[75.914047,32.74202],[75.900063,32.769859],[75.885681,32.795479],[75.85524,32.826141],[75.82753,32.84037],[75.805511,32.85614],[75.789833,32.881401],[75.801758,32.910271],[75.821426,32.933472],[75.850067,32.93116],[75.880898,32.92477],[75.913567,32.906212],[75.933777,32.884312],[75.9832,32.900402],[76.004631,32.914009],[76.023651,32.93158],[76.0504,32.944271],[76.07,32.962219],[76.09124,32.992752],[76.115967,33.008591],[76.14389,33.016479],[76.188301,33.02758],[76.216156,33.028572],[76.255241,33.05228],[76.267517,33.086109],[76.288002,33.113159],[76.315536,33.130199],[76.335587,33.146271],[76.358856,33.157501],[76.379852,33.17646],[76.407692,33.188419],[76.441811,33.18047],[76.469063,33.179909],[76.495972,33.19603],[76.53418,33.199348],[76.56295,33.206181],[76.587997,33.189999],[76.612556,33.16597],[76.640747,33.16468],[76.669479,33.173321],[76.696716,33.18148],[76.729866,33.179432],[76.745583,33.20435],[76.76236,33.23954],[76.785439,33.25359],[76.802757,33.23666]]]}},{"type":"Feature","properties":{"name":"Jammu and Kashmir"},"geometry":{"type":"Polygon","coordinates":[[[77.899567,35.427895],[77.928017,35.44054],[77.943779,35.462955],[77.966881,35.481316],[78.009995,35.489189],[78.045357,35.491089],[78.079353,35.492199],[78.103989,35.484459],[78.097328,35.455639],[78.071831,35.44685],[78.031693,35.423061],[77.99707,35.394089],[77.98996,35.36364],[78.001511,35.29797],[78.013702,35.264187],[78.031837,35.22023],[78.052216,35.191097],[78.0774,35.172707],[78.116051,35.145351],[78.117096,35.111641],[78.088943,35.095829],[78.094948,35.0569],[78.11483,35.014759],[78.13031,34.97834],[78.167313,34.91214],[78.184647,34.881519],[78.207321,34.766109],[78.218689,34.739559],[78.231567,34.716801],[78.248032,34.695099],[78.272598,34.674946],[78.300339,34.66193],[78.324921,34.655979],[78.387177,34.65163],[78.406891,34.621029],[78.425117,34.603462],[78.459152,34.602787],[78.511543,34.609112],[78.537117,34.614151],[78.569336,34.61195],[78.611092,34.583061],[78.637627,34.552299],[78.660057,34.52972],[78.686188,34.51276],[78.716637,34.501007],[78.749359,34.47699],[78.788475,34.441422],[78.824951,34.414131],[78.875687,34.394653],[78.915039,34.378841],[78.939896,34.36208],[78.960739,34.3461],[78.989227,34.319267],[78.993401,34.288742],[78.975006,34.242859],[78.9562,34.217831],[78.935341,34.199612],[78.910362,34.1805],[78.888878,34.166431],[78.858833,34.151802],[78.815315,34.13261],[78.774261,34.11451],[78.729233,34.095699],[78.706383,34.072182],[78.73185,34.04253],[78.759537,34.036339],[78.763626,34.001511],[78.742897,33.987282],[78.71579,33.964531],[78.71666,33.939091],[78.717247,33.89048],[78.741783,33.840179],[78.761322,33.817341],[78.780548,33.789192],[78.775291,33.746403],[78.757561,33.72646],[78.73732,33.708881],[78.709297,33.679611],[78.72728,33.622776],[78.742233,33.597412],[78.75811,33.571392],[78.783867,33.53265],[78.803871,33.506809],[78.820732,33.486515],[78.870399,33.439701],[78.895393,33.420311],[78.921257,33.398701],[78.954811,33.37418],[78.97953,33.358776],[78.998703,33.340225],[79.033798,33.31358],[79.066597,33.295891],[79.066109,33.264481],[79.071472,33.238163],[79.092987,33.220459],[79.127731,33.204739],[79.157013,33.19791],[79.182983,33.192921],[79.212372,33.194759],[79.31517,33.188801],[79.355843,33.189529],[79.393623,33.188931],[79.416832,33.166691],[79.4132,33.141914],[79.398537,33.114712],[79.373589,33.073429],[79.354927,33.030609],[79.350029,32.996181],[79.362114,32.962059],[79.381111,32.939568],[79.418671,32.9114],[79.441856,32.894661],[79.45697,32.871429],[79.464523,32.816742],[79.484421,32.789661],[79.515236,32.77528],[79.540527,32.748692],[79.555397,32.709641],[79.561249,32.684029],[79.55777,32.630619],[79.545357,32.607361],[79.522003,32.594791],[79.488541,32.592831],[79.448013,32.586079],[79.403816,32.55769],[79.362221,32.53756],[79.320251,32.491299],[79.270119,32.51778],[79.234978,32.51899],[79.206932,32.511841],[79.183304,32.501022],[79.148857,32.483829],[79.128944,32.466427],[79.119781,32.43832],[79.111801,32.399292],[79.104469,32.371712],[79.07663,32.379017],[79.049217,32.383369],[79.024986,32.367012],[78.993759,32.3643],[78.977203,32.34277],[78.923996,32.363319],[78.902328,32.381393],[78.874573,32.414619],[78.836021,32.425282],[78.797928,32.463181],[78.776672,32.483929],[78.775581,32.516354],[78.772606,32.54435],[78.76371,32.56781],[78.780327,32.59832],[78.770569,32.635521],[78.768059,32.662979],[78.745926,32.696079],[78.717033,32.680729],[78.664268,32.65649],[78.632339,32.611061],[78.603287,32.604382],[78.559273,32.612339],[78.531082,32.60796],[78.508858,32.594719],[78.485611,32.573219],[78.461617,32.580349],[78.437889,32.567772],[78.412239,32.556061],[78.405228,32.52523],[78.376686,32.526051],[78.31041,32.475929],[78.278519,32.507931],[78.299171,32.52927],[78.296623,32.577511],[78.331757,32.584869],[78.377068,32.61488],[78.363152,32.671989],[78.367569,32.69952],[78.371216,32.7337],[78.372772,32.760151],[78.344742,32.763432],[78.31395,32.748981],[78.287659,32.737831],[78.295723,32.712811],[78.272743,32.70293],[78.236588,32.694672],[78.212936,32.669189],[78.183952,32.663872],[78.158417,32.679131],[78.130661,32.660061],[78.106987,32.649742],[78.079002,32.65279],[78.067459,32.625622],[78.033897,32.635609],[78.041466,32.605301],[78.017433,32.587029],[77.987053,32.5882],[77.96785,32.607979],[77.955101,32.634819],[77.932297,32.6562],[77.920212,32.679512],[77.902397,32.69841],[77.912033,32.725769],[77.91716,32.751881],[77.903496,32.7729],[77.876297,32.78001],[77.864548,32.806519],[77.847603,32.828411],[77.825089,32.83987],[77.798996,32.84584],[77.767723,32.858471],[77.772743,32.890911],[77.77803,32.915779],[77.750992,32.936031],[77.727341,32.95755],[77.70369,32.966129],[77.679489,32.977779],[77.656372,32.965961],[77.623367,32.944542],[77.593437,32.94154],[77.569649,32.921661],[77.544716,32.911732],[77.527,32.892281],[77.494347,32.881512],[77.455223,32.86174],[77.431221,32.87582],[77.403122,32.881451],[77.371246,32.86742],[77.361847,32.842609],[77.348396,32.821201],[77.321617,32.822392],[77.3125,32.84631],[77.281281,32.855652],[77.258316,32.876362],[77.227829,32.876972],[77.204536,32.906372],[77.173859,32.931129],[77.146187,32.914021],[77.148781,32.94138],[77.135536,32.96468],[77.112381,32.984131],[77.084183,32.973671],[77.058472,32.98608],[77.035316,32.99968],[76.998466,32.989571],[76.966522,33.00721],[76.932663,33.02845],[76.910248,33.050209],[76.896393,33.075809],[76.877419,33.10722],[76.85257,33.111549],[76.828087,33.13168],[76.809486,33.148552],[76.798126,33.173302],[76.818588,33.20557],[76.817856,33.23114],[76.785439,33.25359],[76.759972,33.252979],[76.75988,33.22467],[76.742126,33.197491],[76.714188,33.177441],[76.685272,33.174042],[76.659447,33.171112],[76.627007,33.162479],[76.599586,33.173759],[76.584702,33.199562],[76.555893,33.206852],[76.520233,33.200409],[76.488777,33.190159],[76.455551,33.183319],[76.429771,33.182812],[76.400673,33.186562],[76.373512,33.173462],[76.355789,33.154602],[76.315536,33.130199],[76.291946,33.120209],[76.275841,33.09803],[76.255241,33.05228],[76.237289,33.032589],[76.188301,33.02758],[76.152237,33.0229],[76.128197,33.010082],[76.093689,33.004829],[76.08567,32.97501],[76.06588,32.957981],[76.042603,32.940239],[76.021172,32.924431],[75.997528,32.90937],[75.94577,32.885139],[75.923233,32.89809],[75.900116,32.915699],[75.867119,32.93021],[75.833893,32.934601],[75.807953,32.92979],[75.800003,32.903919],[75.794647,32.87019],[75.815811,32.847061],[75.85524,32.826141],[75.885681,32.795479],[75.900063,32.769859],[75.914047,32.74202],[75.904861,32.709362],[75.898857,32.680622],[75.924057,32.658222],[75.907761,32.619141],[75.886292,32.591919],[75.856537,32.558422],[75.837837,32.537609],[75.825043,32.50922],[75.804337,32.487061],[75.77887,32.47504],[75.75296,32.475239],[75.735321,32.454689],[75.719749,32.430321],[75.698227,32.409531],[75.662743,32.393509],[75.636978,32.387379],[75.592636,32.381699],[75.567001,32.371841],[75.529213,32.348881],[75.515823,32.297989],[75.501236,32.276051],[75.492126,32.302799],[75.467758,32.317562],[75.432579,32.326691],[75.397453,32.326252],[75.359192,32.334919],[75.331779,32.3447],[75.289063,32.357574],[75.266762,32.373665],[75.237152,32.395779],[75.200249,32.402321],[75.18853,32.42448],[75.1604,32.416512],[75.12793,32.421169],[75.114441,32.448784],[75.082626,32.480045],[75.036636,32.492069],[75.011749,32.476181],[74.987869,32.449562],[74.948898,32.454086],[74.924118,32.46825],[74.896812,32.467419],[74.876663,32.485641],[74.846184,32.494389],[74.818573,32.496059],[74.761383,32.48217],[74.7211,32.481739],[74.686737,32.493069],[74.683029,32.529602],[74.661957,32.551472],[74.643303,32.595951],[74.649246,32.62587],[74.669212,32.645939],[74.669281,32.675091],[74.650139,32.71841],[74.66188,32.754822],[74.677765,32.78157],[74.69458,32.809521],[74.697021,32.839714],[74.661461,32.82803],[74.638,32.8181],[74.641541,32.791889],[74.614235,32.757732],[74.579193,32.753315],[74.543106,32.745441],[74.502693,32.759869],[74.479736,32.772671],[74.462021,32.79089],[74.450638,32.816822],[74.430061,32.844654],[74.429337,32.879509],[74.413895,32.90395],[74.38868,32.908413],[74.347748,32.908211],[74.318031,32.919701],[74.334892,32.954762],[74.35318,32.983131],[74.3517,33.01313],[74.326477,33.029461],[74.283195,33.04319],[74.254967,33.048775],[74.220398,33.044815],[74.190643,33.07671],[74.176247,33.107151],[74.157028,33.125862],[74.111702,33.16444],[74.08284,33.18074],[74.056435,33.186615],[74.026253,33.188591],[74.011253,33.21875],[74.013107,33.24987],[74.036499,33.264744],[74.065033,33.259914],[74.090691,33.263649],[74.115799,33.281132],[74.166855,33.344139],[74.185081,33.383511],[74.179291,33.425686],[74.187073,33.455521],[74.178139,33.481682],[74.158104,33.502354],[74.12339,33.543209],[74.096962,33.56918],[74.053902,33.565079],[74.028442,33.57468],[74.014687,33.598366],[74,33.623669],[73.9757,33.693634],[73.956253,33.720291],[74,33.752579],[74.023979,33.772041],[74.03833,33.795139],[74.065727,33.820099],[74.090012,33.826279],[74.129799,33.82756],[74.17009,33.83989],[74.192276,33.851421],[74.219673,33.867176],[74.24556,33.895],[74.261124,33.924797],[74.263252,33.955231],[74.248688,34.013821],[74.225563,34.033401],[74.19635,34.040085],[74.161423,34.038872],[74.132446,34.052673],[74.100464,34.045628],[74.061073,34.03471],[74.006073,34.022442],[73.908989,34.032539],[73.883217,34.04995],[73.885651,34.075119],[73.904381,34.096893],[73.904083,34.12225],[73.944771,34.170189],[73.976578,34.211803],[73.982033,34.239079],[73.976227,34.264809],[73.940971,34.301739],[73.91993,34.342312],[73.899406,34.359814],[73.841751,34.338322],[73.807396,34.35672],[73.773392,34.349751],[73.776985,34.416302],[73.807259,34.441948],[73.854813,34.473351],[73.898743,34.49577],[73.89534,34.546669],[73.948067,34.57309],[73.92733,34.645889],[73.941559,34.6772],[73.96022,34.696682],[73.986076,34.704159],[74.012894,34.709854],[74.03363,34.693642],[74.0597,34.685089],[74.086533,34.69371],[74.116768,34.691212],[74.141792,34.6912],[74.174736,34.71735],[74.202957,34.73658],[74.225746,34.747459],[74.269897,34.762691],[74.30278,34.797539],[74.330948,34.79248],[74.367538,34.802563],[74.473969,34.790634],[74.506577,34.775532],[74.538101,34.776184],[74.565292,34.77187],[74.612427,34.746372],[74.638832,34.73354],[74.658058,34.710602],[74.703003,34.693081],[74.728073,34.688583],[74.763123,34.684338],[74.835602,34.677551],[74.889816,34.683872],[74.927811,34.67831],[74.997803,34.651081],[75.029907,34.641472],[75.054497,34.646622],[75.084724,34.65538],[75.111198,34.65799],[75.142296,34.662411],[75.177277,34.657459],[75.206718,34.64629],[75.235756,34.648293],[75.26606,34.639549],[75.261856,34.610882],[75.335197,34.572132],[75.377823,34.552422],[75.413963,34.54734],[75.464638,34.543388],[75.506096,34.537331],[75.551796,34.538139],[75.578888,34.53944],[75.615562,34.53854],[75.64415,34.533539],[75.692307,34.52153],[75.729233,34.516159],[75.768776,34.522141],[75.79303,34.53392],[75.820648,34.55891],[75.843277,34.574631],[75.881462,34.59074],[75.911926,34.601131],[75.932213,34.624432],[75.967209,34.633602],[76.000389,34.635811],[76.025429,34.664101],[76.055023,34.676029],[76.085823,34.671459],[76.121933,34.646652],[76.157913,34.64341],[76.192787,34.65527],[76.227379,34.672142],[76.260048,34.684372],[76.283302,34.701519],[76.301506,34.724442],[76.32872,34.733055],[76.385933,34.73595],[76.409538,34.752167],[76.436958,34.764381],[76.4692,34.791668],[76.514091,34.783802],[76.545319,34.765591],[76.570976,34.758423],[76.618042,34.756069],[76.652496,34.756561],[76.681816,34.75959],[76.706192,34.80125],[76.727287,34.8209],[76.74469,34.84473],[76.738861,34.901928],[76.749367,34.926601],[76.799339,34.935772],[76.825523,34.941654],[76.848152,34.95797],[76.870041,34.972431],[76.898468,34.96426],[76.95034,34.940941],[76.988747,34.935219],[77.010139,34.956287],[77.010658,35],[77.010948,35.027592],[77.036774,35.032364],[77.068367,35.02412],[77.109802,35.03933],[77.156822,35.054699],[77.194817,35.079189],[77.280792,35.138287],[77.37944,35.197891],[77.418831,35.22007],[77.44252,35.23444],[77.48542,35.266541],[77.539612,35.297779],[77.585022,35.323921],[77.650566,35.367081],[77.735512,35.433842],[77.760368,35.451176],[77.814651,35.485249],[77.84082,35.50111],[77.862671,35.458591],[77.879417,35.436249],[77.899567,35.427895]]]}},{"type":"Feature","properties":{"name":"Jharkhand"},"geometry":{"type":"Polygon","coordinates":[[[87.599892,25.314663],[87.626221,25.31572],[87.651787,25.307249],[87.684151,25.310131],[87.689072,25.284941],[87.706871,25.259781],[87.762833,25.249289],[87.785446,25.236313],[87.785187,25.20908],[87.779007,25.176929],[87.771042,25.152271],[87.769287,25.127001],[87.772667,25.099098],[87.792877,25.075731],[87.820183,25.061501],[87.855042,25.04624],[87.876976,25.02804],[87.90242,24.999451],[87.91851,24.972851],[87.939049,24.95573],[87.961693,24.93593],[87.971237,24.91003],[87.966507,24.8813],[87.936447,24.869612],[87.911247,24.85594],[87.894958,24.833893],[87.869247,24.8234],[87.87751,24.798],[87.865387,24.774321],[87.842468,24.762859],[87.837532,24.787802],[87.82209,24.76672],[87.839706,24.73819],[87.867386,24.729401],[87.895653,24.723021],[87.897789,24.694971],[87.890381,24.67033],[87.913406,24.65856],[87.906296,24.632643],[87.891182,24.6122],[87.909973,24.593868],[87.890259,24.57473],[87.868637,24.561281],[87.844978,24.55278],[87.823273,24.566551],[87.798897,24.57781],[87.769409,24.58176],[87.791588,24.565689],[87.806343,24.5452],[87.799019,24.52091],[87.7938,24.494261],[87.820221,24.493471],[87.817848,24.468451],[87.800941,24.44739],[87.792206,24.42382],[87.79258,24.396441],[87.787651,24.37167],[87.772629,24.34938],[87.764206,24.32522],[87.748199,24.301481],[87.727188,24.286221],[87.704613,24.274502],[87.684967,24.25285],[87.660286,24.24198],[87.64151,24.219601],[87.666138,24.206112],[87.688911,24.185141],[87.693642,24.15917],[87.667778,24.15144],[87.640671,24.15493],[87.616058,24.16466],[87.590378,24.160091],[87.601196,24.13518],[87.579521,24.119511],[87.570648,24.09547],[87.544197,24.086561],[87.524063,24.103708],[87.499512,24.11458],[87.489647,24.09004],[87.492523,24.064701],[87.508453,24.04254],[87.491226,24.023371],[87.467339,24.012178],[87.438728,24.01252],[87.458359,23.9935],[87.436562,23.979151],[87.400307,23.993921],[87.376877,24.00317],[87.350983,23.999203],[87.323959,23.997063],[87.333191,24.02227],[87.308777,24.031952],[87.282646,24.02693],[87.257812,24.03548],[87.232651,24.024599],[87.243568,24.001011],[87.26693,23.98778],[87.278053,23.95756],[87.287827,23.925949],[87.294548,23.898571],[87.270416,23.87294],[87.25631,23.898149],[87.244873,23.868401],[87.252701,23.842861],[87.233757,23.82535],[87.236237,23.853069],[87.207329,23.85301],[87.180603,23.85153],[87.156693,23.864889],[87.130928,23.866961],[87.145813,23.836611],[87.166443,23.81959],[87.148743,23.794371],[87.112999,23.79681],[87.091301,23.80961],[87.064232,23.813499],[87.034409,23.836828],[87.00206,23.852489],[86.971878,23.862831],[86.951233,23.845871],[86.925407,23.853842],[86.906883,23.879511],[86.880089,23.866501],[86.884789,23.83437],[86.860847,23.842173],[86.844429,23.821852],[86.82077,23.81131],[86.803673,23.830681],[86.797691,23.797718],[86.816719,23.77615],[86.816101,23.744831],[86.79837,23.716341],[86.792038,23.68737],[86.758507,23.67848],[86.731697,23.69379],[86.693848,23.694521],[86.668732,23.68605],[86.633347,23.675741],[86.591606,23.67115],[86.565247,23.646271],[86.537437,23.634621],[86.511879,23.629061],[86.481293,23.635038],[86.444908,23.631533],[86.434563,23.608452],[86.41037,23.598022],[86.386971,23.58536],[86.373047,23.561331],[86.360481,23.538481],[86.356903,23.51289],[86.370598,23.490261],[86.348976,23.4725],[86.33136,23.447241],[86.300148,23.44371],[86.273483,23.43895],[86.246651,23.434153],[86.238747,23.46969],[86.209709,23.45923],[86.181023,23.466921],[86.152962,23.47699],[86.155113,23.50423],[86.142929,23.527342],[86.153267,23.551592],[86.131729,23.566231],[86.104851,23.57196],[86.072769,23.56822],[86.046867,23.58387],[86.017609,23.56361],[86.025063,23.53175],[86.032768,23.504841],[86.015457,23.485161],[85.990379,23.476379],[85.967819,23.46537],[85.943909,23.45462],[85.917526,23.462351],[85.891251,23.475981],[85.866028,23.47023],[85.859756,23.44162],[85.862877,23.409971],[85.884781,23.387341],[85.866257,23.364849],[85.871597,23.330158],[85.861496,23.303329],[85.841736,23.284321],[85.826363,23.263121],[85.831841,23.217831],[85.832413,23.19264],[85.857521,23.194363],[85.877213,23.17296],[85.900383,23.1481],[85.919571,23.126951],[85.946739,23.13088],[85.970482,23.14003],[85.99556,23.144421],[86.024788,23.1432],[86.048393,23.129169],[86.059288,23.10556],[86.083588,23.098591],[86.114182,23.091961],[86.138039,23.080481],[86.146042,23.055721],[86.162323,23.03381],[86.178383,23.011721],[86.204361,23.01321],[86.216972,22.99161],[86.245087,22.995461],[86.269722,23.004431],[86.294823,23.009142],[86.325859,22.99242],[86.351608,22.994911],[86.380447,22.990749],[86.410522,22.987019],[86.440567,22.99008],[86.466187,22.98863],[86.497353,22.989908],[86.512238,22.966261],[86.534157,22.981359],[86.523392,22.948681],[86.49662,22.94754],[86.470421,22.94945],[86.451042,22.93047],[86.448456,22.90192],[86.446671,22.86945],[86.431267,22.84638],[86.421593,22.808821],[86.416153,22.776508],[86.439827,22.76268],[86.466042,22.74645],[86.478981,22.722391],[86.506592,22.701521],[86.533699,22.716579],[86.574013,22.694639],[86.602913,22.679831],[86.630379,22.66251],[86.636757,22.630819],[86.634003,22.604012],[86.651093,22.584263],[86.673889,22.57349],[86.706017,22.58036],[86.755989,22.57427],[86.764519,22.550631],[86.786171,22.537411],[86.789307,22.509651],[86.798012,22.48399],[86.769531,22.475941],[86.749001,22.460333],[86.75795,22.435659],[86.778679,22.421492],[86.80526,22.416491],[86.83091,22.40637],[86.838226,22.378611],[86.828941,22.341501],[86.836899,22.316751],[86.862953,22.30382],[86.88623,22.294121],[86.885628,22.268909],[86.864609,22.253483],[86.836052,22.26079],[86.809196,22.253799],[86.800117,22.213631],[86.779968,22.231722],[86.755096,22.207981],[86.725349,22.213501],[86.691788,22.2174],[86.669952,22.230101],[86.647293,22.249693],[86.630257,22.26903],[86.602631,22.278433],[86.581306,22.294918],[86.552063,22.29529],[86.524551,22.302851],[86.507988,22.32402],[86.483719,22.344419],[86.463959,22.327],[86.438393,22.323368],[86.411377,22.315559],[86.375526,22.337118],[86.352661,22.35153],[86.32534,22.373081],[86.309799,22.397261],[86.292923,22.420141],[86.279823,22.44552],[86.242577,22.44453],[86.211502,22.459711],[86.173706,22.476431],[86.145149,22.47514],[86.119926,22.485559],[86.093506,22.508221],[86.078346,22.530411],[86.058136,22.553421],[86.018341,22.543631],[86.008682,22.518551],[85.984138,22.51062],[85.965607,22.490162],[85.958267,22.4659],[85.96698,22.441221],[85.992973,22.42214],[86.013657,22.403881],[86.019623,22.378151],[86.006126,22.348751],[86.019188,22.327131],[86.032303,22.305231],[86.008499,22.292671],[85.985191,22.267208],[85.969788,22.243401],[85.992836,22.215483],[86.017387,22.198763],[86.014778,22.172642],[85.999237,22.14493],[86.002586,22.113022],[85.978996,22.083361],[85.967377,22.05978],[85.953583,22.0361],[85.93309,22.017441],[85.913063,21.996651],[85.904457,21.97267],[85.871323,21.974751],[85.840416,21.97648],[85.815582,21.9713],[85.784279,21.9786],[85.76075,21.989719],[85.758698,22.014803],[85.778938,22.036261],[85.78511,22.071911],[85.814369,22.07007],[85.815216,22.09902],[85.784256,22.098988],[85.75782,22.084982],[85.733818,22.064529],[85.707802,22.05629],[85.681503,22.04878],[85.657509,22.07428],[85.631248,22.081541],[85.6036,22.079241],[85.571106,22.08606],[85.539543,22.08659],[85.514847,22.10821],[85.485802,22.116489],[85.465179,22.131203],[85.435783,22.144171],[85.410286,22.15608],[85.385368,22.152342],[85.35807,22.137951],[85.323013,22.12499],[85.300079,22.107059],[85.280899,22.087641],[85.265457,22.060251],[85.246529,22.02541],[85.230942,22.000271],[85.213898,22.027161],[85.192322,22.051151],[85.172462,22.06819],[85.140839,22.073551],[85.113297,22.071079],[85.099007,22.096121],[85.06945,22.107128],[85.0439,22.110701],[85.019951,22.103371],[85.002319,22.079943],[85.019493,22.108391],[85.031151,22.13736],[85.041451,22.17066],[85.0588,22.205952],[85.069481,22.23065],[85.069901,22.26029],[85.098572,22.28792],[85.114037,22.314213],[85.087959,22.314081],[85.092957,22.341091],[85.075043,22.36097],[85.080681,22.39546],[85.068092,22.41807],[85.057037,22.44471],[85.073639,22.466681],[85.051399,22.47942],[85.028107,22.468203],[85.000496,22.458361],[84.960243,22.44372],[84.931366,22.43965],[84.907707,22.41964],[84.880249,22.417591],[84.8778,22.442511],[84.847801,22.43442],[84.812691,22.43161],[84.778053,22.443541],[84.752693,22.442013],[84.743851,22.414751],[84.711327,22.4139],[84.681503,22.414921],[84.632103,22.42865],[84.595306,22.424938],[84.543297,22.417198],[84.505829,22.416201],[84.48127,22.405691],[84.45565,22.375221],[84.426941,22.364651],[84.394493,22.343851],[84.367416,22.349569],[84.338387,22.342098],[84.289223,22.33732],[84.266167,22.34783],[84.251411,22.370411],[84.226128,22.374121],[84.194107,22.371811],[84.175163,22.388941],[84.152489,22.40093],[84.13588,22.420683],[84.135223,22.449051],[84.129143,22.47349],[84.102119,22.47731],[84.079208,22.488852],[84.057587,22.510151],[84.024727,22.516212],[84.001579,22.533991],[84.003929,22.56192],[84.020027,22.58279],[84.048126,22.594143],[84.080391,22.636551],[84.107246,22.636671],[84.149933,22.63442],[84.180351,22.649839],[84.201607,22.66519],[84.227753,22.676991],[84.229446,22.705233],[84.225357,22.735161],[84.251587,22.75808],[84.278778,22.76136],[84.290306,22.787163],[84.311691,22.803301],[84.320381,22.836031],[84.32946,22.85955],[84.357933,22.8606],[84.375877,22.881401],[84.37619,22.909201],[84.389053,22.93874],[84.377731,22.96172],[84.348236,22.97587],[84.318237,22.97658],[84.289337,22.961639],[84.268883,22.979031],[84.241508,22.972879],[84.214943,22.97743],[84.201073,22.998821],[84.189926,23.02372],[84.173973,23.000351],[84.167862,22.970961],[84.145111,22.982571],[84.131699,23.018263],[84.12336,23.044992],[84.13092,23.07749],[84.11026,23.092081],[84.087868,23.109489],[84.061462,23.1099],[84.045273,23.130522],[84.029091,23.153881],[84.03933,23.178518],[84.05835,23.2036],[84.054008,23.23418],[84.059067,23.27412],[84.059387,23.3043],[84.070251,23.32999],[84.049957,23.35186],[84.038033,23.376169],[84.011452,23.3634],[83.983017,23.35955],[83.965828,23.38121],[83.976166,23.40752],[83.969727,23.447668],[83.984627,23.475592],[84.005638,23.496462],[84.012749,23.520811],[84.022667,23.544241],[84.022911,23.574591],[84.020302,23.60018],[84.001869,23.62044],[83.975456,23.630831],[83.948616,23.624319],[83.929588,23.593679],[83.935257,23.56304],[83.905289,23.56951],[83.859596,23.578333],[83.82122,23.58485],[83.786148,23.598181],[83.765739,23.61754],[83.743027,23.640461],[83.728912,23.6674],[83.715073,23.690241],[83.734718,23.713551],[83.730003,23.743681],[83.712357,23.772331],[83.699898,23.80163],[83.688492,23.823933],[83.658333,23.82782],[83.637901,23.847031],[83.611488,23.853361],[83.581169,23.861919],[83.570152,23.89036],[83.542847,23.898241],[83.53894,23.9335],[83.512436,23.966999],[83.506546,23.991341],[83.514832,24.01576],[83.478951,24.038549],[83.453079,24.041422],[83.43132,24.057932],[83.425369,24.083761],[83.392403,24.094952],[83.361977,24.101961],[83.327599,24.099649],[83.349007,24.126438],[83.357353,24.156839],[83.369362,24.18059],[83.378227,24.20528],[83.3769,24.23093],[83.393387,24.252661],[83.402916,24.276131],[83.386566,24.297569],[83.391403,24.326771],[83.423523,24.338701],[83.441048,24.36088],[83.439957,24.38698],[83.416527,24.409479],[83.400673,24.43714],[83.381409,24.45565],[83.392563,24.48028],[83.399979,24.50606],[83.426361,24.512781],[83.453087,24.517111],[83.481392,24.523911],[83.509506,24.52754],[83.535042,24.525579],[83.571213,24.51701],[83.600159,24.513241],[83.644836,24.51618],[83.670807,24.514771],[83.695679,24.510611],[83.730736,24.508791],[83.781746,24.523581],[83.808952,24.52895],[83.841492,24.5345],[83.868042,24.532881],[83.902748,24.54244],[83.928459,24.547911],[83.948181,24.566511],[83.964882,24.587641],[83.97924,24.615129],[83.99221,24.638033],[84.015663,24.627602],[84.046738,24.612289],[84.052933,24.587961],[84.072479,24.569601],[84.078339,24.54501],[84.086586,24.514631],[84.100922,24.487902],[84.124908,24.49832],[84.136292,24.529362],[84.16066,24.53824],[84.16114,24.512583],[84.186417,24.522499],[84.172882,24.547131],[84.199913,24.55702],[84.217491,24.53517],[84.235008,24.553181],[84.248528,24.53159],[84.268593,24.54686],[84.292976,24.56599],[84.309448,24.539541],[84.321686,24.51318],[84.308243,24.4869],[84.285263,24.465919],[84.314987,24.44751],[84.318237,24.420219],[84.337982,24.401291],[84.361366,24.386633],[84.392029,24.37575],[84.422539,24.35915],[84.417427,24.331362],[84.444916,24.334181],[84.465111,24.30839],[84.493538,24.287041],[84.503197,24.315411],[84.52549,24.339479],[84.527962,24.36483],[84.556038,24.379723],[84.565392,24.407471],[84.5942,24.404011],[84.619293,24.40206],[84.658257,24.393742],[84.668388,24.426291],[84.678917,24.456343],[84.706528,24.472359],[84.740067,24.48827],[84.762978,24.501768],[84.783676,24.51771],[84.819496,24.52482],[84.827927,24.486],[84.832733,24.461161],[84.859749,24.45664],[84.880043,24.432041],[84.891907,24.398531],[84.898033,24.372129],[84.925339,24.37804],[84.968567,24.37595],[84.990402,24.41223],[85.014603,24.419121],[85.039543,24.424128],[85.064613,24.43059],[85.073021,24.40654],[85.080681,24.380751],[85.109329,24.398821],[85.147957,24.418188],[85.163727,24.44142],[85.150673,24.46287],[85.176323,24.467979],[85.203262,24.47295],[85.228539,24.47941],[85.25444,24.497931],[85.281967,24.4972],[85.282516,24.52669],[85.312531,24.526581],[85.337906,24.52799],[85.37027,24.529581],[85.395172,24.541281],[85.427536,24.537291],[85.456589,24.539211],[85.480949,24.54812],[85.503197,24.535723],[85.534187,24.53219],[85.5382,24.561451],[85.564453,24.56185],[85.562851,24.59127],[85.591141,24.597059],[85.615448,24.58293],[85.644279,24.578291],[85.670311,24.588093],[85.672127,24.6194],[85.663643,24.64447],[85.65976,24.670313],[85.679657,24.693768],[85.696663,24.713472],[85.705338,24.740051],[85.704781,24.768831],[85.722969,24.798908],[85.735008,24.821383],[85.76075,24.815071],[85.785728,24.798681],[85.810661,24.794498],[85.841942,24.80806],[85.877777,24.800291],[85.901688,24.769861],[85.920967,24.74456],[85.950302,24.732119],[85.975891,24.74597],[86.006111,24.76568],[86.031792,24.772753],[86.04155,24.7479],[86.086578,24.746321],[86.109299,24.732241],[86.124443,24.70516],[86.132011,24.680389],[86.12632,24.654221],[86.122009,24.623932],[86.14463,24.60306],[86.165657,24.583681],[86.194939,24.585161],[86.21656,24.6028],[86.242882,24.592138],[86.264137,24.575838],[86.288353,24.584339],[86.322861,24.584091],[86.304047,24.55829],[86.301338,24.531979],[86.312416,24.508471],[86.297737,24.482521],[86.279137,24.462002],[86.303757,24.444839],[86.332733,24.440191],[86.362717,24.42679],[86.398697,24.40029],[86.415588,24.37921],[86.446327,24.368441],[86.465683,24.385],[86.465683,24.41379],[86.488586,24.425001],[86.491127,24.45405],[86.49028,24.484371],[86.505722,24.5177],[86.523529,24.535749],[86.551338,24.543421],[86.568047,24.562799],[86.583893,24.58532],[86.602921,24.605068],[86.618286,24.584492],[86.64576,24.567223],[86.677673,24.566113],[86.709908,24.57354],[86.735077,24.580841],[86.750862,24.617979],[86.777122,24.619761],[86.794373,24.59683],[86.801201,24.571968],[86.825592,24.566],[86.847107,24.552971],[86.873207,24.56498],[86.898422,24.549751],[86.900658,24.576151],[86.910019,24.601143],[86.923866,24.624331],[86.948616,24.642761],[86.971191,24.630301],[87.010201,24.60626],[87.034973,24.610109],[87.048813,24.637011],[87.055321,24.665091],[87.067017,24.688473],[87.076607,24.7146],[87.076363,24.739929],[87.083397,24.764521],[87.09288,24.792292],[87.077133,24.811821],[87.097549,24.829851],[87.114471,24.85553],[87.144516,24.859221],[87.158119,24.885632],[87.146507,24.912863],[87.14859,24.94212],[87.151917,24.968613],[87.146477,24.99987],[87.149048,25.026239],[87.165039,25.04587],[87.184319,25.067011],[87.208321,25.083321],[87.233879,25.085821],[87.250557,25.10585],[87.274887,25.09219],[87.294868,25.111919],[87.303429,25.138142],[87.314369,25.16276],[87.317116,25.188681],[87.323456,25.223091],[87.347778,25.213173],[87.373947,25.218531],[87.402153,25.221411],[87.455116,25.1975],[87.471817,25.22238],[87.487556,25.261999],[87.481506,25.295172],[87.512871,25.292143],[87.535629,25.280109],[87.544121,25.322901],[87.567108,25.333891],[87.589256,25.32189],[87.599892,25.314663]]]}},{"type":"Feature","properties":{"name":"Karnataka"},"geometry":{"type":"MultiPolygon","coordinates":[[[[74.670975,13.199862],[74.670975,13.199862]],[[74.72847,13.282922],[74.72847,13.282922]],[[74.700417,13.28431],[74.700417,13.28431]],[[74.723747,13.289591],[74.723747,13.289591]],[[74.690697,13.33403],[74.690697,13.33403]],[[74.689026,13.340972],[74.689026,13.340972]],[[74.68264,13.348473],[74.68264,13.348473]],[[74.671524,13.383193],[74.671524,13.383193]],[[74.482918,14.01125],[74.482918,14.01125]],[[74.326248,14.020695],[74.326248,14.020695]],[[74.403198,14.315401],[74.403198,14.315401]],[[74.365143,14.55264],[74.365143,14.55264]],[[74.253754,14.705974],[74.253754,14.705974]],[[74.240692,14.71125],[74.240692,14.71125]],[[74.155418,14.741811],[74.155418,14.741811]],[[74.111252,14.761541],[74.111252,14.761541]],[[74.087914,14.795972],[74.087914,14.795972]],[[74.056526,14.817084],[74.056526,14.817084]],[[74.064026,14.82125],[74.064026,14.82125]],[[74.059303,14.821528],[74.059303,14.821528]],[[74.094025,14.838471],[74.094025,14.838471]],[[74.098473,14.845972],[74.098473,14.845972]],[[74.097084,14.878472],[74.097084,14.878472]],[[77.337311,18.43544],[77.369629,18.447651],[77.369751,18.400709],[77.400497,18.3978],[77.400673,18.370171],[77.395943,18.344641],[77.373947,18.32951],[77.39257,18.30093],[77.425003,18.30467],[77.436928,18.28204],[77.465393,18.25996],[77.492233,18.265881],[77.512642,18.281981],[77.519783,18.307369],[77.549957,18.291349],[77.583817,18.283081],[77.581497,18.256321],[77.58107,18.222738],[77.564308,18.20055],[77.577538,18.16827],[77.597771,18.15184],[77.596611,18.121031],[77.597458,18.08429],[77.567337,18.07629],[77.545746,18.053761],[77.574486,18.030741],[77.592247,18.010168],[77.622292,18.00466],[77.646179,17.9932],[77.652046,17.9643],[77.623741,17.95775],[77.61953,17.930071],[77.616577,17.902868],[77.585167,17.90823],[77.592491,17.879499],[77.567436,17.86614],[77.559189,17.83864],[77.544792,17.817011],[77.518051,17.80772],[77.504486,17.782591],[77.534492,17.774691],[77.565956,17.764111],[77.554642,17.741131],[77.533989,17.725203],[77.509468,17.719961],[77.484467,17.70365],[77.457863,17.698961],[77.449097,17.666111],[77.450813,17.63236],[77.446503,17.607241],[77.439926,17.58147],[77.465157,17.574659],[77.489998,17.566271],[77.501617,17.54088],[77.52742,17.573221],[77.548393,17.549459],[77.585388,17.558361],[77.591728,17.532681],[77.616577,17.52935],[77.645317,17.518791],[77.67894,17.5051],[77.684013,17.472851],[77.648087,17.481178],[77.615646,17.471401],[77.610611,17.444233],[77.573196,17.454201],[77.548843,17.434921],[77.523376,17.436689],[77.510689,17.41254],[77.535507,17.4041],[77.526588,17.37883],[77.509758,17.35927],[77.482613,17.35446],[77.451599,17.370491],[77.456352,17.34499],[77.449638,17.314899],[77.434021,17.28826],[77.437363,17.26137],[77.420021,17.24161],[77.395851,17.232851],[77.393448,17.20694],[77.37075,17.190071],[77.364906,17.164949],[77.376328,17.13789],[77.403732,17.123211],[77.433769,17.111151],[77.462639,17.104071],[77.476921,17.076233],[77.486763,17.04468],[77.498199,17.0152],[77.478371,16.99025],[77.473747,16.959471],[77.465973,16.93457],[77.4534,16.909033],[77.45224,16.881599],[77.460312,16.85453],[77.456627,16.82375],[77.471756,16.796289],[77.444542,16.780043],[77.435341,16.74955],[77.426331,16.72275],[77.456276,16.71069],[77.465042,16.678282],[77.437157,16.66658],[77.432938,16.637638],[77.461418,16.64883],[77.455566,16.62001],[77.464203,16.59514],[77.436729,16.581209],[77.41729,16.56391],[77.391441,16.565201],[77.415657,16.544001],[77.415321,16.51783],[77.38871,16.51211],[77.36731,16.493771],[77.34362,16.48488],[77.313622,16.487551],[77.292,16.473639],[77.251511,16.467901],[77.264389,16.430052],[77.28466,16.403],[77.332733,16.3883],[77.373199,16.379921],[77.401123,16.36603],[77.42778,16.36508],[77.461311,16.375441],[77.494492,16.37579],[77.51886,16.37011],[77.544327,16.349758],[77.571846,16.335951],[77.590843,16.311979],[77.590302,16.286852],[77.564987,16.29771],[77.539757,16.282633],[77.513092,16.27072],[77.487556,16.249821],[77.488762,16.22435],[77.494942,16.195351],[77.483627,16.15855],[77.488586,16.126461],[77.509399,16.103531],[77.492889,16.083771],[77.499527,16.05426],[77.490723,16.03063],[77.501686,16.005541],[77.505493,15.978762],[77.51458,15.94343],[77.483322,15.92806],[77.452507,15.93152],[77.426422,15.942279],[77.400032,15.93546],[77.368141,15.936041],[77.335167,15.943271],[77.300217,15.9505],[77.263176,15.951389],[77.236092,15.952711],[77.202957,15.94988],[77.1707,15.94555],[77.143433,15.9406],[77.120659,15.928821],[77.090057,15.91787],[77.065956,15.899311],[77.052452,15.876283],[77.033188,15.853081],[77.024422,15.82949],[77.049919,15.820143],[77.061516,15.797921],[77.056602,15.772281],[77.043228,15.734482],[77.076271,15.721411],[77.08165,15.695331],[77.100838,15.67888],[77.124977,15.659051],[77.116203,15.62511],[77.095932,15.64415],[77.068871,15.640909],[77.036011,15.632372],[77.028397,15.60685],[77.023712,15.576382],[77.028862,15.525122],[77.026596,15.49999],[76.996033,15.499731],[76.971893,15.506331],[76.988983,15.473151],[77.006096,15.448231],[77.030487,15.426331],[77.028542,15.401302],[77.04229,15.3748],[77.057846,15.34319],[77.069092,15.319471],[77.099297,15.326621],[77.115417,15.28985],[77.147911,15.28567],[77.157669,15.26038],[77.13266,15.23461],[77.147079,15.20881],[77.161537,15.182211],[77.159286,15.152121],[77.13208,15.142681],[77.154037,15.120521],[77.139389,15.099881],[77.125526,15.06821],[77.116066,15.040102],[77.090782,15.027722],[77.078819,15.00001],[77.050926,15.00429],[77.046883,15.029212],[77.009293,15.029581],[76.983513,15.020422],[76.950668,15.024431],[76.919357,15.028522],[76.888687,15.031751],[76.864067,15.05],[76.843208,15.066159],[76.811882,15.080231],[76.784233,15.08078],[76.770821,15.058289],[76.780792,15.03424],[76.779747,15.00589],[76.759239,14.98507],[76.796883,14.962921],[76.823647,14.953611],[76.864456,14.96402],[76.865479,14.9376],[76.863899,14.911741],[76.846138,14.890331],[76.851677,14.862521],[76.84436,14.833252],[76.84874,14.804031],[76.831367,14.784112],[76.78035,14.779262],[76.788139,14.751841],[76.785538,14.707091],[76.771278,14.67384],[76.762978,14.611921],[76.772751,14.587201],[76.784058,14.56198],[76.799728,14.527732],[76.827583,14.523059],[76.854218,14.49888],[76.863808,14.474671],[76.894272,14.480752],[76.945412,14.482151],[76.973396,14.478281],[76.964371,14.451741],[76.944321,14.425232],[76.941566,14.399542],[76.918968,14.41145],[76.896637,14.39448],[76.878616,14.351393],[76.898972,14.319241],[76.923149,14.30965],[76.946701,14.300449],[76.935486,14.276642],[76.935989,14.248772],[76.961571,14.235902],[76.98938,14.236401],[77.02459,14.236681],[77.049629,14.239542],[77.067619,14.21786],[77.095222,14.20948],[77.110466,14.23198],[77.115517,14.25682],[77.111923,14.287531],[77.130928,14.31381],[77.152153,14.337741],[77.176743,14.32629],[77.209793,14.31301],[77.245087,14.31453],[77.267326,14.32701],[77.282677,14.30228],[77.279587,14.27609],[77.307487,14.27384],[77.343369,14.27052],[77.359238,14.243601],[77.376617,14.216712],[77.383789,14.191821],[77.414879,14.203221],[77.406181,14.236711],[77.38987,14.26139],[77.375008,14.295189],[77.385658,14.32487],[77.420723,14.321992],[77.442436,14.290911],[77.46843,14.27944],[77.492142,14.271281],[77.496277,14.24041],[77.493088,14.21397],[77.504143,14.18066],[77.500443,14.150961],[77.463333,14.16423],[77.423477,14.16508],[77.397453,14.1665],[77.378731,14.13828],[77.354858,14.12375],[77.344536,14.096011],[77.373253,14.11258],[77.372383,14.071852],[77.350121,14.053382],[77.326187,14.02294],[77.362328,14.01599],[77.379883,13.993281],[77.410187,13.976922],[77.430901,13.961991],[77.407707,13.9361],[77.422501,13.91195],[77.408508,13.88881],[77.358849,13.895561],[77.352638,13.928451],[77.347206,13.955352],[77.353783,13.982321],[77.329773,13.993352],[77.317009,14.015323],[77.285187,14.01153],[77.264519,14.026529],[77.242569,14.006311],[77.20768,14.004871],[77.171387,14.008599],[77.147339,13.991622],[77.127831,14.01865],[77.110153,14.042041],[77.076492,14.03805],[77.051201,14.049592],[77.023697,14.053259],[77.023987,14.083371],[77.017036,14.111951],[77.016006,14.152691],[76.994392,14.17375],[76.965683,14.17432],[76.944046,14.18832],[76.922966,14.1634],[76.896759,14.161901],[76.886917,14.13624],[76.912506,14.122109],[76.937393,14.115151],[76.948547,14.091412],[76.971848,14.075711],[76.94973,14.047841],[76.931099,14.022732],[76.964203,14.00224],[76.985016,13.98752],[76.988998,13.956692],[77.013977,13.939482],[77.035843,13.925591],[77.041283,13.8974],[77.016617,13.88773],[77.008026,13.862901],[76.994133,13.83897],[76.971558,13.818861],[76.985779,13.793],[76.986343,13.766521],[76.993927,13.74151],[77.01844,13.7617],[77.047348,13.75608],[77.071487,13.73875],[77.095268,13.76088],[77.12352,13.750891],[77.158157,13.754931],[77.16407,13.780351],[77.155373,13.80739],[77.145767,13.83494],[77.123886,13.84939],[77.148216,13.859801],[77.161713,13.882431],[77.159561,13.908461],[77.181343,13.89119],[77.175133,13.861401],[77.200958,13.86652],[77.220932,13.881761],[77.240738,13.865882],[77.250443,13.839471],[77.282928,13.84098],[77.306931,13.85724],[77.320007,13.825751],[77.346977,13.839581],[77.373131,13.838191],[77.3992,13.83242],[77.42453,13.83513],[77.412758,13.81175],[77.428658,13.78799],[77.455597,13.79981],[77.458733,13.74981],[77.458069,13.723039],[77.446007,13.70064],[77.449753,13.675791],[77.476486,13.6776],[77.479721,13.703211],[77.50679,13.700471],[77.527542,13.71903],[77.519669,13.74385],[77.545143,13.728181],[77.573631,13.72665],[77.595596,13.743579],[77.615646,13.728361],[77.610466,13.75544],[77.649086,13.77584],[77.663712,13.75226],[77.695526,13.761432],[77.702187,13.730991],[77.714203,13.760791],[77.71286,13.79052],[77.741028,13.803792],[77.769211,13.808541],[77.776039,13.835911],[77.80278,13.84067],[77.827721,13.86062],[77.820992,13.889232],[77.806351,13.91755],[77.830116,13.927152],[77.862427,13.926801],[77.887863,13.927722],[77.900452,13.902341],[77.929733,13.90881],[77.946022,13.928431],[77.961273,13.949971],[77.973511,13.92423],[77.978027,13.89335],[77.949516,13.884471],[77.945717,13.839802],[77.965782,13.82016],[77.981239,13.8488],[78.004776,13.861711],[78.037827,13.85285],[78.041153,13.886729],[78.067963,13.87452],[78.088379,13.854919],[78.113533,13.840891],[78.107658,13.8036],[78.118233,13.7769],[78.101196,13.75299],[78.084923,13.733492],[78.105507,13.714632],[78.105377,13.684401],[78.064056,13.68818],[78.072807,13.655171],[78.086349,13.633501],[78.107361,13.647092],[78.146172,13.64966],[78.160538,13.62343],[78.185837,13.62118],[78.193741,13.594902],[78.180122,13.564172],[78.208496,13.581881],[78.236557,13.584491],[78.265396,13.578221],[78.29184,13.57882],[78.32283,13.582991],[78.361397,13.578873],[78.390762,13.5781],[78.386009,13.543952],[78.373093,13.512251],[78.367447,13.481971],[78.362556,13.452071],[78.365311,13.424391],[78.371277,13.39718],[78.364449,13.370491],[78.356407,13.34672],[78.383667,13.342351],[78.366997,13.32004],[78.391251,13.30371],[78.41526,13.31713],[78.435982,13.29835],[78.460533,13.30792],[78.483528,13.28808],[78.503929,13.27245],[78.528763,13.275862],[78.55323,13.28462],[78.576111,13.26713],[78.563217,13.238411],[78.557198,13.212021],[78.540947,13.187251],[78.564728,13.174041],[78.54686,13.153431],[78.535446,13.13074],[78.508751,13.11959],[78.527962,13.09736],[78.501923,13.081661],[78.504578,13.052762],[78.477386,13.043221],[78.451576,13.031532],[78.452316,13.00376],[78.461426,12.97912],[78.433586,12.96878],[78.419777,12.946682],[78.425949,12.91713],[78.449051,12.896659],[78.456947,12.866059],[78.438301,12.886241],[78.41153,12.8909],[78.388397,12.90552],[78.360977,12.911619],[78.327187,12.889231],[78.321587,12.86285],[78.275688,12.84916],[78.248749,12.84985],[78.241867,12.812331],[78.235428,12.78758],[78.2295,12.76201],[78.202339,12.755079],[78.175308,12.763311],[78.147713,12.7633],[78.120667,12.770012],[78.102051,12.793398],[78.082466,12.809152],[78.064568,12.83017],[78.042023,12.842101],[78.014923,12.845921],[78.007126,12.820041],[78.00148,12.79544],[77.981346,12.810421],[77.957466,12.82153],[77.948563,12.84812],[77.932976,12.812921],[77.909233,12.82202],[77.918442,12.847361],[77.928719,12.871431],[77.902199,12.873371],[77.878006,12.859281],[77.849442,12.857861],[77.822243,12.85462],[77.79982,12.837841],[77.798683,12.811761],[77.797913,12.782921],[77.771629,12.759831],[77.778076,12.733671],[77.753067,12.725099],[77.755981,12.69705],[77.727257,12.682872],[77.703819,12.673741],[77.687531,12.6519],[77.670303,12.671239],[77.638786,12.67014],[77.609436,12.663351],[77.589279,12.648252],[77.597816,12.62102],[77.581459,12.584231],[77.570053,12.557932],[77.577637,12.523471],[77.595161,12.50367],[77.582497,12.476311],[77.610802,12.478041],[77.621696,12.45445],[77.616943,12.424641],[77.613297,12.3978],[77.607536,12.36766],[77.586166,12.336302],[77.566032,12.316701],[77.545151,12.29269],[77.518341,12.26953],[77.493187,12.272791],[77.470177,12.26187],[77.462952,12.235771],[77.468361,12.210199],[77.492462,12.187192],[77.519798,12.188662],[77.546677,12.190371],[77.584213,12.188842],[77.610519,12.19159],[77.644669,12.18857],[77.672821,12.181389],[77.701256,12.1726],[77.726357,12.16732],[77.740463,12.142582],[77.752823,12.11797],[77.75634,12.09196],[77.733963,12.060221],[77.712646,12.041382],[77.694107,12.015192],[77.681152,11.991231],[77.667053,11.958932],[77.646759,11.938711],[77.615173,11.93415],[77.591362,11.926331],[77.547997,11.93075],[77.523651,11.921481],[77.490433,11.92974],[77.4795,11.900371],[77.453926,11.890551],[77.453873,11.857339],[77.451591,11.823412],[77.440872,11.791342],[77.423843,11.766089],[77.381897,11.776161],[77.355156,11.778372],[77.326118,11.75894],[77.306236,11.778702],[77.284813,11.798362],[77.248482,11.80086],[77.227051,11.78375],[77.189667,11.78282],[77.165916,11.77423],[77.137238,11.771972],[77.113892,11.76183],[77.1054,11.731581],[77.07589,11.723891],[77.05011,11.75775],[77.022339,11.764701],[77.028557,11.78912],[77.004433,11.80302],[76.972771,11.801069],[76.965393,11.77648],[76.940323,11.78102],[76.913483,11.78037],[76.88797,11.7659],[76.881729,11.73009],[76.864571,11.710531],[76.849106,11.68722],[76.835663,11.656071],[76.829697,11.629341],[76.845886,11.606051],[76.83728,11.57448],[76.816513,11.59721],[76.790756,11.599701],[76.751396,11.606709],[76.720207,11.60505],[76.6931,11.60443],[76.664436,11.6051],[76.633728,11.60353],[76.607872,11.600442],[76.580963,11.609401],[76.553627,11.61292],[76.545219,11.648251],[76.535316,11.677041],[76.513077,11.694192],[76.487816,11.685451],[76.451363,11.65512],[76.423462,11.659321],[76.402199,11.68312],[76.411087,11.70995],[76.406616,11.74064],[76.372337,11.736201],[76.346252,11.730501],[76.317581,11.740372],[76.303116,11.76957],[76.275093,11.80076],[76.244392,11.79531],[76.218529,11.800039],[76.207207,11.83176],[76.196083,11.855541],[76.16259,11.860031],[76.125648,11.84477],[76.108749,11.87059],[76.10865,11.92809],[76.10791,11.970639],[76.081001,11.96067],[76.047752,11.94447],[76.023018,11.93465],[75.998192,11.923621],[75.972649,11.92755],[75.948387,11.933911],[75.919632,11.935621],[75.894447,11.936541],[75.865898,11.94563],[75.846573,11.96465],[75.824387,11.98428],[75.823532,12.009339],[75.799957,12.030291],[75.801697,12.067979],[75.767883,12.07752],[75.742943,12.071781],[75.717056,12.06209],[75.700661,12.08353],[75.672737,12.09067],[75.65155,12.103962],[75.642509,12.130772],[75.617088,12.148932],[75.591446,12.143049],[75.570389,12.16546],[75.551132,12.184441],[75.538048,12.206781],[75.523361,12.22887],[75.511108,12.253321],[75.486702,12.281461],[75.458366,12.288552],[75.430733,12.292002],[75.419853,12.319461],[75.414276,12.34393],[75.418869,12.36952],[75.394333,12.379831],[75.372192,12.39573],[75.370537,12.428942],[75.385826,12.450701],[75.414673,12.454092],[75.420181,12.479662],[75.397316,12.49781],[75.372238,12.48551],[75.359413,12.459981],[75.339363,12.47965],[75.314186,12.492021],[75.304657,12.51729],[75.279617,12.52338],[75.27092,12.55354],[75.291397,12.574882],[75.316193,12.568662],[75.305618,12.59492],[75.281036,12.608029],[75.25882,12.59097],[75.240036,12.57397],[75.214043,12.573412],[75.207298,12.59995],[75.201431,12.625111],[75.170006,12.61656],[75.147667,12.628651],[75.155083,12.65368],[75.136673,12.671171],[75.108658,12.684941],[75.086098,12.697782],[75.0867,12.670851],[75.06089,12.661482],[75.044678,12.687441],[75.049667,12.7147],[75.022957,12.715621],[75.000237,12.727401],[75.004272,12.75399],[75.00528,12.785492],[74.981926,12.77524],[74.954201,12.779281],[74.929352,12.771332],[74.905098,12.759931],[74.879913,12.74927],[74.861526,12.76681],[74.850693,12.789583],[74.839859,12.812361],[74.831528,12.835973],[74.820694,12.859306],[74.815697,12.884311],[74.80986,12.910972],[74.804031,12.937084],[74.799316,12.96264],[74.794304,12.988194],[74.787918,13.013472],[74.782913,13.038471],[74.778206,13.06431],[74.782356,13.089091],[74.767082,13.109309],[74.761253,13.134311],[74.755692,13.158751],[74.748466,13.183461],[74.741249,13.20764],[74.734581,13.23264],[74.729851,13.257642],[74.721802,13.28181],[74.717911,13.30681],[74.710419,13.330691],[74.691803,13.347641],[74.711807,13.332361],[74.718483,13.308191],[74.722359,13.283472],[74.721802,13.30875],[74.714302,13.33264],[74.697906,13.352641],[74.695969,13.379031],[74.697083,13.406531],[74.694313,13.438471],[74.69014,13.46361],[74.68792,13.489861],[74.685143,13.517083],[74.682083,13.542083],[74.678474,13.567083],[74.674576,13.592921],[74.669861,13.617579],[74.665413,13.64236],[74.653473,13.664584],[74.644302,13.689584],[74.640694,13.714584],[74.636528,13.739862],[74.631805,13.764584],[74.626526,13.789583],[74.620407,13.815142],[74.614296,13.840139],[74.607361,13.865141],[74.626526,13.848194],[74.61042,13.867361],[74.595413,13.887361],[74.589302,13.912085],[74.575966,13.933762],[74.55764,13.950971],[74.537636,13.965973],[74.519028,13.98292],[74.509026,14.007084],[74.508469,14.032083],[74.497917,14.055695],[74.491806,14.080419],[74.48764,14.105431],[74.482086,14.130695],[74.476807,14.155141],[74.47097,14.180694],[74.454857,14.20014],[74.443748,14.22264],[74.436249,14.24653],[74.428474,14.270973],[74.424576,14.296532],[74.413193,14.322083],[74.408203,14.346809],[74.403198,14.371531],[74.399017,14.396811],[74.385696,14.418201],[74.381531,14.44292],[74.373749,14.467362],[74.364029,14.49042],[74.358467,14.515422],[74.375687,14.533751],[74.368187,14.557641],[74.34375,14.562931],[74.351517,14.53876],[74.342361,14.515422],[74.316246,14.51903],[74.313751,14.544584],[74.303749,14.568195],[74.293747,14.591251],[74.279297,14.611811],[74.284584,14.638195],[74.282913,14.663472],[74.276802,14.687921],[74.259583,14.707084],[74.254311,14.73153],[74.234581,14.747641],[74.212914,14.734584],[74.188469,14.74097],[74.16375,14.752917],[74.147362,14.771807],[74.121803,14.774583],[74.10347,14.79236],[74.124306,14.806249],[74.124847,14.831812],[74.111809,14.855973],[74.101517,14.879031],[74.113083,14.91116],[74.139397,14.920461],[74.163391,14.913252],[74.1661,14.939442],[74.190277,14.951719],[74.203087,14.927421],[74.224716,14.94134],[74.243866,14.95749],[74.270119,14.966641],[74.261711,14.990761],[74.28186,15.015572],[74.302338,15.03986],[74.289009,15.065849],[74.283791,15.09401],[74.293091,15.119963],[74.292587,15.147679],[74.31813,15.17533],[74.315559,15.203213],[74.302132,15.228142],[74.278671,15.23719],[74.257523,15.257629],[74.276619,15.274449],[74.302307,15.285861],[74.334129,15.282862],[74.327972,15.31327],[74.328407,15.3434],[74.312828,15.374882],[74.286247,15.382601],[74.281448,15.409041],[74.279999,15.435931],[74.272552,15.46524],[74.256332,15.48952],[74.281898,15.512952],[74.282928,15.541571],[74.267639,15.563439],[74.26516,15.59016],[74.267471,15.617049],[74.256477,15.646801],[74.231583,15.66652],[74.213249,15.64903],[74.194473,15.67214],[74.173431,15.652052],[74.146851,15.648661],[74.121368,15.65367],[74.098022,15.665971],[74.127007,15.67374],[74.138893,15.699032],[74.142967,15.727191],[74.167671,15.74925],[74.197067,15.750221],[74.215706,15.77387],[74.23893,15.78454],[74.235168,15.759611],[74.258926,15.743391],[74.284943,15.743311],[74.312996,15.7483],[74.32975,15.77038],[74.364853,15.773651],[74.375511,15.79672],[74.373367,15.825832],[74.387413,15.847112],[74.353767,15.848101],[74.367027,15.871091],[74.388496,15.85722],[74.40255,15.878261],[74.391869,15.901159],[74.41227,15.9252],[74.435226,15.95117],[74.449959,15.983231],[74.456436,16.008909],[74.467659,16.033649],[74.448036,16.052401],[74.422913,16.05319],[74.396072,16.0396],[74.37075,16.05102],[74.379593,16.07682],[74.40406,16.090979],[74.434593,16.11062],[74.460007,16.102911],[74.481857,16.086969],[74.497108,16.11237],[74.490952,16.142],[74.495323,16.169001],[74.512878,16.188263],[74.503166,16.211561],[74.495071,16.23597],[74.463432,16.241831],[74.436333,16.254768],[74.421227,16.28059],[74.391266,16.2756],[74.369606,16.290722],[74.349358,16.275061],[74.344849,16.303268],[74.323021,16.325123],[74.323708,16.353611],[74.325462,16.37925],[74.351082,16.37676],[74.36911,16.394329],[74.342651,16.400492],[74.34375,16.425541],[74.338867,16.452162],[74.307091,16.459591],[74.300552,16.499632],[74.278427,16.479639],[74.253159,16.494881],[74.278641,16.50102],[74.271973,16.53343],[74.297623,16.531931],[74.311577,16.506927],[74.323219,16.532209],[74.346123,16.54645],[74.371101,16.537651],[74.3955,16.559523],[74.413719,16.580238],[74.440819,16.598692],[74.472458,16.604811],[74.46447,16.633989],[74.477386,16.66078],[74.489838,16.63607],[74.53009,16.63061],[74.550247,16.60902],[74.569817,16.581221],[74.574051,16.55197],[74.595886,16.56439],[74.622643,16.573641],[74.639381,16.594353],[74.663872,16.60108],[74.690376,16.60446],[74.673866,16.62846],[74.6688,16.655552],[74.696106,16.67498],[74.695938,16.710541],[74.722443,16.713291],[74.748207,16.72212],[74.769409,16.73947],[74.800407,16.745651],[74.850342,16.760321],[74.892639,16.76869],[74.92382,16.769951],[74.915817,16.810221],[74.913307,16.84145],[74.927788,16.86335],[74.948616,16.880091],[74.967262,16.90538],[74.938202,16.91647],[74.959999,16.932932],[74.985817,16.92902],[75.011406,16.942581],[75.031906,16.925671],[75.055237,16.93886],[75.082947,16.946598],[75.094711,16.92115],[75.118759,16.909971],[75.138397,16.892921],[75.150528,16.86941],[75.180847,16.867512],[75.183197,16.842041],[75.215858,16.84034],[75.240997,16.862961],[75.268303,16.860861],[75.287498,16.883211],[75.285576,16.909431],[75.2836,16.942942],[75.306129,16.95467],[75.337967,16.953541],[75.364357,16.96361],[75.39476,16.976393],[75.431023,16.963461],[75.453537,16.982651],[75.482498,16.97595],[75.49263,16.951509],[75.524063,16.95874],[75.558472,16.96435],[75.569298,16.998859],[75.599442,17.00522],[75.610657,16.96962],[75.636337,16.965811],[75.66375,16.957882],[75.668678,16.983219],[75.673103,17.026171],[75.648193,17.03269],[75.662689,17.061783],[75.677391,17.087749],[75.674103,17.11355],[75.652733,17.13273],[75.631386,17.16007],[75.630699,17.186161],[75.657433,17.203781],[75.660919,17.24],[75.657478,17.270571],[75.632317,17.272221],[75.605957,17.303261],[75.616043,17.32876],[75.589943,17.349689],[75.578537,17.382931],[75.603317,17.38986],[75.610558,17.41712],[75.625328,17.458111],[75.649559,17.47341],[75.670448,17.45932],[75.680809,17.436163],[75.691193,17.412611],[75.722366,17.411779],[75.750526,17.412901],[75.776619,17.388203],[75.802338,17.370102],[75.816277,17.397812],[75.824722,17.42285],[75.856003,17.407682],[75.882431,17.419001],[75.896431,17.394979],[75.891983,17.3608],[75.916222,17.33897],[75.94175,17.32486],[75.971527,17.33646],[76.000267,17.337749],[76.036667,17.348963],[76.063202,17.3519],[76.078743,17.33007],[76.092766,17.354441],[76.116676,17.36622],[76.145668,17.347933],[76.164223,17.31926],[76.172333,17.34873],[76.203522,17.358789],[76.228996,17.36323],[76.256279,17.357389],[76.275879,17.33053],[76.305023,17.328451],[76.33474,17.34985],[76.350601,17.327721],[76.381706,17.31181],[76.39299,17.336281],[76.410507,17.354139],[76.362,17.37508],[76.370049,17.4079],[76.373177,17.43442],[76.341957,17.43383],[76.330841,17.46162],[76.372299,17.485781],[76.345947,17.491598],[76.366409,17.51671],[76.345833,17.540211],[76.334236,17.56349],[76.331673,17.59487],[76.359482,17.596292],[76.415672,17.6042],[76.425797,17.628321],[76.440849,17.64937],[76.489296,17.660669],[76.485626,17.692699],[76.510956,17.715919],[76.523697,17.75889],[76.559776,17.76314],[76.569427,17.703741],[76.593246,17.71756],[76.604057,17.755831],[76.629799,17.741871],[76.650833,17.720831],[76.663139,17.68786],[76.688263,17.678511],[76.69236,17.705261],[76.703476,17.72912],[76.727608,17.737],[76.719093,17.761332],[76.739433,17.779131],[76.766327,17.79665],[76.784813,17.819639],[76.765739,17.8508],[76.737457,17.857059],[76.739647,17.883621],[76.765953,17.89843],[76.797447,17.869341],[76.820366,17.884453],[76.846916,17.8964],[76.875267,17.892731],[76.896599,17.90802],[76.918343,17.923109],[76.917267,17.96048],[76.919586,17.98538],[76.917671,18.012341],[76.938637,18.03723],[76.952667,18.06341],[76.964317,18.088211],[76.942528,18.11141],[76.931763,18.13658],[76.950958,18.17248],[76.979851,18.187401],[76.997757,18.166849],[77.023987,18.16268],[77.049446,18.173208],[77.069107,18.149441],[77.096619,18.158131],[77.102928,18.18631],[77.120987,18.206701],[77.149986,18.21656],[77.157196,18.253092],[77.170532,18.28087],[77.19883,18.27923],[77.195412,18.31271],[77.222977,18.337801],[77.230812,18.36558],[77.236397,18.399811],[77.264557,18.418381],[77.294769,18.43268],[77.317413,18.453791],[77.337311,18.43544]]]]}},{"type":"Feature","properties":{"name":"Kerala"},"geometry":{"type":"MultiPolygon","coordinates":[[[[76.467361,9.540971],[76.467361,9.540971]],[[76.404297,9.54153],[76.383186,9.52736],[76.404297,9.54153]],[[76.434586,9.551528],[76.421249,9.528195],[76.432083,9.550972],[76.434586,9.551528]],[[76.436806,9.551528],[76.460983,9.54292],[76.44014,9.528751],[76.436806,9.551528]],[[76.414307,9.563195],[76.401253,9.54181],[76.414307,9.563195]],[[76.385414,9.620693],[76.385414,9.620693]],[[76.381248,9.714582],[76.381248,9.714582]],[[76.371529,9.758472],[76.371529,9.758472]],[[76.324028,9.825695],[76.324028,9.825695]],[[76.37236,9.825695],[76.37236,9.825695]],[[76.368469,9.826812],[76.368469,9.826812]],[[76.378471,9.839584],[76.378471,9.839584]],[[76.37764,9.84153],[76.37764,9.84153]],[[76.289307,9.847362],[76.289307,9.847362]],[[76.349586,9.874582],[76.365974,9.855695],[76.372093,9.831251],[76.35125,9.845972],[76.347923,9.87153],[76.349586,9.874582]],[[76.308472,9.92153],[76.315414,9.896528],[76.304581,9.919584],[76.308472,9.92153]],[[76.260696,9.970696],[76.280693,9.954582],[76.291809,9.93208],[76.267639,9.939032],[76.263466,9.963751],[76.260696,9.970696]],[[76.272362,9.972915],[76.272362,9.972915]],[[76.244308,9.980972],[76.244308,9.980972]],[[76.268196,10.00292],[76.268196,10.00292]],[[76.241806,10.014311],[76.25708,9.994305],[76.240143,10.012921],[76.241806,10.014311]],[[76.252914,10.017083],[76.252914,10.017083]],[[76.261803,10.029862],[76.261803,10.029862]],[[76.265976,10.030694],[76.265976,10.030694]],[[76.239861,10.10237],[76.239861,10.10237]],[[76.052086,10.53542],[76.052086,10.53542]],[[76.050972,10.53903],[76.050972,10.53903]],[[75.838196,11.134311],[75.838196,11.134311]],[[75.811249,11.161806],[75.811249,11.161806]],[[75.366249,11.942084],[75.366249,11.942084]],[[75.36792,11.943472],[75.36792,11.943472]],[[75.300697,11.963472],[75.300697,11.963472]],[[75.296524,11.968472],[75.296524,11.968472]],[[75.285416,11.987083],[75.285416,11.987083]],[[75.29792,12.017362],[75.29792,12.017362]],[[75.297638,12.02375],[75.297638,12.02375]],[[75.157639,12.109311],[75.167641,12.085702],[75.177635,12.062639],[75.166527,12.085141],[75.157372,12.109031],[75.157639,12.109311]],[[75.163467,12.115419],[75.163467,12.115419]],[[75.194031,12.116251],[75.194031,12.116251]],[[75.15403,12.142641],[75.15403,12.142641]],[[75.135414,12.185972],[75.148193,12.164307],[75.134865,12.185694],[75.135414,12.185972]],[[75.131813,12.191531],[75.131813,12.191531]],[[75.130142,12.198195],[75.130142,12.198195]],[[75.126526,12.205142],[75.132919,12.180969],[75.141808,12.15597],[75.14875,12.131528],[75.138191,12.154306],[75.129585,12.178472],[75.124031,12.20292],[75.126526,12.205142]],[[74.996002,12.787981],[75.007797,12.765091],[74.991753,12.73817],[75.012169,12.722841],[75.038116,12.71859],[75.056793,12.686721],[75.044762,12.663301],[75.070267,12.65802],[75.084976,12.689682],[75.112671,12.675911],[75.139198,12.67275],[75.151649,12.649361],[75.154877,12.61958],[75.182579,12.627441],[75.198708,12.60616],[75.203407,12.58057],[75.2229,12.56264],[75.249489,12.574882],[75.267853,12.60568],[75.293907,12.595542],[75.318527,12.58514],[75.294968,12.574929],[75.272583,12.558862],[75.279617,12.52338],[75.304657,12.51729],[75.314186,12.492021],[75.338989,12.482941],[75.336761,12.457782],[75.36274,12.464891],[75.377213,12.486431],[75.404236,12.489601],[75.424286,12.466251],[75.403496,12.447569],[75.366623,12.45166],[75.365601,12.407041],[75.381172,12.38479],[75.403366,12.37256],[75.419357,12.35255],[75.416336,12.321471],[75.430397,12.299521],[75.458366,12.288552],[75.486702,12.281461],[75.503929,12.26316],[75.519287,12.23594],[75.537933,12.211052],[75.548752,12.18839],[75.563843,12.166832],[75.587151,12.148291],[75.617088,12.148932],[75.637619,12.13378],[75.648079,12.10558],[75.672737,12.09067],[75.701599,12.100331],[75.717148,12.078431],[75.742943,12.071781],[75.767883,12.07752],[75.795349,12.074231],[75.793259,12.04751],[75.810196,12.02406],[75.827522,12.00285],[75.830589,11.97463],[75.851089,11.957042],[75.876747,11.940712],[75.903793,11.93477],[75.931122,11.93111],[75.958878,11.92861],[75.994446,11.923302],[76.018433,11.935021],[76.047752,11.94447],[76.072807,11.961281],[76.10791,11.970639],[76.10865,11.92809],[76.107437,11.87634],[76.108063,11.851181],[76.139023,11.857111],[76.173691,11.862442],[76.20089,11.85413],[76.205513,11.819581],[76.232109,11.79647],[76.26545,11.800411],[76.294693,11.778071],[76.310501,11.743861],[76.334976,11.73063],[76.372337,11.736201],[76.404419,11.74985],[76.417267,11.725931],[76.396408,11.701079],[76.407402,11.669531],[76.427673,11.647522],[76.396187,11.625312],[76.376839,11.60464],[76.350113,11.582742],[76.311096,11.577511],[76.285889,11.582952],[76.259697,11.586938],[76.225746,11.56444],[76.238319,11.53336],[76.241516,11.504791],[76.240898,11.47521],[76.266083,11.468692],[76.28904,11.456318],[76.320908,11.444699],[76.353081,11.45083],[76.390579,11.427961],[76.418388,11.40527],[76.439346,11.39067],[76.47287,11.375341],[76.510078,11.361151],[76.5382,11.35159],[76.539787,11.320951],[76.530472,11.295742],[76.51593,11.272451],[76.488129,11.251962],[76.446388,11.230461],[76.442879,11.200091],[76.466537,11.18609],[76.487648,11.20279],[76.521233,11.19027],[76.548012,11.193142],[76.577782,11.196841],[76.623039,11.185671],[76.653442,11.204291],[76.678169,11.21883],[76.710388,11.21831],[76.717911,11.192401],[76.69677,11.17188],[76.691177,11.14451],[76.715363,11.128421],[76.738892,11.11486],[76.738586,11.08396],[76.734436,11.058322],[76.754776,11.0392],[76.78997,11.049682],[76.756973,11.024591],[76.712051,11.032451],[76.690407,11.0175],[76.680817,10.99266],[76.660446,10.96046],[76.655586,10.934271],[76.674873,10.906402],[76.700401,10.90079],[76.722839,10.887622],[76.749107,10.884782],[76.777733,10.87897],[76.817558,10.861801],[76.834076,10.842702],[76.837128,10.815539],[76.859993,10.799802],[76.888298,10.799882],[76.897507,10.7708],[76.887657,10.74301],[76.881287,10.71293],[76.865112,10.69294],[76.863266,10.66696],[76.874603,10.63923],[76.852463,10.623941],[76.826851,10.627141],[76.803268,10.61408],[76.815399,10.5883],[76.825462,10.561562],[76.831963,10.529161],[76.825256,10.502981],[76.817451,10.43849],[76.807327,10.41492],[76.822647,10.394061],[76.838158,10.362641],[76.82756,10.337582],[76.824196,10.312311],[76.831947,10.283771],[76.857887,10.289262],[76.870819,10.264082],[76.891823,10.24308],[76.909348,10.223199],[76.939209,10.221111],[76.967346,10.21258],[76.991417,10.223],[77.015221,10.237592],[77.038551,10.24816],[77.046097,10.27429],[77.067551,10.290221],[77.092247,10.30427],[77.119331,10.315511],[77.148232,10.33406],[77.173126,10.344011],[77.199463,10.341951],[77.222511,10.328531],[77.217209,10.298],[77.231918,10.27723],[77.250549,10.253751],[77.245537,10.226251],[77.274826,10.22055],[77.271362,10.19406],[77.259148,10.155351],[77.261017,10.128692],[77.239906,10.11414],[77.212349,10.108761],[77.188141,10.095652],[77.199066,10.070661],[77.22068,10.050611],[77.242317,10.026152],[77.240883,10.000131],[77.24984,9.972781],[77.249916,9.942539],[77.221916,9.92282],[77.204437,9.89432],[77.199112,9.865981],[77.223663,9.84901],[77.208923,9.814522],[77.232826,9.79729],[77.209816,9.779941],[77.211357,9.74525],[77.199913,9.71729],[77.191689,9.686182],[77.179596,9.66038],[77.165886,9.637951],[77.154579,9.613952],[77.174568,9.597161],[77.200813,9.5924],[77.222809,9.57279],[77.250549,9.565411],[77.275291,9.57659],[77.304306,9.593041],[77.321007,9.567371],[77.340897,9.595051],[77.345253,9.56727],[77.350571,9.54026],[77.360977,9.51617],[77.386757,9.51674],[77.387886,9.49096],[77.38221,9.461181],[77.363632,9.443301],[77.334251,9.431051],[77.324127,9.40818],[77.326088,9.380461],[77.320007,9.3548],[77.31134,9.327902],[77.284142,9.327471],[77.283501,9.30091],[77.267143,9.28169],[77.265907,9.255291],[77.259499,9.224411],[77.253296,9.19336],[77.252296,9.164951],[77.246063,9.13924],[77.232582,9.117911],[77.209351,9.09757],[77.189743,9.07518],[77.184349,9.05064],[77.153763,9.03656],[77.13649,9.013101],[77.146896,8.98695],[77.163231,8.96234],[77.181236,8.941971],[77.180443,8.91575],[77.207367,8.913892],[77.221451,8.88814],[77.239868,8.868061],[77.245956,8.84308],[77.236168,8.817628],[77.217361,8.79703],[77.205292,8.770391],[77.180763,8.757562],[77.170937,8.73338],[77.16703,8.707631],[77.187721,8.683761],[77.190338,8.654891],[77.208252,8.63115],[77.228279,8.612901],[77.237617,8.588429],[77.259697,8.549062],[77.252487,8.517081],[77.232407,8.495919],[77.20639,8.504432],[77.194626,8.469372],[77.210228,8.44305],[77.182671,8.427481],[77.172226,8.4017],[77.153687,8.377441],[77.135376,8.351741],[77.151062,8.33094],[77.121948,8.322942],[77.104652,8.3016],[77.080414,8.307916],[77.059029,8.321531],[77.039581,8.337916],[77.020142,8.353761],[77.001808,8.370973],[76.978752,8.381527],[76.969582,8.404861],[76.955696,8.42598],[76.94014,8.445689],[76.923187,8.464581],[76.907082,8.483751],[76.890419,8.502638],[76.87542,8.52264],[76.859581,8.542083],[76.84375,8.56154],[76.827362,8.58069],[76.812363,8.600696],[76.796516,8.620419],[76.780693,8.63986],[76.765137,8.65958],[76.749031,8.67874],[76.733749,8.698751],[76.717636,8.717916],[76.701241,8.73681],[76.68792,8.758752],[76.674316,8.780419],[76.658195,8.799585],[76.643753,8.82042],[76.628197,8.840139],[76.610695,8.858195],[76.591805,8.874584],[76.565971,8.879306],[76.55014,8.89875],[76.540413,8.922651],[76.535141,8.947361],[76.527641,8.971532],[76.52153,8.996251],[76.516533,9.021529],[76.505417,9.044031],[76.494858,9.066806],[76.484863,9.09042],[76.473473,9.113194],[76.483192,9.137084],[76.480423,9.162639],[76.456802,9.170972],[76.445686,9.193481],[76.439583,9.218193],[76.426529,9.239581],[76.434029,9.215695],[76.439857,9.190971],[76.454865,9.170972],[76.465691,9.148201],[76.448753,9.167084],[76.43792,9.190142],[76.428192,9.213195],[76.417358,9.236531],[76.406242,9.259031],[76.396248,9.28236],[76.385139,9.304862],[76.37542,9.328194],[76.364861,9.350971],[76.354027,9.374861],[76.344307,9.398471],[76.336807,9.422361],[76.329582,9.446811],[76.322914,9.472363],[76.31736,9.497084],[76.311249,9.52154],[76.306808,9.54764],[76.302917,9.572362],[76.299309,9.598472],[76.297638,9.623472],[76.293747,9.648191],[76.291527,9.673474],[76.289024,9.698749],[76.28598,9.723751],[76.28653,9.749861],[76.279587,9.77681],[76.274864,9.803195],[76.269859,9.832361],[76.264862,9.857083],[76.260406,9.881809],[76.254028,9.907083],[76.246529,9.931251],[76.23793,9.955421],[76.262085,9.948194],[76.276253,9.927362],[76.296249,9.9091],[76.272636,9.89986],[76.266251,9.875138],[76.281807,9.89764],[76.292076,9.873192],[76.283752,9.84875],[76.295975,9.870972],[76.317085,9.857083],[76.320969,9.831251],[76.322357,9.806251],[76.332642,9.78264],[76.340126,9.758191],[76.341248,9.731528],[76.342087,9.75653],[76.336525,9.780974],[76.329865,9.805695],[76.322083,9.829583],[76.31958,9.854861],[76.340416,9.84042],[76.357361,9.821811],[76.359581,9.796811],[76.368752,9.772639],[76.370407,9.746531],[76.365967,9.72069],[76.365417,9.695691],[76.384308,9.67903],[76.383751,9.65375],[76.379028,9.62875],[76.366806,9.606528],[76.366249,9.581251],[76.357361,9.55486],[76.354858,9.529861],[76.378197,9.519584],[76.40403,9.526531],[76.434029,9.52736],[76.459305,9.528195],[76.479858,9.51181],[76.498466,9.528751],[76.475693,9.539305],[76.451805,9.547082],[76.426529,9.555141],[76.420692,9.580973],[76.428192,9.60486],[76.421806,9.629311],[76.403473,9.64653],[76.405136,9.671532],[76.414307,9.695419],[76.38736,9.700693],[76.388748,9.725695],[76.38903,9.750971],[76.374031,9.771239],[76.371529,9.796251],[76.388748,9.814584],[76.386253,9.840694],[76.377357,9.864862],[76.365967,9.88792],[76.354309,9.910141],[76.329308,9.914583],[76.340416,9.892084],[76.317642,9.902916],[76.308197,9.92625],[76.291809,9.945142],[76.280693,9.96792],[76.270142,9.990695],[76.272362,10.016251],[76.266251,9.99181],[76.255692,10.014583],[76.259026,10.039582],[76.24514,10.060694],[76.257637,10.083194],[76.242081,10.10403],[76.228203,10.124859],[76.234306,10.099861],[76.242638,10.076252],[76.22847,10.097917],[76.222076,10.122641],[76.209305,10.144304],[76.208748,10.119307],[76.215698,10.095141],[76.224861,10.071805],[76.231796,10.047639],[76.238747,10.022917],[76.238747,9.99784],[76.244858,9.973472],[76.222076,9.984031],[76.216797,10.00875],[76.208748,10.032923],[76.200691,10.057084],[76.19458,10.08181],[76.188194,10.107084],[76.181526,10.131249],[76.173752,10.155142],[76.167076,10.180141],[76.186806,10.164584],[76.199585,10.142916],[76.188187,10.16542],[76.18708,10.19042],[76.163475,10.181805],[76.154305,10.205695],[76.146248,10.229583],[76.138748,10.254311],[76.131805,10.278472],[76.125137,10.30264],[76.11792,10.32764],[76.109306,10.352084],[76.100136,10.37542],[76.091248,10.399032],[76.081528,10.422361],[76.070969,10.445141],[76.05986,10.468473],[76.048187,10.49125],[76.04097,10.517638],[76.053467,10.53931],[76.042915,10.562083],[76.04792,10.536252],[76.039322,10.51264],[76.025139,10.533471],[76.015686,10.55681],[76.00486,10.579583],[75.99514,10.602641],[75.984581,10.625416],[75.97403,10.648191],[75.963196,10.671261],[75.952637,10.694032],[75.942917,10.717083],[75.932358,10.740141],[75.922638,10.76319],[75.912918,10.78625],[75.905975,10.810694],[75.900696,10.835694],[75.895416,10.86014],[75.889862,10.884871],[75.884583,10.909861],[75.879028,10.934861],[75.872917,10.959583],[75.866531,10.984583],[75.859581,11.009031],[75.852913,11.034031],[75.847084,11.059585],[75.839859,11.084311],[75.832359,11.108189],[75.839302,11.132642],[75.816803,11.14376],[75.815414,11.168751],[75.795418,11.184862],[75.785698,11.207922],[75.777359,11.231529],[75.769302,11.256251],[75.761253,11.280141],[75.752357,11.304031],[75.737358,11.324582],[75.736526,11.34958],[75.724586,11.372084],[75.712914,11.394861],[75.701813,11.417361],[75.688751,11.43876],[75.670135,11.455694],[75.647087,11.467641],[75.622086,11.474305],[75.613747,11.497917],[75.605141,11.521812],[75.596252,11.546251],[75.594307,11.571531],[75.580139,11.59264],[75.571251,11.61681],[75.561531,11.64014],[75.550423,11.662642],[75.540138,11.685695],[75.527084,11.707085],[75.511253,11.72653],[75.492081,11.74263],[75.474861,11.760973],[75.499863,11.75958],[75.475136,11.76569],[75.485695,11.788473],[75.47097,11.768195],[75.463196,11.793195],[75.439026,11.800693],[75.420692,11.817917],[75.405136,11.838194],[75.386253,11.854584],[75.36097,11.85681],[75.346809,11.877642],[75.331253,11.897361],[75.31736,11.918194],[75.302643,11.93875],[75.327637,11.937362],[75.352081,11.930971],[75.377083,11.929861],[75.398193,11.915694],[75.378471,11.932361],[75.374306,11.957083],[75.361809,11.93431],[75.337639,11.941241],[75.315971,11.954029],[75.297363,11.97097],[75.28347,11.99181],[75.265419,12.011532],[75.290413,12.007919],[75.315971,12.004031],[75.303474,12.025694],[75.319313,12.04653],[75.296173,12.059241],[75.314758,12.087609],[75.339882,12.098251],[75.362679,12.11611],[75.392151,12.126341],[75.374603,12.14908],[75.347847,12.135309],[75.320641,12.143521],[75.29277,12.116133],[75.266022,12.103661],[75.240532,12.109261],[75.222458,12.085569],[75.223671,12.054471],[75.231056,12.024562],[75.209587,12.011251],[75.191528,12.028751],[75.18486,12.052921],[75.177917,12.07764],[75.20208,12.070693],[75.187363,12.090971],[75.195969,12.115141],[75.174309,12.100972],[75.162086,12.123471],[75.154861,12.147639],[75.146248,12.171251],[75.134026,12.193195],[75.115967,12.210689],[75.107361,12.23431],[75.098198,12.25792],[75.08847,12.280973],[75.078751,12.304031],[75.068474,12.32708],[75.060982,12.351251],[75.04792,12.372638],[75.030968,12.391252],[75.020142,12.414032],[75.006531,12.435139],[74.995415,12.457638],[74.984863,12.480421],[74.972923,12.50264],[74.963753,12.526252],[74.957359,12.550422],[74.945419,12.572532],[74.935143,12.595417],[74.925713,12.619311],[74.91597,12.642921],[74.905693,12.665972],[74.895142,12.68903],[74.883476,12.711251],[74.87458,12.734861],[74.891762,12.75453],[74.929352,12.771332],[74.954201,12.779281],[74.981926,12.77524],[74.996002,12.787981]]]]}},{"type":"Feature","properties":{"name":"Lakshadweep"},"geometry":{"type":"MultiPolygon","coordinates":[[[[73.010139,8.28042],[73.010139,8.28042]],[[73.080971,8.327642],[73.068748,8.305689],[73.06292,8.28125],[73.037361,8.265971],[73.055687,8.28375],[73.067093,8.30625],[73.080399,8.327922],[73.080971,8.327642]],[[72.290138,10.049583],[72.290138,10.049583]],[[73.633469,10.070419],[73.633469,10.070419]],[[73.629028,10.075142],[73.629028,10.075142]],[[73.651527,10.10431],[73.648193,10.079027],[73.651253,10.10431],[73.651527,10.10431]],[[72.327919,10.13653],[72.327919,10.13653]],[[73.660973,10.155973],[73.662361,10.130417],[73.659302,10.15542],[73.660973,10.155973]],[[72.642082,10.577361],[72.633186,10.55374],[72.642082,10.577361]],[[72.168747,10.814862],[72.168747,10.814862]],[[72.172638,10.819861],[72.172638,10.819861]],[[73.678467,10.821531],[73.702637,10.814862],[73.679306,10.805696],[73.678467,10.821531]],[[72.172638,10.819861],[72.18486,10.841811],[72.19236,10.865972],[72.186249,10.841528],[72.173187,10.820141],[72.172638,10.819861]],[[72.291252,10.945972],[72.291252,10.945972]],[[72.32653,10.953195],[72.32653,10.953195]],[[72.333748,10.958473],[72.333748,10.958473]],[[72.731537,11.13625],[72.72097,11.113472],[72.731537,11.13625]],[[72.105698,11.212916],[72.105698,11.212916]],[[72.102913,11.21514],[72.102913,11.21514]],[[72.790138,11.259861],[72.782913,11.23514],[72.774857,11.21125],[72.764305,11.188472],[72.769859,11.213194],[72.777359,11.23792],[72.789581,11.259861],[72.790138,11.259861]],[[73.000969,11.488194],[73.000969,11.488194]],[[72.999863,11.497922],[73.010406,11.475142],[72.996803,11.496531],[72.999863,11.497922]],[[72.186249,11.60126],[72.186249,11.60126]],[[72.714027,11.706251],[72.70903,11.681531],[72.71347,11.706251],[72.714027,11.706251]]]]}},{"type":"Feature","properties":{"name":"Madhya Pradesh"},"geometry":{"type":"Polygon","coordinates":[[[78.364647,26.868841],[78.380653,26.83609],[78.413376,26.830431],[78.44558,26.803431],[78.476326,26.792252],[78.515572,26.78511],[78.554901,26.76483],[78.601967,26.75606],[78.620438,26.7752],[78.650368,26.76973],[78.672829,26.787748],[78.715347,26.800213],[78.741081,26.792521],[78.762146,26.76683],[78.798683,26.769112],[78.840683,26.72607],[78.864929,26.70467],[78.903946,26.713381],[78.930763,26.704269],[78.936989,26.672281],[78.963936,26.676517],[78.987289,26.686041],[78.99128,26.65457],[79.000847,26.630411],[78.991333,26.604641],[78.979523,26.58157],[78.997971,26.564011],[79.020546,26.551661],[79.031296,26.524771],[79.049751,26.50666],[79.063461,26.48476],[79.047073,26.46142],[79.069069,26.44652],[79.092873,26.4573],[79.120987,26.447891],[79.117233,26.417122],[79.091927,26.41674],[79.086998,26.391083],[79.076759,26.36602],[79.100388,26.355091],[79.123207,26.34473],[79.126587,26.316031],[79.101547,26.31385],[79.083099,26.2939],[79.057892,26.2838],[79.037033,26.266991],[79.058441,26.25391],[79.04055,26.22928],[79.018723,26.21583],[79.002327,26.19677],[78.975746,26.19281],[78.995987,26.17551],[78.989662,26.150709],[78.960327,26.15427],[78.96653,26.12565],[78.99012,26.0959],[78.978691,26.06468],[78.952667,26.04203],[78.945343,26.013901],[78.939476,25.98637],[78.925476,25.96542],[78.903946,25.941101],[78.876381,25.915661],[78.88134,25.88842],[78.860718,25.873329],[78.843979,25.84531],[78.866463,25.82963],[78.863319,25.80208],[78.841797,25.816801],[78.815826,25.831141],[78.820503,25.7994],[78.793602,25.793501],[78.775787,25.761499],[78.751282,25.752701],[78.752403,25.727411],[78.777527,25.713701],[78.795761,25.69614],[78.811333,25.67448],[78.811249,25.645451],[78.798157,25.619221],[78.765976,25.61315],[78.740952,25.60388],[78.711166,25.60659],[78.687988,25.59516],[78.648621,25.565639],[78.623413,25.571001],[78.605736,25.588873],[78.583992,25.56555],[78.54715,25.564701],[78.511436,25.572962],[78.486267,25.58223],[78.46212,25.567471],[78.437073,25.56435],[78.412308,25.54225],[78.416283,25.515739],[78.419479,25.490541],[78.401428,25.472971],[78.383408,25.451933],[78.352669,25.455313],[78.336563,25.43499],[78.332489,25.404551],[78.310677,25.385071],[78.316269,25.359619],[78.331291,25.33672],[78.310577,25.316158],[78.330078,25.300381],[78.355263,25.275721],[78.355217,25.249969],[78.375168,25.225752],[78.383591,25.20195],[78.407257,25.18576],[78.42823,25.169641],[78.432358,25.137541],[78.402267,25.13097],[78.378693,25.1127],[78.347816,25.09997],[78.325249,25.084061],[78.33078,25.04537],[78.337517,25.02079],[78.309616,24.991249],[78.289597,24.96814],[78.262711,24.9526],[78.228783,24.92408],[78.203957,24.900501],[78.177048,24.887331],[78.163551,24.864281],[78.186897,24.84281],[78.208969,24.81307],[78.223877,24.783001],[78.219872,24.75819],[78.236549,24.72464],[78.252808,24.700941],[78.267998,24.6696],[78.258476,24.6378],[78.269852,24.615381],[78.263756,24.57872],[78.255318,24.552299],[78.224182,24.54134],[78.228172,24.516453],[78.239632,24.48946],[78.266823,24.48],[78.26075,24.453939],[78.281212,24.43721],[78.311501,24.41744],[78.336731,24.40387],[78.358856,24.38719],[78.346519,24.3627],[78.331123,24.34255],[78.339432,24.31736],[78.361687,24.296101],[78.379639,24.27556],[78.406952,24.27701],[78.434776,24.297661],[78.440292,24.325531],[78.467796,24.33934],[78.475327,24.36743],[78.498192,24.39278],[78.522072,24.38415],[78.552582,24.360628],[78.578438,24.35708],[78.599007,24.323181],[78.62281,24.309851],[78.639236,24.2862],[78.657799,24.268051],[78.669121,24.24502],[78.69886,24.23448],[78.72654,24.252701],[78.749771,24.24074],[78.767746,24.217779],[78.782059,24.191521],[78.807953,24.193319],[78.832779,24.209282],[78.858208,24.213541],[78.88105,24.228889],[78.879097,24.254011],[78.909851,24.272921],[78.907761,24.301231],[78.928741,24.31621],[78.95089,24.34041],[78.968338,24.360243],[78.97422,24.39864],[78.986893,24.423241],[78.971832,24.444733],[78.944397,24.443258],[78.927246,24.462132],[78.902641,24.478371],[78.913811,24.500841],[78.943138,24.48488],[78.966393,24.496948],[78.944168,24.509508],[78.940369,24.54315],[78.913147,24.581301],[78.892952,24.613838],[78.881721,24.6397],[78.859192,24.62818],[78.83345,24.62079],[78.811127,24.605339],[78.776901,24.59309],[78.751991,24.602463],[78.747978,24.637051],[78.74427,24.666821],[78.759987,24.693569],[78.769806,24.718849],[78.768951,24.751101],[78.764549,24.794992],[78.78054,24.814972],[78.768883,24.843748],[78.753433,24.864969],[78.722542,24.880718],[78.696342,24.894661],[78.668396,24.902399],[78.657097,24.92506],[78.640053,24.94533],[78.622047,24.964901],[78.635109,25.00433],[78.644188,25.03525],[78.64193,25.061491],[78.624741,25.086411],[78.597168,25.097872],[78.598167,25.127081],[78.593712,25.157391],[78.569763,25.20196],[78.562592,25.226023],[78.568169,25.254051],[78.542267,25.272039],[78.520851,25.288038],[78.489326,25.292089],[78.454033,25.270601],[78.428711,25.28083],[78.440598,25.304161],[78.467056,25.293011],[78.483246,25.31419],[78.515862,25.304331],[78.538933,25.320393],[78.53109,25.348591],[78.56205,25.347952],[78.577759,25.37714],[78.563446,25.397921],[78.588341,25.392113],[78.598953,25.41522],[78.623627,25.405991],[78.632507,25.43301],[78.657967,25.44383],[78.68576,25.44779],[78.700241,25.426121],[78.66909,25.403881],[78.683861,25.38048],[78.70903,25.37875],[78.713623,25.352989],[78.749786,25.352119],[78.762161,25.374371],[78.759621,25.402071],[78.776047,25.42119],[78.807663,25.42524],[78.782181,25.43992],[78.755066,25.433851],[78.732376,25.455662],[78.726318,25.49007],[78.756546,25.476151],[78.781723,25.48415],[78.810196,25.475441],[78.833397,25.461651],[78.815697,25.441759],[78.845337,25.444971],[78.85717,25.46714],[78.846039,25.491383],[78.828323,25.509981],[78.876007,25.524321],[78.869003,25.551161],[78.89679,25.559391],[78.91684,25.54129],[78.941689,25.551441],[78.932243,25.524351],[78.933151,25.49826],[78.930038,25.46859],[78.906311,25.450451],[78.929131,25.428329],[78.960129,25.43889],[78.96553,25.41148],[78.978409,25.38286],[78.955276,25.373081],[78.938713,25.352831],[78.906387,25.36338],[78.931137,25.377123],[78.951233,25.39646],[78.922668,25.400461],[78.890556,25.38883],[78.861427,25.377029],[78.837738,25.352173],[78.826599,25.319853],[78.798027,25.314522],[78.806351,25.279461],[78.823677,25.25108],[78.841751,25.22916],[78.850288,25.253428],[78.862289,25.283131],[78.866867,25.310989],[78.876793,25.339211],[78.903473,25.34009],[78.927612,25.331711],[78.949997,25.34828],[78.952026,25.317381],[78.970276,25.291092],[78.943787,25.280071],[78.918289,25.275171],[78.896446,25.249941],[78.867256,25.237692],[78.881622,25.215471],[78.867386,25.18996],[78.873932,25.163271],[78.900642,25.180538],[78.915291,25.202591],[78.94236,25.218363],[78.969208,25.216633],[78.987747,25.196779],[78.993309,25.222219],[78.972313,25.24283],[78.986771,25.27496],[79.01236,25.27404],[79.012123,25.248249],[79.045067,25.230631],[79.024597,25.186571],[79.025238,25.15579],[79.043053,25.13817],[79.062859,25.162743],[79.084297,25.19253],[79.102562,25.17119],[79.107811,25.1437],[79.114822,25.1178],[79.144806,25.11659],[79.172363,25.118471],[79.168373,25.145308],[79.193733,25.143661],[79.206383,25.113762],[79.234886,25.11746],[79.239807,25.142731],[79.213913,25.14838],[79.23584,25.160961],[79.259346,25.14694],[79.273819,25.121681],[79.300987,25.130831],[79.314537,25.151878],[79.301888,25.175341],[79.278801,25.197399],[79.281067,25.22434],[79.308586,25.22319],[79.332588,25.20083],[79.329117,25.2299],[79.340866,25.256071],[79.31469,25.261393],[79.28775,25.290241],[79.271111,25.266502],[79.256012,25.291719],[79.267601,25.31875],[79.291321,25.329288],[79.325127,25.33725],[79.3377,25.310909],[79.349709,25.28842],[79.358299,25.263519],[79.364449,25.292521],[79.392296,25.284861],[79.415306,25.25922],[79.451576,25.273609],[79.477722,25.272383],[79.45285,25.2565],[79.432976,25.236],[79.442703,25.212561],[79.417343,25.20392],[79.391502,25.179649],[79.380066,25.153721],[79.38929,25.120581],[79.414963,25.122999],[79.436371,25.107821],[79.456566,25.12499],[79.460533,25.096331],[79.489876,25.08275],[79.513367,25.10025],[79.513771,25.125723],[79.53363,25.146441],[79.550339,25.169401],[79.573967,25.159451],[79.600037,25.15498],[79.632851,25.13283],[79.660538,25.12796],[79.686989,25.136869],[79.717766,25.13382],[79.745636,25.143883],[79.769218,25.125259],[79.805168,25.110979],[79.831291,25.09811],[79.846573,25.122271],[79.86483,25.144993],[79.862602,25.17697],[79.851852,25.20348],[79.84716,25.23241],[79.872459,25.253792],[79.89727,25.249599],[79.924103,25.251551],[79.942566,25.271879],[79.969513,25.268162],[79.996727,25.26865],[79.998703,25.29377],[80.009911,25.324753],[80.037193,25.340969],[80.070023,25.3431],[80.093376,25.35383],[80.119133,25.342699],[80.144966,25.360109],[80.166687,25.37895],[80.188828,25.406431],[80.214027,25.40423],[80.245186,25.40489],[80.255867,25.428711],[80.284317,25.41589],[80.308578,25.39233],[80.308617,25.363729],[80.311737,25.334209],[80.30912,25.305851],[80.319839,25.280491],[80.349266,25.26955],[80.362892,25.24683],[80.390701,25.245687],[80.401657,25.220951],[80.418129,25.191921],[80.415482,25.165293],[80.386757,25.162882],[80.362457,25.149731],[80.344116,25.12492],[80.322838,25.106649],[80.310516,25.081951],[80.287636,25.066891],[80.277176,25.04294],[80.298973,25.016031],[80.320259,25.002911],[80.337982,25.020941],[80.367821,25.025431],[80.366272,25.05308],[80.389442,25.068211],[80.422729,25.07132],[80.452972,25.068783],[80.470177,25.044691],[80.497246,25.056011],[80.498428,25.082571],[80.477592,25.096413],[80.501907,25.104139],[80.518997,25.08193],[80.543419,25.067661],[80.561096,25.08877],[80.587578,25.085871],[80.591377,25.11799],[80.594589,25.155241],[80.608337,25.13295],[80.632393,25.123281],[80.613297,25.106541],[80.636452,25.09396],[80.656296,25.074442],[80.673569,25.054171],[80.698013,25.06155],[80.727203,25.071821],[80.751427,25.063999],[80.778259,25.063869],[80.751122,25.09112],[80.725243,25.09796],[80.722443,25.125992],[80.699638,25.13715],[80.723053,25.148783],[80.750862,25.141701],[80.776657,25.14484],[80.803207,25.143532],[80.821396,25.125601],[80.83744,25.160311],[80.835892,25.18541],[80.860367,25.19059],[80.886162,25.177172],[80.904922,25.160311],[80.88842,25.141239],[80.865852,25.125521],[80.871216,25.098249],[80.870651,25.071051],[80.84687,25.05328],[80.829117,25.02998],[80.85025,25.003141],[80.824707,24.986061],[80.798798,24.974892],[80.8022,24.94446],[80.82901,24.93845],[80.856613,24.935951],[80.881233,24.9482],[80.911522,24.96228],[80.936821,24.9725],[80.944817,24.94714],[80.97226,24.939602],[81.000023,24.94021],[81.023201,24.952351],[81.050819,24.955273],[81.076416,24.952261],[81.0895,24.92448],[81.110733,24.910681],[81.132446,24.892071],[81.140083,24.916439],[81.156021,24.939821],[81.17659,24.954969],[81.198959,24.934738],[81.204079,24.962841],[81.211296,24.986801],[81.223099,25.01133],[81.239212,25.031361],[81.253387,25.05443],[81.259117,25.087301],[81.248123,25.111738],[81.259743,25.141182],[81.268646,25.16519],[81.304871,25.167459],[81.308022,25.138861],[81.323013,25.118393],[81.312256,25.146219],[81.329956,25.172491],[81.353378,25.16148],[81.36451,25.137859],[81.38903,25.124262],[81.413269,25.131691],[81.438568,25.114],[81.411476,25.112301],[81.436409,25.096161],[81.465393,25.081841],[81.492241,25.081921],[81.507019,25.105322],[81.48172,25.117321],[81.48996,25.141918],[81.515663,25.14534],[81.510742,25.173681],[81.533333,25.187561],[81.558441,25.189192],[81.585609,25.186621],[81.599823,25.166031],[81.618927,25.14909],[81.594177,25.138012],[81.602806,25.11245],[81.63195,25.10327],[81.609497,25.085152],[81.608521,25.05888],[81.635597,25.06179],[81.656502,25.078621],[81.677803,25.064678],[81.70536,25.037903],[81.732391,25.04871],[81.771393,25.023239],[81.829369,25.019333],[81.863716,25.003571],[81.887726,24.993401],[81.904106,24.942268],[81.90242,24.911501],[81.902657,24.88413],[81.928383,24.87306],[81.946152,24.84671],[81.975449,24.842461],[82.00489,24.850691],[82.037201,24.83296],[82.065201,24.823441],[82.089729,24.815901],[82.107788,24.79368],[82.132248,24.80448],[82.159393,24.792261],[82.173737,24.81419],[82.194916,24.796949],[82.190613,24.76956],[82.172882,24.739571],[82.202606,24.740789],[82.221573,24.759911],[82.24366,24.775751],[82.245903,24.74066],[82.240463,24.71056],[82.228851,24.674591],[82.253052,24.666092],[82.278511,24.68088],[82.298088,24.656549],[82.298416,24.628012],[82.32373,24.622549],[82.350517,24.60821],[82.385643,24.59738],[82.414566,24.606392],[82.403648,24.63098],[82.411789,24.657848],[82.401596,24.6838],[82.420151,24.705252],[82.444847,24.696371],[82.464027,24.680071],[82.501297,24.67841],[82.523987,24.657141],[82.573967,24.663],[82.602997,24.679451],[82.629967,24.686701],[82.657928,24.700397],[82.685432,24.686522],[82.693459,24.661579],[82.714607,24.64213],[82.743126,24.64407],[82.767166,24.629431],[82.760078,24.599819],[82.785423,24.59951],[82.800766,24.552681],[82.746017,24.541521],[82.71611,24.55714],[82.715637,24.5133],[82.73378,24.48724],[82.726021,24.46084],[82.727303,24.434141],[82.707581,24.389378],[82.734787,24.37118],[82.760582,24.373041],[82.764496,24.347549],[82.759819,24.31908],[82.764137,24.292431],[82.750587,24.268131],[82.749916,24.23613],[82.726997,24.223261],[82.734787,24.18301],[82.723076,24.156811],[82.688362,24.14423],[82.657387,24.134798],[82.701363,24.097071],[82.72628,24.082569],[82.751747,24.079597],[82.755768,24.043598],[82.741997,24.0214],[82.766289,24.00605],[82.797272,24.00514],[82.798721,23.97662],[82.790283,23.950611],[82.753777,23.935881],[82.718117,23.92145],[82.689873,23.920429],[82.668121,23.9076],[82.646118,23.888733],[82.657959,23.865582],[82.637726,23.84989],[82.605911,23.836163],[82.578491,23.822441],[82.548218,23.8269],[82.544777,23.798311],[82.516197,23.784231],[82.485077,23.78838],[82.463509,23.810848],[82.436447,23.804708],[82.402969,23.802778],[82.368347,23.8111],[82.342918,23.8039],[82.315056,23.810308],[82.283829,23.812901],[82.255287,23.82189],[82.231529,23.807791],[82.211601,23.823933],[82.203888,23.852991],[82.178757,23.842043],[82.165253,23.820751],[82.134079,23.818161],[82.108757,23.818682],[82.078018,23.817068],[82.045403,23.820589],[82.032516,23.845079],[82.007599,23.854952],[81.97155,23.858351],[81.944901,23.85693],[81.916443,23.87299],[81.90078,23.851221],[81.878433,23.8379],[81.852936,23.82432],[81.828636,23.817093],[81.800583,23.813551],[81.772629,23.814199],[81.745186,23.830921],[81.719063,23.840429],[81.702682,23.8634],[81.68692,23.884941],[81.67733,23.91024],[81.651657,23.91783],[81.624512,23.906919],[81.603386,23.892401],[81.611427,23.867029],[81.604973,23.841391],[81.630539,23.830811],[81.642563,23.804581],[81.638367,23.77788],[81.661781,23.759911],[81.677498,23.7346],[81.67321,23.693432],[81.649498,23.683451],[81.63501,23.65897],[81.609512,23.63299],[81.602676,23.600033],[81.575058,23.592022],[81.574448,23.566681],[81.602272,23.553673],[81.605469,23.524761],[81.614433,23.497761],[81.64399,23.50012],[81.653099,23.527693],[81.681877,23.527201],[81.706383,23.533581],[81.719231,23.556051],[81.747963,23.56538],[81.797562,23.548832],[81.810196,23.52634],[81.834106,23.512161],[81.862236,23.51387],[81.896248,23.531948],[81.927673,23.51755],[81.948936,23.49674],[81.947617,23.47163],[81.966606,23.45372],[81.973381,23.426283],[81.999527,23.412811],[82.013626,23.390268],[82.037071,23.379551],[82.06308,23.392469],[82.094887,23.39854],[82.105461,23.369282],[82.132477,23.362171],[82.151306,23.345568],[82.179039,23.327061],[82.189903,23.30349],[82.186386,23.277658],[82.166527,23.2614],[82.146988,23.231918],[82.140572,23.198071],[82.137901,23.168331],[82.151077,23.141741],[82.129616,23.125071],[82.115883,23.1038],[82.085907,23.109253],[82.061371,23.11594],[82.03952,23.091511],[82.016167,23.07933],[81.990486,23.084671],[81.965073,23.080372],[81.938103,23.07781],[81.921387,23.047461],[81.926796,23.022381],[81.938446,22.991652],[81.942566,22.964531],[81.913857,22.948221],[81.89489,22.928171],[81.874611,22.913321],[81.856346,22.89086],[81.831429,22.882971],[81.79583,22.880251],[81.769402,22.873508],[81.764847,22.840691],[81.773003,22.809151],[81.781281,22.77471],[81.763977,22.746771],[81.746613,22.726488],[81.755943,22.697651],[81.76506,22.66906],[81.748932,22.64607],[81.736938,22.66905],[81.714111,22.65563],[81.688393,22.646631],[81.663162,22.632721],[81.643539,22.614401],[81.640121,22.58655],[81.632507,22.561998],[81.615791,22.539021],[81.587959,22.544031],[81.563057,22.551008],[81.547203,22.531261],[81.519066,22.539982],[81.49321,22.519621],[81.479858,22.493311],[81.453308,22.49102],[81.442467,22.46616],[81.417587,22.473631],[81.414116,22.448521],[81.38887,22.444839],[81.384796,22.47784],[81.378738,22.505301],[81.347946,22.51409],[81.322937,22.52433],[81.314148,22.499611],[81.280197,22.498821],[81.256233,22.48807],[81.240387,22.459181],[81.20977,22.45385],[81.193237,22.473709],[81.170662,22.488001],[81.148079,22.455851],[81.122757,22.44762],[81.10347,22.422081],[81.102661,22.39127],[81.106857,22.362181],[81.112022,22.334641],[81.115013,22.30324],[81.096817,22.27746],[81.084679,22.24675],[81.054527,22.243872],[81.019447,22.229191],[81.023491,22.202829],[81.013283,22.17749],[81.017403,22.14028],[80.992836,22.131531],[80.970818,22.114651],[81.000069,22.10083],[81.004272,22.070021],[80.987762,22.048479],[80.963417,22.058361],[80.957527,22.097151],[80.938919,22.119011],[80.910843,22.11916],[80.894753,22.076509],[80.876633,22.056789],[80.869507,22.0165],[80.857193,21.99324],[80.84745,21.966909],[80.824516,21.956841],[80.83654,21.931801],[80.824532,21.90843],[80.831413,21.884279],[80.839943,21.85881],[80.835876,21.83215],[80.831703,21.80481],[80.820419,21.782261],[80.810448,21.75844],[80.78846,21.74128],[80.766418,21.755131],[80.740051,21.756491],[80.726326,21.73103],[80.723907,21.705832],[80.716316,21.680811],[80.709793,21.656151],[80.72097,21.63047],[80.710838,21.606241],[80.713699,21.581301],[80.713547,21.555712],[80.73082,21.535431],[80.724266,21.50926],[80.727272,21.480749],[80.723923,21.453171],[80.704231,21.433653],[80.697067,21.408581],[80.689468,21.384239],[80.675179,21.36355],[80.662918,21.337339],[80.638176,21.32486],[80.612991,21.320341],[80.586723,21.32946],[80.564178,21.342779],[80.550232,21.36474],[80.529716,21.380951],[80.505692,21.39072],[80.481453,21.396971],[80.45636,21.398701],[80.443642,21.3764],[80.417603,21.37565],[80.393898,21.392151],[80.399246,21.41791],[80.409477,21.4436],[80.39904,21.4664],[80.381706,21.4848],[80.373573,21.509451],[80.356911,21.5308],[80.332947,21.54221],[80.322838,21.56743],[80.299088,21.57539],[80.282829,21.595119],[80.264977,21.616558],[80.240143,21.62052],[80.214653,21.621241],[80.192108,21.634621],[80.168953,21.623201],[80.147873,21.6063],[80.121452,21.60906],[80.102097,21.58939],[80.082016,21.57177],[80.063568,21.554581],[80.038406,21.55686],[80.014656,21.547352],[79.98558,21.536779],[79.966248,21.55727],[79.936386,21.556801],[79.915817,21.524481],[79.889763,21.52388],[79.857079,21.530922],[79.825043,21.546721],[79.803192,21.57263],[79.768799,21.590431],[79.744888,21.59787],[79.713821,21.591131],[79.689346,21.583641],[79.662941,21.57971],[79.647476,21.557173],[79.616821,21.557211],[79.589523,21.549559],[79.56031,21.548019],[79.534233,21.548168],[79.527657,21.5748],[79.505821,21.590281],[79.501129,21.61965],[79.501137,21.645718],[79.488579,21.674122],[79.458511,21.687323],[79.432243,21.683491],[79.400452,21.679649],[79.361786,21.67951],[79.322136,21.688381],[79.284813,21.693911],[79.26487,21.71492],[79.228691,21.723928],[79.220917,21.69659],[79.228401,21.671391],[79.186188,21.654428],[79.147827,21.660521],[79.137077,21.63685],[79.111237,21.625563],[79.098099,21.60284],[79.050751,21.603943],[79.009552,21.6015],[78.981491,21.617161],[78.945862,21.596041],[78.913239,21.59236],[78.928391,21.56443],[78.904427,21.55484],[78.924576,21.538681],[78.938698,21.517288],[78.9338,21.49239],[78.907928,21.494251],[78.879852,21.48497],[78.851547,21.495701],[78.82338,21.491119],[78.792816,21.489861],[78.772186,21.467131],[78.76104,21.489759],[78.738838,21.4729],[78.713913,21.467951],[78.688301,21.478861],[78.659088,21.478889],[78.630463,21.481331],[78.605377,21.488371],[78.573257,21.498501],[78.552399,21.51939],[78.524742,21.525831],[78.497917,21.522961],[78.472092,21.506929],[78.444679,21.501921],[78.427826,21.526751],[78.420731,21.554798],[78.415848,21.58815],[78.399048,21.61108],[78.371658,21.61503],[78.374153,21.58997],[78.347687,21.578861],[78.318741,21.575588],[78.281639,21.58676],[78.255173,21.589842],[78.246559,21.564011],[78.215477,21.55373],[78.180946,21.558681],[78.171066,21.52874],[78.17057,21.50206],[78.142807,21.482111],[78.109062,21.464182],[78.078568,21.445711],[78.051056,21.437033],[78.019577,21.420589],[77.980278,21.4028],[77.941116,21.398951],[77.918251,21.384741],[77.892311,21.379049],[77.863213,21.388121],[77.833923,21.40152],[77.804497,21.412001],[77.7901,21.38924],[77.765068,21.384663],[77.73835,21.366631],[77.705246,21.35907],[77.692596,21.38065],[77.668777,21.372301],[77.65097,21.393391],[77.615196,21.390659],[77.604813,21.366993],[77.575996,21.37047],[77.548409,21.381229],[77.520721,21.3773],[77.487022,21.37775],[77.48175,21.415668],[77.468842,21.442921],[77.457161,21.467072],[77.43515,21.48164],[77.420799,21.516281],[77.423508,21.542561],[77.450249,21.54838],[77.484001,21.553303],[77.511917,21.54751],[77.540733,21.538919],[77.566986,21.529751],[77.594887,21.533171],[77.590683,21.561611],[77.572197,21.587671],[77.568176,21.616232],[77.560379,21.645182],[77.550507,21.676283],[77.542183,21.701031],[77.518829,21.721161],[77.499863,21.74489],[77.475868,21.757881],[77.449883,21.763411],[77.412987,21.75773],[77.375923,21.757111],[77.342293,21.761831],[77.308891,21.759649],[77.279976,21.761263],[77.286903,21.736443],[77.262772,21.723631],[77.224602,21.71789],[77.210213,21.697121],[77.184326,21.70446],[77.171448,21.727261],[77.147507,21.714651],[77.121101,21.725349],[77.093933,21.719631],[77.062057,21.71505],[77.034271,21.700512],[77.010162,21.684391],[76.978668,21.665979],[76.911552,21.614931],[76.860733,21.612303],[76.838631,21.6005],[76.803871,21.59683],[76.783592,21.577971],[76.782837,21.55147],[76.767517,21.52754],[76.786491,21.499229],[76.784187,21.46649],[76.756546,21.449928],[76.738426,21.42938],[76.719093,21.40065],[76.668411,21.369471],[76.628647,21.339771],[76.639732,21.31065],[76.661072,21.282421],[76.659027,21.253248],[76.637283,21.239113],[76.631577,21.20537],[76.605629,21.197163],[76.57605,21.203663],[76.541298,21.196291],[76.498077,21.19614],[76.478287,21.17568],[76.468971,21.15057],[76.452919,21.12443],[76.433739,21.106689],[76.409439,21.09409],[76.382759,21.079561],[76.356979,21.07967],[76.297119,21.077181],[76.273247,21.085411],[76.235107,21.09391],[76.208687,21.090179],[76.180779,21.08742],[76.162216,21.109961],[76.135666,21.126211],[76.131691,21.152679],[76.119392,21.174681],[76.15506,21.172562],[76.165909,21.19549],[76.163147,21.221951],[76.144096,21.24148],[76.15387,21.26882],[76.134972,21.2915],[76.122246,21.321638],[76.106949,21.360203],[76.077248,21.364269],[76.052376,21.352701],[76.027496,21.368139],[76.000237,21.374811],[75.968742,21.39397],[75.937378,21.39287],[75.912277,21.39065],[75.888107,21.39963],[75.862778,21.3873],[75.832626,21.383301],[75.805458,21.38903],[75.773827,21.386648],[75.746101,21.39171],[75.713852,21.391611],[75.68782,21.384331],[75.658821,21.38275],[75.632637,21.381771],[75.608917,21.395],[75.584862,21.3876],[75.560272,21.378811],[75.529396,21.384729],[75.500488,21.391573],[75.468407,21.394201],[75.436287,21.39072],[75.409256,21.389921],[75.384483,21.38559],[75.361382,21.403231],[75.334877,21.394669],[75.308662,21.394501],[75.291626,21.41391],[75.267021,21.408871],[75.236366,21.417101],[75.210556,21.414221],[75.188026,21.427311],[75.157372,21.438272],[75.129776,21.44928],[75.106667,21.469629],[75.094879,21.493813],[75.083557,21.525751],[75.065033,21.550819],[75.031837,21.569309],[75.004776,21.586042],[74.981628,21.595741],[74.95636,21.60129],[74.931633,21.608801],[74.909073,21.620201],[74.886017,21.6318],[74.860382,21.631371],[74.83741,21.619791],[74.813393,21.612032],[74.788086,21.611021],[74.763031,21.615858],[74.737617,21.621],[74.712379,21.626802],[74.689102,21.637211],[74.667976,21.65134],[74.642548,21.656101],[74.61718,21.6614],[74.591408,21.663832],[74.577133,21.68478],[74.56057,21.7038],[74.539436,21.718328],[74.514221,21.72188],[74.513863,21.74704],[74.512573,21.77247],[74.503159,21.7978],[74.516998,21.856491],[74.517761,21.88624],[74.523987,21.913061],[74.49678,21.946411],[74.475121,21.962709],[74.448639,21.97113],[74.441078,21.996441],[74.442558,22.021601],[74.417747,22.02581],[74.388313,22.02018],[74.375526,21.99844],[74.35701,21.980881],[74.332581,21.974373],[74.306999,21.97069],[74.295853,21.94795],[74.27491,21.93416],[74.249947,21.931499],[74.224167,21.929413],[74.198631,21.92597],[74.177353,21.93976],[74.155983,21.95311],[74.151863,21.98089],[74.127731,21.993761],[74.100342,22.001593],[74.116646,22.024641],[74.141006,22.040861],[74.162987,22.06057],[74.170647,22.084471],[74.154663,22.105501],[74.130272,22.09771],[74.13131,22.124411],[74.133141,22.153219],[74.1241,22.177761],[74.121246,22.205151],[74.094406,22.221241],[74.089226,22.24721],[74.072426,22.26893],[74.059891,22.29067],[74.066742,22.31739],[74.075966,22.341303],[74.089859,22.362419],[74.115089,22.367401],[74.130348,22.343559],[74.154099,22.328871],[74.184067,22.322611],[74.194832,22.34934],[74.223557,22.35783],[74.240196,22.37682],[74.257988,22.40003],[74.287193,22.393061],[74.269997,22.41481],[74.246597,22.436541],[74.220543,22.44212],[74.204491,22.466681],[74.187431,22.447672],[74.167282,22.432171],[74.156288,22.456732],[74.134178,22.442621],[74.110519,22.429211],[74.105736,22.455891],[74.078087,22.465643],[74.089638,22.488871],[74.073967,22.510599],[74.049911,22.499983],[74.040787,22.530161],[74.06675,22.5509],[74.093277,22.544651],[74.118599,22.53981],[74.133476,22.51878],[74.157951,22.526569],[74.178871,22.548401],[74.199417,22.570221],[74.22274,22.58152],[74.234329,22.606831],[74.253746,22.62303],[74.269257,22.64344],[74.294586,22.641361],[74.322273,22.636478],[74.352249,22.63932],[74.381088,22.638639],[74.384903,22.669571],[74.396927,22.69207],[74.400787,22.720171],[74.414383,22.74478],[74.431076,22.770081],[74.440399,22.79328],[74.459473,22.81226],[74.47892,22.858641],[74.468712,22.887461],[74.462822,22.91346],[74.43586,22.920481],[74.408173,22.90431],[74.381607,22.909908],[74.36554,22.929571],[74.347923,22.953449],[74.35714,22.977221],[74.355362,23.003071],[74.349197,23.030241],[74.325317,23.04817],[74.347878,23.070801],[74.366966,23.09552],[74.387672,23.110441],[74.414093,23.110962],[74.439316,23.09808],[74.467247,23.085258],[74.512283,23.088831],[74.535439,23.101513],[74.5457,23.132071],[74.573631,23.137199],[74.608063,23.144821],[74.625679,23.162941],[74.654747,23.18203],[74.687569,23.196701],[74.715523,23.19467],[74.745697,23.212111],[74.718956,23.219433],[74.695541,23.22859],[74.722153,23.242512],[74.703346,23.261642],[74.680489,23.275263],[74.652222,23.260813],[74.626556,23.275999],[74.599052,23.28363],[74.577286,23.29735],[74.553467,23.28252],[74.540627,23.305113],[74.520851,23.321602],[74.542717,23.33869],[74.54583,23.363798],[74.570717,23.37775],[74.573143,23.419243],[74.598457,23.42976],[74.613121,23.451551],[74.636429,23.464062],[74.664093,23.473341],[74.687767,23.492201],[74.710899,23.50563],[74.737778,23.506781],[74.763939,23.524712],[74.785011,23.548031],[74.812309,23.538431],[74.837578,23.553211],[74.858986,23.5695],[74.874573,23.590111],[74.898033,23.612183],[74.921936,23.622311],[74.93898,23.643188],[74.924217,23.668501],[74.92305,23.696581],[74.931992,23.72834],[74.931923,23.756418],[74.929932,23.794209],[74.911919,23.812611],[74.915817,23.845671],[74.905678,23.873911],[74.913857,23.90336],[74.923607,23.92927],[74.937607,23.956081],[74.963348,23.973671],[74.972229,24.00363],[74.992363,24.023232],[74.979408,24.072012],[74.960747,24.09416],[74.93914,24.121111],[74.92469,24.145231],[74.900337,24.174301],[74.881126,24.213503],[74.902718,24.23101],[74.894287,24.261681],[74.86972,24.280708],[74.843903,24.270161],[74.819649,24.27626],[74.790298,24.271872],[74.754791,24.278971],[74.767052,24.304461],[74.783791,24.3361],[74.784622,24.367361],[74.802277,24.387341],[74.814796,24.41069],[74.835159,24.42952],[74.853897,24.449503],[74.818268,24.46195],[74.82238,24.487801],[74.795952,24.49325],[74.766197,24.49065],[74.735046,24.50362],[74.715706,24.522831],[74.747711,24.53624],[74.756348,24.559891],[74.751541,24.586111],[74.770653,24.605843],[74.784836,24.62929],[74.794937,24.654701],[74.817108,24.671671],[74.792343,24.68432],[74.783859,24.709511],[74.781372,24.74085],[74.803146,24.754852],[74.801147,24.78669],[74.818542,24.765341],[74.834877,24.732],[74.848846,24.708721],[74.866913,24.690521],[74.87767,24.665781],[74.902466,24.656311],[74.929451,24.65917],[74.952026,24.670313],[74.964859,24.694542],[74.990433,24.706348],[74.990753,24.733768],[75.020233,24.752768],[75.01796,24.780731],[74.998329,24.79771],[74.970383,24.790861],[74.938553,24.79479],[74.909973,24.788219],[74.884682,24.802431],[74.858566,24.813061],[74.857483,24.842999],[74.845657,24.872103],[74.837837,24.897211],[74.823608,24.928501],[74.831146,24.95731],[74.853203,24.97472],[74.863876,24.947571],[74.889923,24.94145],[74.912933,24.928389],[74.912521,24.899099],[74.939697,24.89348],[74.963539,24.874081],[74.991043,24.875002],[75.019493,24.86693],[75.043388,24.859228],[75.056267,24.880911],[75.081673,24.889139],[75.114983,24.887138],[75.119423,24.91814],[75.117729,24.946341],[75.119057,24.974752],[75.146851,24.97958],[75.166763,25.006109],[75.154709,25.02887],[75.173782,25.053793],[75.19442,25.037701],[75.227081,25.03853],[75.255623,25.040043],[75.292557,25.042883],[75.32267,25.044252],[75.349617,25.041731],[75.329491,25.01763],[75.322083,24.989613],[75.333733,24.967451],[75.325409,24.938091],[75.317543,24.907221],[75.303162,24.930613],[75.289803,24.956112],[75.287903,24.926262],[75.264252,24.90731],[75.279282,24.88455],[75.311302,24.869459],[75.335342,24.886671],[75.371971,24.877981],[75.398697,24.88835],[75.424217,24.892752],[75.417282,24.86861],[75.36396,24.842522],[75.33744,24.83371],[75.313011,24.81354],[75.29422,24.830379],[75.278938,24.853491],[75.25235,24.859509],[75.249947,24.895691],[75.223419,24.89003],[75.208191,24.91],[75.201317,24.884201],[75.218483,24.85948],[75.241043,24.846861],[75.246712,24.82184],[75.217377,24.820461],[75.202698,24.796288],[75.189507,24.774641],[75.201912,24.746141],[75.216949,24.72241],[75.24247,24.73048],[75.285843,24.725901],[75.350868,24.7171],[75.378143,24.706369],[75.419701,24.699961],[75.451897,24.693218],[75.483467,24.69762],[75.505867,24.709421],[75.53508,24.720018],[75.568993,24.7199],[75.6026,24.701271],[75.634003,24.691151],[75.659187,24.7017],[75.680046,24.727831],[75.711777,24.74543],[75.741806,24.760361],[75.772598,24.762041],[75.805458,24.756269],[75.827812,24.736353],[75.833687,24.685951],[75.848648,24.664551],[75.843933,24.639271],[75.828148,24.61335],[75.863457,24.612921],[75.875816,24.59078],[75.90287,24.576811],[75.907036,24.550461],[75.922043,24.527281],[75.89695,24.522261],[75.906746,24.498041],[75.907288,24.469511],[75.898621,24.441591],[75.875229,24.430281],[75.847252,24.41897],[75.824127,24.43079],[75.816467,24.458521],[75.795647,24.473122],[75.776176,24.45388],[75.752419,24.43157],[75.745003,24.40708],[75.738297,24.36619],[75.756256,24.327223],[75.781036,24.30864],[75.811203,24.30345],[75.812897,24.27709],[75.818062,24.24996],[75.79953,24.229231],[75.773506,24.220892],[75.768623,24.1933],[75.753319,24.164341],[75.743492,24.139601],[75.773163,24.139442],[75.789612,24.1098],[75.830643,24.107929],[75.830551,24.081591],[75.807266,24.0676],[75.779617,24.06208],[75.780243,24.036261],[75.771271,24.012211],[75.749573,23.99509],[75.727768,23.979521],[75.700409,23.969061],[75.686386,23.990549],[75.685806,24.017941],[75.659363,24.0315],[75.639221,24.004631],[75.611748,23.99876],[75.586937,23.99563],[75.571716,24.017401],[75.542648,24.02556],[75.514381,24.048733],[75.491768,24.004551],[75.470558,23.9872],[75.4617,23.953421],[75.455933,23.92544],[75.487427,23.910843],[75.504097,23.891911],[75.528763,23.88026],[75.552528,23.865158],[75.573067,23.846479],[75.556061,23.825932],[75.583313,23.815208],[75.606087,23.80364],[75.637039,23.802361],[75.659088,23.78894],[75.67907,23.769548],[75.698288,23.788],[75.688263,23.814081],[75.713219,23.816471],[75.715721,23.845591],[75.704742,23.87476],[75.700867,23.901279],[75.728218,23.9021],[75.757126,23.88419],[75.761627,23.85689],[75.785149,23.86537],[75.813942,23.874269],[75.839737,23.882561],[75.863518,23.895401],[75.888786,23.89172],[75.921227,23.904171],[75.944336,23.916208],[75.966522,23.929871],[75.979813,23.95216],[75.978233,23.98007],[75.960243,23.997461],[75.960182,24.02537],[75.990089,24.030069],[76.017937,24.044559],[76.03997,24.06691],[76.063728,24.077909],[76.090828,24.085741],[76.123276,24.092333],[76.129227,24.118933],[76.131737,24.143942],[76.13089,24.16905],[76.121323,24.19639],[76.141808,24.223841],[76.149773,24.260981],[76.143013,24.28529],[76.169228,24.296091],[76.181129,24.324881],[76.20623,24.310921],[76.194656,24.2848],[76.203636,24.250589],[76.210571,24.222841],[76.236122,24.223881],[76.265381,24.22155],[76.28965,24.23703],[76.317879,24.251131],[76.344177,24.2519],[76.37352,24.2377],[76.400093,24.22279],[76.429451,24.22706],[76.453247,24.216822],[76.479416,24.21751],[76.505386,24.205469],[76.510483,24.179029],[76.531433,24.163469],[76.5625,24.172421],[76.566963,24.197151],[76.585861,24.219561],[76.587479,24.24605],[76.613953,24.24218],[76.630081,24.264709],[76.658211,24.267813],[76.684769,24.28269],[76.699677,24.257839],[76.687782,24.23245],[76.67421,24.19343],[76.69519,24.176001],[76.720711,24.16172],[76.749382,24.172541],[76.773087,24.158779],[76.790932,24.125759],[76.821831,24.126673],[76.846077,24.136141],[76.873329,24.13979],[76.89994,24.131111],[76.911186,24.176901],[76.943863,24.198851],[76.922577,24.216791],[76.903893,24.241678],[76.874199,24.27109],[76.86264,24.298832],[76.84491,24.327982],[76.838211,24.354959],[76.848,24.378832],[76.8424,24.408508],[76.851097,24.43539],[76.848976,24.46438],[76.845276,24.4909],[76.82811,24.510363],[76.814163,24.53228],[76.838196,24.54847],[76.866203,24.54936],[76.875732,24.52618],[76.897766,24.543701],[76.918777,24.529982],[76.91465,24.487659],[76.937088,24.472391],[76.960167,24.46023],[76.992523,24.47345],[77.008667,24.49494],[77.02478,24.51705],[77.050308,24.526531],[77.061531,24.554779],[77.063553,24.58534],[77.061119,24.61051],[77.060287,24.637703],[77.048943,24.66131],[77.03492,24.68856],[77.022652,24.71372],[76.992142,24.717398],[76.968483,24.73609],[76.956322,24.764311],[76.921692,24.748831],[76.886688,24.75415],[76.860847,24.748699],[76.846741,24.769993],[76.82579,24.793381],[76.808693,24.81498],[76.827141,24.83836],[76.857483,24.840981],[76.895042,24.83951],[76.926521,24.849783],[76.94664,24.868259],[76.921768,24.88372],[76.924637,24.910372],[76.891228,24.91968],[76.879707,24.945761],[76.86644,24.97179],[76.868713,24.997511],[76.878281,25.025831],[76.909767,25.035671],[76.953499,25.048458],[76.971832,25.066839],[76.993729,25.07995],[77.017647,25.07217],[77.044327,25.065771],[77.077232,25.057989],[77.102493,25.069241],[77.128273,25.08905],[77.157707,25.08828],[77.169579,25.11372],[77.197388,25.116671],[77.241646,25.11272],[77.275566,25.112131],[77.295937,25.087103],[77.328018,25.093401],[77.357147,25.101551],[77.386673,25.12196],[77.389313,25.151039],[77.391327,25.179649],[77.414757,25.18943],[77.406403,25.226292],[77.380043,25.24542],[77.360283,25.260853],[77.366722,25.2854],[77.374626,25.310572],[77.35318,25.33235],[77.35511,25.36438],[77.344261,25.38793],[77.357643,25.409288],[77.337067,25.424751],[77.305298,25.436411],[77.282982,25.42359],[77.259956,25.39946],[77.234673,25.385061],[77.22113,25.36108],[77.218033,25.33131],[77.197388,25.31098],[77.167763,25.315521],[77.136307,25.324133],[77.108116,25.335279],[77.083061,25.339802],[77.063461,25.32415],[77.038048,25.319361],[77.017601,25.301559],[76.95874,25.29718],[76.941826,25.27536],[76.929207,25.297298],[76.904633,25.31786],[76.872589,25.32428],[76.842979,25.330542],[76.795273,25.321821],[76.770096,25.312191],[76.75872,25.338692],[76.732048,25.347879],[76.703217,25.34761],[76.672783,25.350033],[76.6436,25.376398],[76.616867,25.381613],[76.599052,25.4053],[76.588966,25.43149],[76.564278,25.442402],[76.559593,25.473261],[76.542107,25.497431],[76.522598,25.52429],[76.522209,25.55036],[76.509781,25.579821],[76.515793,25.60701],[76.514732,25.633678],[76.510803,25.672838],[76.481758,25.6894],[76.482391,25.71813],[76.510757,25.730013],[76.52224,25.76634],[76.529312,25.797972],[76.549461,25.825041],[76.585281,25.86772],[76.616531,25.87125],[76.63559,25.895929],[76.656563,25.91081],[76.684059,25.91021],[76.714523,25.90099],[76.745468,25.909231],[76.752831,25.93581],[76.785912,25.94047],[76.816246,25.967131],[76.82328,25.992722],[76.84024,26.01129],[76.838097,26.03639],[76.86393,26.05168],[76.882233,26.078609],[76.906319,26.101101],[76.938713,26.106079],[76.968567,26.124041],[76.994476,26.137781],[77.007736,26.16058],[77.034737,26.181931],[77.068939,26.18541],[77.096443,26.19544],[77.105873,26.21936],[77.124031,26.237951],[77.152763,26.237951],[77.184532,26.23682],[77.237846,26.26272],[77.267036,26.276171],[77.289948,26.295591],[77.308167,26.315001],[77.318047,26.34638],[77.346657,26.36038],[77.378899,26.363838],[77.407822,26.36898],[77.436768,26.368141],[77.426407,26.39551],[77.459,26.4112],[77.493927,26.41358],[77.522881,26.414911],[77.547157,26.436281],[77.579102,26.45109],[77.608742,26.459341],[77.626717,26.48299],[77.654701,26.497221],[77.685989,26.50259],[77.713982,26.50425],[77.730667,26.529881],[77.75,26.546671],[77.782997,26.552589],[77.812996,26.55481],[77.824387,26.584431],[77.834099,26.61178],[77.870377,26.61862],[77.890152,26.640518],[77.903603,26.66618],[77.939903,26.662708],[77.968796,26.67664],[77.988556,26.699991],[78.019203,26.69762],[78.04911,26.6898],[78.075371,26.67819],[78.088989,26.700722],[78.086761,26.73177],[78.111679,26.749651],[78.09568,26.771799],[78.099831,26.797009],[78.131317,26.79917],[78.159782,26.791121],[78.163406,26.819931],[78.192101,26.829811],[78.217003,26.837671],[78.247543,26.823879],[78.266457,26.841],[78.282066,26.864088],[78.315979,26.869362],[78.341202,26.873951],[78.364647,26.868841]]]}},{"type":"Feature","properties":{"name":"Maharashtra"},"geometry":{"type":"MultiPolygon","coordinates":[[[[73.455971,15.889862],[73.455971,15.889862]],[[73.462639,15.89042],[73.462639,15.89042]],[[73.466248,15.895972],[73.466248,15.895972]],[[73.460136,16.045694],[73.460136,16.045694]],[[73.443192,16.102638],[73.443192,16.102638]],[[73.084297,17.81875],[73.084297,17.81875]],[[73.038193,18.052084],[73.038193,18.052084]],[[72.965973,18.30125],[72.965973,18.30125]],[[73.079033,18.310419],[73.079033,18.310419]],[[73.082085,18.322083],[73.082085,18.322083]],[[72.864861,18.635695],[72.864861,18.635695]],[[72.812637,18.70653],[72.812637,18.70653]],[[72.842636,18.708471],[72.842636,18.708471]],[[72.901527,18.964312],[72.901527,18.964312]],[[72.939026,18.972361],[72.939026,18.972361]],[[73.02597,18.999861],[73.02597,18.999861]],[[72.781807,19.13542],[72.781807,19.13542]],[[72.731247,19.468472],[72.731247,19.468472]],[[74.435547,22.030998],[74.451508,22.008968],[74.443039,21.983068],[74.459969,21.962831],[74.485687,21.957533],[74.515556,21.93392],[74.527496,21.908781],[74.517479,21.874901],[74.511818,21.82123],[74.505966,21.78261],[74.517807,21.759871],[74.513176,21.734909],[74.531319,21.71747],[74.556213,21.71261],[74.559776,21.68729],[74.584702,21.68412],[74.599136,21.663231],[74.623962,21.65976],[74.64949,21.65523],[74.674026,21.6481],[74.694778,21.633381],[74.719147,21.62512],[74.744438,21.619553],[74.769966,21.615431],[74.795097,21.610163],[74.82029,21.61079],[74.843109,21.621531],[74.864861,21.634029],[74.890053,21.63172],[74.911728,21.617491],[74.935417,21.607571],[74.96019,21.600269],[74.985443,21.594561],[75.013412,21.581188],[75.053566,21.56719],[75.07222,21.541651],[75.089996,21.514332],[75.100441,21.485312],[75.115097,21.45956],[75.147438,21.44334],[75.188026,21.427311],[75.210556,21.414221],[75.236366,21.417101],[75.259109,21.405218],[75.288567,21.411812],[75.301903,21.38925],[75.326813,21.394239],[75.353783,21.39349],[75.381332,21.38763],[75.409256,21.389921],[75.436287,21.39072],[75.465599,21.391361],[75.496437,21.390732],[75.524582,21.387161],[75.54715,21.37266],[75.57209,21.378229],[75.602951,21.39053],[75.626793,21.38201],[75.654877,21.382021],[75.684792,21.382231],[75.713852,21.391611],[75.744087,21.39319],[75.773827,21.386648],[75.801407,21.39015],[75.832626,21.383301],[75.859329,21.3873],[75.882126,21.39843],[75.912277,21.39065],[75.937378,21.39287],[75.968742,21.39397],[75.991608,21.376089],[76.015976,21.369883],[76.042023,21.358892],[76.077248,21.364269],[76.106949,21.360203],[76.122246,21.321638],[76.129257,21.29751],[76.149803,21.27421],[76.154289,21.24914],[76.164032,21.224173],[76.165909,21.19549],[76.15506,21.172562],[76.127419,21.177919],[76.131691,21.152679],[76.135666,21.126211],[76.162216,21.109961],[76.172638,21.0846],[76.208687,21.090179],[76.235107,21.09391],[76.262108,21.094702],[76.281769,21.07531],[76.334816,21.077181],[76.36132,21.080002],[76.390106,21.088051],[76.411827,21.107269],[76.4375,21.10759],[76.455933,21.13192],[76.474892,21.152071],[76.482452,21.188231],[76.520782,21.18922],[76.559387,21.205811],[76.586746,21.198683],[76.61232,21.195911],[76.63134,21.215641],[76.642578,21.247721],[76.660179,21.2736],[76.648628,21.300041],[76.625839,21.329741],[76.668411,21.369471],[76.719093,21.40065],[76.738426,21.42938],[76.756546,21.449928],[76.784187,21.46649],[76.786491,21.499229],[76.762932,21.52265],[76.785538,21.535301],[76.780243,21.562468],[76.791489,21.58742],[76.823181,21.592682],[76.847763,21.6133],[76.891747,21.6007],[76.978668,21.665979],[77.001587,21.682159],[77.029167,21.69606],[77.059486,21.7094],[77.083778,21.71863],[77.114166,21.724861],[77.147507,21.714651],[77.171448,21.727261],[77.184326,21.70446],[77.20742,21.69401],[77.224602,21.71789],[77.25518,21.715191],[77.28315,21.72422],[77.278267,21.74914],[77.308891,21.759649],[77.337387,21.76156],[77.375923,21.757111],[77.401131,21.75618],[77.426659,21.760401],[77.452629,21.76432],[77.477768,21.770222],[77.492317,21.74979],[77.517906,21.727011],[77.535927,21.70826],[77.547363,21.681561],[77.557541,21.655588],[77.571327,21.627041],[77.572197,21.587671],[77.570999,21.56262],[77.605759,21.550911],[77.589249,21.53035],[77.553398,21.536173],[77.511917,21.54751],[77.484001,21.553303],[77.457512,21.55657],[77.431877,21.5464],[77.4188,21.52084],[77.439217,21.489323],[77.452362,21.467991],[77.469757,21.448681],[77.477097,21.42086],[77.482986,21.390381],[77.510529,21.37676],[77.539841,21.38117],[77.565331,21.372629],[77.601486,21.365271],[77.599388,21.39209],[77.629311,21.39098],[77.662086,21.387972],[77.688271,21.39673],[77.705147,21.373451],[77.733879,21.364731],[77.749939,21.38571],[77.77655,21.388029],[77.79599,21.40626],[77.833923,21.40152],[77.863213,21.388121],[77.892311,21.379049],[77.918251,21.384741],[77.941116,21.398951],[77.97155,21.401381],[77.995827,21.41378],[78.029121,21.42536],[78.063713,21.43886],[78.092491,21.456011],[78.127228,21.4734],[78.169342,21.498501],[78.168007,21.526041],[78.172737,21.553303],[78.215477,21.55373],[78.238716,21.565491],[78.269257,21.570711],[78.300003,21.585058],[78.328461,21.581181],[78.354683,21.576908],[78.377632,21.5956],[78.399048,21.61108],[78.422562,21.60195],[78.413498,21.57774],[78.420601,21.54878],[78.432182,21.519911],[78.451698,21.497332],[78.4804,21.506121],[78.502083,21.52663],[78.528351,21.52462],[78.556488,21.51582],[78.581192,21.489641],[78.616066,21.48152],[78.643547,21.484251],[78.684067,21.48196],[78.713913,21.467951],[78.738838,21.4729],[78.76104,21.489759],[78.772186,21.467131],[78.784622,21.48914],[78.810097,21.49087],[78.844177,21.489971],[78.875137,21.487928],[78.902733,21.498018],[78.931831,21.4874],[78.940643,21.5137],[78.923401,21.533081],[78.904427,21.55484],[78.928391,21.56443],[78.912178,21.58518],[78.940346,21.59376],[78.962273,21.605881],[78.994446,21.61875],[79.03096,21.60561],[79.07608,21.607681],[79.104111,21.60936],[79.127739,21.628059],[79.147133,21.656561],[79.186188,21.654428],[79.216606,21.65019],[79.22683,21.674391],[79.221878,21.7006],[79.257668,21.717541],[79.276802,21.70023],[79.317337,21.68582],[79.342613,21.684511],[79.38308,21.67539],[79.407722,21.68556],[79.440727,21.68224],[79.488579,21.674122],[79.49929,21.647848],[79.512459,21.62648],[79.505821,21.590281],[79.527657,21.5748],[79.534233,21.548168],[79.56031,21.548019],[79.589523,21.549559],[79.616821,21.557211],[79.647476,21.557173],[79.662941,21.57971],[79.689346,21.583641],[79.713821,21.591131],[79.744888,21.59787],[79.768799,21.590431],[79.803192,21.57263],[79.825043,21.546721],[79.850563,21.537531],[79.876686,21.528471],[79.915817,21.524481],[79.927193,21.55373],[79.961449,21.558001],[79.98558,21.536779],[80.01001,21.544592],[80.03199,21.557558],[80.057198,21.5536],[80.078758,21.568399],[80.096321,21.587433],[80.114937,21.60701],[80.140686,21.604721],[80.162102,21.61949],[80.185196,21.63064],[80.210396,21.62628],[80.23597,21.62077],[80.264977,21.616558],[80.2798,21.59613],[80.295372,21.57548],[80.321396,21.570591],[80.327408,21.546091],[80.351891,21.533003],[80.371178,21.515148],[80.377678,21.490129],[80.392097,21.469391],[80.408257,21.44722],[80.398033,21.42309],[80.391533,21.396631],[80.406563,21.37641],[80.433533,21.371181],[80.447067,21.395571],[80.473877,21.399321],[80.500557,21.390779],[80.526863,21.381668],[80.550232,21.36474],[80.564178,21.342779],[80.586723,21.32946],[80.610962,21.321701],[80.638176,21.32486],[80.663559,21.32486],[80.673088,21.30118],[80.652153,21.283253],[80.639481,21.2575],[80.615723,21.240021],[80.592323,21.22484],[80.568428,21.213882],[80.54657,21.200668],[80.520737,21.203541],[80.504532,21.183041],[80.479439,21.174931],[80.454269,21.165438],[80.44696,21.138149],[80.449249,21.11194],[80.438133,21.088808],[80.443993,21.06324],[80.447342,21.036621],[80.430107,21.016359],[80.438087,20.9921],[80.440697,20.96546],[80.456589,20.937248],[80.48275,20.928471],[80.51062,20.928801],[80.54184,20.93392],[80.546188,20.90308],[80.548912,20.86809],[80.554787,20.82942],[80.545692,20.801373],[80.545532,20.765369],[80.55587,20.72257],[80.574921,20.698429],[80.566803,20.67293],[80.537422,20.664021],[80.507607,20.6546],[80.484848,20.63518],[80.492912,20.60409],[80.511902,20.585119],[80.551407,20.599079],[80.578667,20.61412],[80.608963,20.605989],[80.61747,20.581038],[80.609947,20.55633],[80.608528,20.516203],[80.606201,20.48707],[80.601669,20.45726],[80.599876,20.426922],[80.586517,20.400728],[80.602226,20.37644],[80.611496,20.349342],[80.605423,20.32019],[80.551582,20.311531],[80.52668,20.284781],[80.494476,20.274799],[80.465446,20.271622],[80.437309,20.258478],[80.409027,20.24913],[80.382957,20.24172],[80.398003,20.21278],[80.413986,20.190231],[80.391907,20.170731],[80.393837,20.14402],[80.426956,20.130239],[80.45134,20.144871],[80.477303,20.138531],[80.503586,20.12879],[80.528809,20.1175],[80.535233,20.09218],[80.546158,20.06571],[80.541588,20.037222],[80.535423,20.011209],[80.545547,19.987181],[80.533836,19.95303],[80.520378,19.93088],[80.480476,19.927801],[80.453003,19.945238],[80.42511,19.937309],[80.402657,19.909601],[80.431007,19.898411],[80.46122,19.903431],[80.489838,19.893673],[80.49752,19.86875],[80.475021,19.857059],[80.460297,19.82803],[80.431656,19.810301],[80.404976,19.81542],[80.429008,19.795111],[80.461761,19.788233],[80.469162,19.824661],[80.498398,19.829472],[80.535378,19.81813],[80.538872,19.780703],[80.567657,19.75668],[80.590332,19.73443],[80.620209,19.72377],[80.645638,19.706499],[80.666008,19.68627],[80.65612,19.625151],[80.683037,19.610609],[80.720993,19.608391],[80.757957,19.590172],[80.785156,19.56041],[80.819611,19.565401],[80.837379,19.54063],[80.86335,19.52195],[80.885536,19.509251],[80.892159,19.48152],[80.885628,19.456503],[80.857483,19.442541],[80.825249,19.439121],[80.794327,19.428768],[80.808548,19.397039],[80.823219,19.374741],[80.845009,19.36091],[80.81649,19.34247],[80.795006,19.32476],[80.766197,19.30813],[80.749237,19.286741],[80.718307,19.2855],[80.688606,19.283489],[80.685287,19.312601],[80.664391,19.326578],[80.635307,19.312838],[80.610153,19.30714],[80.59568,19.33132],[80.58226,19.36834],[80.572861,19.39842],[80.53154,19.3743],[80.51384,19.3482],[80.481102,19.33782],[80.465302,19.31592],[80.445427,19.26989],[80.419167,19.25028],[80.388451,19.243311],[80.377022,19.217369],[80.386673,19.18902],[80.362358,19.169321],[80.33963,19.153021],[80.320862,19.124491],[80.331543,19.10108],[80.322113,19.074871],[80.302246,19.05555],[80.295288,19.02874],[80.272308,18.99744],[80.26902,18.964161],[80.264687,18.937321],[80.291389,18.907591],[80.308563,18.886168],[80.335732,18.856119],[80.348503,18.82394],[80.318733,18.79598],[80.294159,18.79059],[80.279533,18.767853],[80.254562,18.765951],[80.254807,18.736132],[80.246666,18.701321],[80.220009,18.69919],[80.194107,18.688532],[80.170967,18.67734],[80.152206,18.695278],[80.121292,18.68121],[80.086952,18.697571],[80.065491,18.713263],[80.03286,18.746441],[80.012352,18.76676],[79.981537,18.774281],[79.95015,18.779909],[79.916267,18.79734],[79.894012,18.830839],[79.920822,18.83621],[79.939003,18.858892],[79.940117,18.896738],[79.940941,18.93766],[79.932213,18.971581],[79.934486,19.0217],[79.916107,19.047359],[79.890846,19.04545],[79.859589,19.03463],[79.861099,19.05995],[79.860077,19.09096],[79.863106,19.115822],[79.905968,19.141788],[79.926117,19.16095],[79.922508,19.203409],[79.9319,19.259321],[79.945183,19.284121],[79.963646,19.30654],[79.957153,19.33457],[79.966522,19.360889],[79.972603,19.391581],[79.959236,19.425911],[79.946213,19.450939],[79.923546,19.477581],[79.902237,19.49649],[79.870216,19.504961],[79.828217,19.53701],[79.81955,19.561489],[79.793297,19.58009],[79.766289,19.600151],[79.740326,19.60314],[79.712929,19.58333],[79.684792,19.579168],[79.652618,19.576693],[79.621391,19.5651],[79.607216,19.539461],[79.60244,19.514521],[79.573441,19.506639],[79.547699,19.526081],[79.534996,19.548071],[79.515846,19.52236],[79.493317,19.505192],[79.465126,19.50901],[79.441261,19.53351],[79.413612,19.53348],[79.388969,19.54892],[79.369026,19.571232],[79.340889,19.573771],[79.314262,19.565521],[79.30484,19.590151],[79.26786,19.606661],[79.237091,19.609489],[79.24868,19.586861],[79.239769,19.559481],[79.238358,19.532761],[79.215706,19.51058],[79.208778,19.484798],[79.189041,19.4587],[79.156967,19.48555],[79.12645,19.506491],[79.102356,19.51936],[79.073837,19.52861],[79.051521,19.545273],[79.018356,19.53997],[79.000061,19.55937],[78.973557,19.5499],[78.949562,19.55747],[78.968987,19.57346],[78.965622,19.604511],[78.964676,19.629553],[78.961678,19.65877],[78.93499,19.66218],[78.903793,19.664558],[78.877937,19.656801],[78.863213,19.679493],[78.861671,19.7059],[78.856918,19.7313],[78.845627,19.75835],[78.817146,19.76042],[78.784866,19.778749],[78.752243,19.77729],[78.724731,19.76897],[78.70179,19.78558],[78.648338,19.80146],[78.619339,19.80871],[78.595276,19.81735],[78.557922,19.815611],[78.526268,19.821659],[78.509613,19.801189],[78.484291,19.80719],[78.444588,19.819231],[78.409042,19.829861],[78.389236,19.846178],[78.384972,19.873892],[78.346687,19.881401],[78.322968,19.894972],[78.297691,19.873293],[78.303169,19.845831],[78.338997,19.83918],[78.339211,19.813511],[78.366997,19.79454],[78.364792,19.76734],[78.353203,19.737751],[78.345276,19.71357],[78.320107,19.696711],[78.285812,19.689671],[78.269722,19.66313],[78.292427,19.644161],[78.308891,19.611401],[78.312042,19.578562],[78.296509,19.55838],[78.295486,19.53084],[78.299431,19.504129],[78.31205,19.479259],[78.297333,19.44883],[78.26693,19.447929],[78.245811,19.428989],[78.21508,19.427052],[78.198112,19.40745],[78.186989,19.384548],[78.179596,19.35301],[78.197151,19.33173],[78.193176,19.30294],[78.183151,19.278961],[78.186409,19.24935],[78.149742,19.230051],[78.126709,19.246403],[78.099388,19.24548],[78.057556,19.23975],[78.045746,19.270861],[78.01825,19.296328],[77.985497,19.30899],[77.966652,19.32732],[77.940628,19.342501],[77.912277,19.317951],[77.875229,19.308901],[77.860847,19.28764],[77.893059,19.278393],[77.867386,19.25526],[77.861526,19.226292],[77.84655,19.19698],[77.854233,19.172291],[77.837677,19.138309],[77.845192,19.11421],[77.846588,19.088518],[77.822372,19.096399],[77.797287,19.074591],[77.777946,19.054371],[77.757393,19.028551],[77.768433,18.99938],[77.781509,18.97632],[77.817139,18.98237],[77.812691,18.949459],[77.853729,18.952278],[77.841133,18.921461],[77.869263,18.91032],[77.887672,18.88512],[77.906067,18.867319],[77.932358,18.850931],[77.942551,18.82229],[77.907593,18.829519],[77.859222,18.81406],[77.827553,18.786013],[77.810387,18.74025],[77.802223,18.71612],[77.786507,18.694321],[77.764381,18.707939],[77.744667,18.683889],[77.728111,18.664209],[77.736023,18.630898],[77.748093,18.60531],[77.735382,18.563181],[77.682747,18.54081],[77.65757,18.527201],[77.648811,18.55262],[77.616333,18.54867],[77.593292,18.528021],[77.586273,18.50292],[77.601067,18.474211],[77.576523,18.48378],[77.55809,18.465271],[77.583649,18.45355],[77.560173,18.435049],[77.534508,18.4424],[77.555206,18.417852],[77.549301,18.387718],[77.5214,18.364651],[77.527328,18.339401],[77.55336,18.331223],[77.570229,18.30818],[77.549957,18.291349],[77.523888,18.303032],[77.510208,18.27844],[77.480347,18.26866],[77.45079,18.265961],[77.434616,18.29298],[77.407806,18.299561],[77.381287,18.30595],[77.355423,18.31852],[77.380898,18.33193],[77.398247,18.353531],[77.407883,18.37849],[77.369751,18.400709],[77.36441,18.42985],[77.337311,18.43544],[77.317413,18.453791],[77.294769,18.43268],[77.264557,18.418381],[77.240227,18.408648],[77.245033,18.370588],[77.221367,18.34721],[77.209976,18.313742],[77.206177,18.27796],[77.177841,18.281851],[77.16568,18.25592],[77.147766,18.23765],[77.139496,18.207241],[77.10659,18.201811],[77.116333,18.167608],[77.092682,18.156979],[77.057671,18.152363],[77.038101,18.181311],[76.997757,18.166849],[76.980553,18.1894],[76.954109,18.184891],[76.943756,18.154739],[76.929993,18.132252],[76.953392,18.110111],[76.949738,18.082331],[76.948448,18.04866],[76.917717,18.03323],[76.918167,18.001871],[76.918236,17.972851],[76.913223,17.937208],[76.900208,17.914688],[76.88118,17.893051],[76.853836,17.897839],[76.833076,17.88275],[76.805351,17.874208],[76.774567,17.876961],[76.742973,17.899021],[76.737457,17.857059],[76.764343,17.849501],[76.785469,17.831463],[76.779793,17.80592],[76.762756,17.787109],[76.724632,17.785078],[76.717972,17.747869],[76.698151,17.72604],[76.690872,17.701941],[76.663139,17.68786],[76.655212,17.7164],[76.630653,17.729],[76.626953,17.75596],[76.598801,17.72797],[76.577209,17.70314],[76.568108,17.739799],[76.538208,17.75894],[76.52504,17.734673],[76.492256,17.714941],[76.484428,17.684429],[76.452301,17.655548],[76.428726,17.644411],[76.420746,17.614241],[76.382072,17.60078],[76.348701,17.5954],[76.332909,17.573832],[76.340027,17.54257],[76.364609,17.528521],[76.343727,17.50812],[76.366592,17.495293],[76.350006,17.47213],[76.333656,17.432293],[76.363892,17.435551],[76.370049,17.4079],[76.362,17.37508],[76.408066,17.369289],[76.402046,17.34399],[76.383896,17.319542],[76.359367,17.310289],[76.343613,17.349932],[76.317047,17.345409],[76.295898,17.328638],[76.272636,17.34795],[76.248909,17.362131],[76.203522,17.358789],[76.176033,17.352381],[76.176338,17.321461],[76.145668,17.347933],[76.121208,17.366341],[76.095963,17.357813],[76.086853,17.333731],[76.063202,17.3519],[76.036667,17.348963],[76.00914,17.347523],[75.980713,17.336201],[75.94175,17.32486],[75.916222,17.33897],[75.893661,17.353621],[75.896431,17.394979],[75.882431,17.419001],[75.864876,17.38644],[75.847878,17.41534],[75.821991,17.41968],[75.817688,17.388041],[75.791023,17.37298],[75.769768,17.406841],[75.737038,17.4219],[75.715179,17.408932],[75.687119,17.417301],[75.680817,17.453972],[75.656181,17.46751],[75.631271,17.46118],[75.618736,17.439112],[75.614952,17.409561],[75.59816,17.386101],[75.584053,17.351341],[75.613106,17.342291],[75.605957,17.303261],[75.627869,17.28812],[75.657478,17.270571],[75.660919,17.24],[75.663879,17.213751],[75.643593,17.19408],[75.628021,17.17012],[75.642731,17.147638],[75.653633,17.113131],[75.67849,17.094172],[75.678406,17.06286],[75.654396,17.05509],[75.672241,17.03573],[75.67054,16.998831],[75.674591,16.969351],[75.649628,16.952],[75.621017,16.967751],[75.609657,16.99894],[75.575798,17.007799],[75.570343,16.963621],[75.542816,16.96314],[75.517006,16.951933],[75.492493,16.9429],[75.482498,16.97595],[75.453537,16.982651],[75.431023,16.963461],[75.39476,16.976393],[75.364357,16.96361],[75.337967,16.953541],[75.306129,16.95467],[75.2836,16.942942],[75.285576,16.909431],[75.287498,16.883211],[75.268303,16.860861],[75.243446,16.864491],[75.230011,16.840919],[75.188286,16.840891],[75.19252,16.869558],[75.164383,16.86558],[75.13839,16.878269],[75.123573,16.900438],[75.097969,16.91387],[75.094147,16.947229],[75.065407,16.93926],[75.034492,16.92874],[75.011406,16.942581],[74.985817,16.92902],[74.959999,16.932932],[74.92852,16.935202],[74.944077,16.913271],[74.964096,16.87788],[74.93708,16.869162],[74.911957,16.85594],[74.913063,16.83075],[74.915863,16.785681],[74.892639,16.76869],[74.854973,16.770769],[74.804108,16.750763],[74.779007,16.74859],[74.756142,16.72963],[74.722443,16.713291],[74.695938,16.710541],[74.688957,16.68412],[74.671738,16.66353],[74.660507,16.637581],[74.68531,16.619881],[74.663872,16.60108],[74.639381,16.594353],[74.622643,16.573641],[74.595886,16.56439],[74.574051,16.55197],[74.569817,16.581221],[74.550247,16.60902],[74.53009,16.63061],[74.501671,16.627138],[74.481339,16.65407],[74.46447,16.633989],[74.472458,16.604811],[74.446983,16.60034],[74.428833,16.582729],[74.403481,16.578671],[74.395653,16.535671],[74.366119,16.53764],[74.340202,16.550133],[74.322678,16.519001],[74.297623,16.531931],[74.271553,16.53866],[74.284401,16.516479],[74.26313,16.498953],[74.282539,16.482571],[74.299896,16.50263],[74.294838,16.474352],[74.314827,16.453199],[74.339989,16.44813],[74.33728,16.42021],[74.359543,16.40399],[74.359612,16.37882],[74.33596,16.389643],[74.332237,16.356951],[74.327278,16.329201],[74.342331,16.305092],[74.329323,16.281061],[74.355141,16.27449],[74.380066,16.293501],[74.400757,16.276251],[74.422531,16.25745],[74.461227,16.24843],[74.494827,16.23802],[74.503166,16.211561],[74.512878,16.188263],[74.495323,16.169001],[74.487106,16.143091],[74.497108,16.11237],[74.48909,16.08732],[74.464546,16.102112],[74.43795,16.10816],[74.416077,16.096001],[74.397247,16.078388],[74.375107,16.06337],[74.378586,16.036621],[74.409317,16.04533],[74.436333,16.05673],[74.463837,16.047731],[74.463913,16.02256],[74.449669,15.998531],[74.442291,15.965479],[74.41227,15.9252],[74.391869,15.901159],[74.40255,15.878261],[74.411583,15.852591],[74.387947,15.863941],[74.37278,15.88769],[74.352959,15.859241],[74.387413,15.847112],[74.373367,15.825832],[74.375511,15.79672],[74.364853,15.773651],[74.334541,15.767679],[74.314651,15.752149],[74.292168,15.739311],[74.266068,15.747021],[74.238983,15.75214],[74.240341,15.78075],[74.215706,15.77387],[74.197067,15.750221],[74.17115,15.74995],[74.150513,15.731701],[74.135536,15.709252],[74.133598,15.678401],[74.106247,15.670641],[74.12603,15.65029],[74.10244,15.638961],[74.080551,15.62617],[74.039299,15.620851],[74.013176,15.609341],[73.990211,15.62063],[73.969261,15.644321],[73.972198,15.676692],[73.957237,15.696739],[73.950821,15.723229],[73.924156,15.742821],[73.885902,15.747261],[73.880249,15.777391],[73.855797,15.78326],[73.838783,15.76089],[73.820396,15.73991],[73.797569,15.725092],[73.758247,15.732752],[73.737038,15.717251],[73.710983,15.72023],[73.685303,15.725871],[73.661804,15.738194],[73.662918,15.76375],[73.654587,15.787362],[73.644028,15.81014],[73.634308,15.833195],[73.622643,15.855422],[73.606529,15.874582],[73.595413,15.89736],[73.574028,15.911805],[73.554031,15.926811],[73.529587,15.93319],[73.507362,15.944862],[73.500687,15.96903],[73.488747,15.99103],[73.489304,16.017084],[73.480141,16.040421],[73.459305,16.055695],[73.457359,16.080694],[73.457642,16.109585],[73.452919,16.135139],[73.446526,16.160694],[73.441528,16.185694],[73.448753,16.209862],[73.424858,16.217361],[73.419861,16.24403],[73.412086,16.26903],[73.433472,16.283751],[73.40847,16.284861],[73.398193,16.308203],[73.392639,16.332642],[73.38736,16.357361],[73.368752,16.375141],[73.386253,16.393194],[73.365135,16.407639],[73.359306,16.432362],[73.347076,16.454309],[73.341248,16.478748],[73.329033,16.50264],[73.316246,16.526251],[73.319313,16.552361],[73.343193,16.544861],[73.354309,16.522362],[73.378754,16.511806],[73.357918,16.526251],[73.352081,16.55069],[73.377083,16.550692],[73.355698,16.56403],[73.335419,16.578751],[73.31958,16.598749],[73.34597,16.599031],[73.352638,16.623194],[73.334297,16.640423],[73.331802,16.66736],[73.32431,16.691528],[73.312637,16.713751],[73.305687,16.739861],[73.305138,16.767084],[73.313469,16.790974],[73.326248,16.812639],[73.301247,16.810417],[73.293747,16.834307],[73.289307,16.85903],[73.291237,16.884029],[73.283752,16.907923],[73.287086,16.932919],[73.292084,16.959305],[73.294304,16.985971],[73.268471,16.989861],[73.284302,17.010695],[73.260971,17.020971],[73.255692,17.04542],[73.277641,17.032921],[73.286247,17.00931],[73.280693,17.03376],[73.306808,17.034031],[73.283752,17.043753],[73.287918,17.070421],[73.284576,17.095423],[73.266251,17.112921],[73.267357,17.13792],[73.260696,17.162359],[73.253471,17.186811],[73.231247,17.199306],[73.244583,17.220695],[73.231529,17.242083],[73.222916,17.265972],[73.20153,17.279308],[73.190971,17.30431],[73.216797,17.302361],[73.242363,17.306528],[73.224586,17.324306],[73.214302,17.348194],[73.20903,17.372919],[73.185417,17.385139],[73.167915,17.403194],[73.185974,17.420692],[73.204018,17.438471],[73.184303,17.454029],[73.188751,17.479031],[73.181808,17.503201],[73.167641,17.524033],[73.148193,17.539862],[73.139862,17.567921],[73.16375,17.576805],[73.151253,17.598473],[73.135139,17.618471],[73.130142,17.643194],[73.121246,17.66736],[73.114029,17.69153],[73.133751,17.707081],[73.128738,17.73181],[73.121529,17.75625],[73.11264,17.779951],[73.102638,17.802917],[73.094025,17.827084],[73.118195,17.83375],[73.095139,17.845417],[73.081253,17.866251],[73.071251,17.890421],[73.050972,17.90514],[73.065422,17.926811],[73.087639,17.93931],[73.061813,17.93292],[73.036797,17.936251],[73.029861,17.96125],[73.036797,17.98542],[73.017914,18.002916],[73.026802,18.026531],[73.037636,18.049583],[73.018196,18.033194],[73.003197,18.053473],[72.99736,18.078194],[72.988197,18.101528],[72.975136,18.122919],[72.98542,18.147367],[72.984581,18.173471],[72.978752,18.19792],[72.960129,18.214861],[72.93486,18.217361],[72.94014,18.242083],[72.937637,18.26903],[72.960129,18.28014],[72.971252,18.257078],[72.994026,18.245974],[73.019302,18.242638],[73.044029,18.234591],[73.066803,18.22403],[73.059303,18.200138],[73.066528,18.175968],[73.08403,18.157921],[73.072365,18.180416],[73.076248,18.20764],[73.078186,18.233749],[73.061249,18.252361],[73.06292,18.277639],[73.045135,18.295694],[73.070137,18.29903],[73.085693,18.31875],[73.063751,18.303749],[73.039307,18.297916],[73.051796,18.276251],[73.029587,18.264584],[73.012917,18.28347],[72.98764,18.287361],[72.96875,18.303749],[72.955971,18.325703],[72.937637,18.342911],[72.914856,18.35375],[72.924858,18.37681],[72.911247,18.397921],[72.90847,18.423195],[72.902359,18.448195],[72.895416,18.472643],[72.90403,18.497919],[72.910698,18.522921],[72.928467,18.541811],[72.917076,18.565142],[72.905418,18.58736],[72.894859,18.61042],[72.884583,18.634581],[72.865417,18.651531],[72.861809,18.676531],[72.85791,18.70153],[72.864296,18.73181],[72.865967,18.756811],[72.863747,18.781811],[72.878471,18.802361],[72.903748,18.802084],[72.929031,18.805691],[72.940697,18.827921],[72.954582,18.806805],[72.979576,18.804581],[72.982918,18.829861],[72.983192,18.855141],[72.958473,18.850973],[72.93264,18.849306],[72.919586,18.870695],[72.90847,18.897083],[72.929581,18.910694],[72.955139,18.908472],[72.949585,18.932917],[72.947365,18.958197],[72.972069,18.963751],[72.996803,18.968752],[73.017349,18.983749],[73.002357,19.004862],[73.003197,19.03014],[72.99514,19.05431],[72.970703,19.060143],[72.960129,19.03681],[72.943474,19.017918],[72.922638,19.003471],[72.897636,18.997086],[72.874306,19.007084],[72.858475,18.987638],[72.849297,18.964312],[72.845139,18.939306],[72.832077,18.917931],[72.815407,18.898748],[72.825142,18.921808],[72.821251,18.94681],[72.796249,18.944311],[72.802086,18.968752],[72.81208,18.992359],[72.815971,19.017639],[72.837082,19.031248],[72.821251,19.051531],[72.820969,19.077641],[72.825142,19.10264],[72.816528,19.126249],[72.806252,19.149311],[72.825142,19.16597],[72.804581,19.151529],[72.791527,19.12986],[72.784576,19.154032],[72.795967,19.177641],[72.801804,19.202084],[72.814308,19.223751],[72.827927,19.24486],[72.839577,19.26708],[72.824303,19.247082],[72.809586,19.226807],[72.794586,19.206806],[72.77597,19.224585],[72.782082,19.249031],[72.780136,19.275421],[72.784576,19.300423],[72.796524,19.323195],[72.785416,19.345695],[72.769028,19.364578],[72.760406,19.388201],[72.760414,19.414862],[72.752357,19.43931],[72.744858,19.463472],[72.765419,19.478201],[72.779587,19.505421],[72.754585,19.508472],[72.736526,19.526529],[72.717087,19.544027],[72.71875,19.569033],[72.712639,19.593472],[72.737358,19.597361],[72.727364,19.620972],[72.714027,19.643194],[72.710136,19.667921],[72.710136,19.694307],[72.702362,19.718193],[72.712357,19.741812],[72.687637,19.74736],[72.688469,19.773201],[72.69014,19.798471],[72.674026,19.818195],[72.652916,19.83264],[72.651253,19.85792],[72.676247,19.86014],[72.68264,19.887362],[72.677086,19.912361],[72.665138,19.934584],[72.685417,19.949583],[72.704582,19.965694],[72.728752,19.959305],[72.749863,19.94264],[72.732918,19.96125],[72.720139,19.983473],[72.719864,20.008472],[72.715416,20.034031],[72.710411,20.060419],[72.724861,20.080971],[72.734306,20.104584],[72.73764,20.132641],[72.774529,20.1308],[72.801849,20.125019],[72.805367,20.15003],[72.832298,20.14402],[72.833618,20.183571],[72.850288,20.207941],[72.871887,20.222561],[72.899841,20.22167],[72.928429,20.22337],[72.960823,20.214041],[72.975922,20.189598],[72.986237,20.16272],[72.973228,20.1308],[72.994186,20.113901],[73.008759,20.137011],[73.010208,20.110401],[73.031776,20.084421],[73.052811,20.067671],[73.057991,20.096731],[73.088318,20.094469],[73.111832,20.083012],[73.139542,20.08427],[73.1633,20.073111],[73.181442,20.05162],[73.198036,20.07781],[73.219116,20.0975],[73.226723,20.12258],[73.253616,20.128521],[73.28347,20.14576],[73.290657,20.17441],[73.31115,20.207211],[73.336426,20.2041],[73.361786,20.211988],[73.388519,20.206301],[73.416817,20.20031],[73.426071,20.223598],[73.421608,20.253719],[73.436203,20.27902],[73.428543,20.311911],[73.4254,20.337671],[73.414787,20.381571],[73.395508,20.39802],[73.42289,20.41433],[73.43586,20.436069],[73.449013,20.4667],[73.466698,20.4883],[73.472267,20.51405],[73.497299,20.536222],[73.485847,20.564051],[73.468559,20.58877],[73.440361,20.595119],[73.430786,20.620531],[73.411346,20.63858],[73.430359,20.660881],[73.450089,20.680759],[73.453697,20.71047],[73.480499,20.71965],[73.493362,20.6943],[73.492508,20.66843],[73.517807,20.670141],[73.544762,20.669201],[73.562943,20.64739],[73.591209,20.645111],[73.622192,20.625299],[73.632172,20.60224],[73.639496,20.577909],[73.661858,20.565741],[73.692436,20.57535],[73.719856,20.576321],[73.748207,20.56736],[73.769066,20.58717],[73.792732,20.604311],[73.825386,20.614019],[73.843109,20.644411],[73.841507,20.675138],[73.822647,20.693821],[73.863602,20.6943],[73.877281,20.721331],[73.903793,20.73064],[73.935066,20.734619],[73.947182,20.76078],[73.938118,20.789671],[73.946266,20.81867],[73.935898,20.843439],[73.92968,20.868872],[73.927322,20.899111],[73.909561,20.9214],[73.895096,20.946522],[73.915382,20.964821],[73.879189,20.986471],[73.853767,20.999111],[73.82753,20.996071],[73.807701,21.022558],[73.774857,21.01045],[73.766068,21.040051],[73.742188,21.0555],[73.744133,21.081671],[73.749466,21.10774],[73.714783,21.107191],[73.689377,21.105989],[73.659943,21.108379],[73.638023,21.12171],[73.618851,21.144173],[73.592293,21.152941],[73.606918,21.178461],[73.637451,21.153139],[73.671509,21.14514],[73.698242,21.15011],[73.722351,21.13924],[73.746033,21.14761],[73.779663,21.164553],[73.802536,21.178572],[73.829178,21.182341],[73.818596,21.20857],[73.827477,21.233141],[73.832237,21.258303],[73.858406,21.269951],[73.884323,21.26263],[73.923546,21.281019],[73.948486,21.29755],[73.951958,21.330601],[73.956589,21.36161],[73.955627,21.390011],[73.98156,21.397331],[74.005478,21.411831],[74.030983,21.419161],[74.052856,21.431789],[74.058037,21.45739],[74.065987,21.481131],[74.078148,21.457811],[74.103729,21.45389],[74.126976,21.463202],[74.150566,21.45389],[74.175072,21.46274],[74.200912,21.4597],[74.223022,21.471783],[74.247696,21.4631],[74.270287,21.47525],[74.296097,21.47788],[74.318703,21.49217],[74.332069,21.514021],[74.335518,21.54023],[74.314011,21.55298],[74.289169,21.55596],[74.272118,21.53702],[74.247963,21.544621],[74.223831,21.53731],[74.199303,21.531939],[74.187508,21.554098],[74.163017,21.559601],[74.139107,21.551731],[74.114532,21.557831],[74.089142,21.55657],[74.063499,21.557793],[74.025558,21.55262],[73.983521,21.542042],[73.961113,21.519299],[73.936142,21.522449],[73.910477,21.52017],[73.886627,21.504681],[73.860786,21.495823],[73.845032,21.521568],[73.833763,21.55348],[73.824501,21.598289],[73.790573,21.618509],[73.808823,21.635712],[73.838547,21.63538],[73.87027,21.63879],[73.894447,21.65708],[73.896362,21.700281],[73.871231,21.721918],[73.846359,21.742001],[73.831207,21.76289],[73.844139,21.787111],[73.832108,21.81085],[73.841522,21.838501],[73.879601,21.83864],[73.899513,21.85449],[73.936363,21.86315],[73.960808,21.875992],[74.00489,21.899361],[74.035606,21.91601],[74.061623,21.928051],[74.098671,21.93763],[74.138161,21.953371],[74.163162,21.94985],[74.182732,21.93292],[74.207581,21.925718],[74.233109,21.929781],[74.258858,21.932852],[74.283897,21.93495],[74.296967,21.95631],[74.315552,21.973101],[74.340576,21.974779],[74.36235,21.9877],[74.383667,22.011751],[74.406517,22.024401],[74.435547,22.030998]]]]}},{"type":"Feature","properties":{"name":"Manipur"},"geometry":{"type":"Polygon","coordinates":[[[94.577232,25.648331],[94.57692,25.620373],[94.55957,25.59411],[94.56041,25.567989],[94.563477,25.539673],[94.557419,25.51277],[94.585007,25.49687],[94.607483,25.482441],[94.632973,25.465658],[94.658737,25.45705],[94.679657,25.442402],[94.673828,25.416201],[94.649193,25.406351],[94.63118,25.387291],[94.627609,25.36207],[94.622116,25.33676],[94.609573,25.31352],[94.598679,25.28907],[94.597168,25.256962],[94.58873,25.229879],[94.597588,25.20001],[94.622681,25.19128],[94.643547,25.176538],[94.677437,25.165001],[94.703476,25.159781],[94.728882,25.143711],[94.745689,25.11871],[94.748146,25.089899],[94.750717,25.063519],[94.742981,25.030109],[94.726097,25.00132],[94.705803,24.98357],[94.709137,24.95582],[94.701508,24.927561],[94.692093,24.899862],[94.672012,24.882191],[94.65609,24.86285],[94.637848,24.84236],[94.634789,24.81476],[94.625305,24.78603],[94.625046,24.754021],[94.611343,24.729601],[94.590988,24.71093],[94.562477,24.71833],[94.55294,24.69278],[94.54715,24.66646],[94.531487,24.632391],[94.50753,24.601549],[94.485336,24.582241],[94.459549,24.566761],[94.450157,24.54273],[94.436577,24.515949],[94.421547,24.490511],[94.40316,24.465031],[94.407486,24.431221],[94.39164,24.409691],[94.366806,24.404551],[94.386108,24.384621],[94.369362,24.36191],[94.351753,24.34201],[94.326347,24.338949],[94.328247,24.30607],[94.321777,24.275949],[94.307259,24.24864],[94.291611,24.22308],[94.284447,24.19162],[94.266502,24.172241],[94.257988,24.142948],[94.256721,24.106649],[94.254036,24.077682],[94.235222,24.058661],[94.231598,24.021481],[94.215401,23.997461],[94.194496,23.96501],[94.195969,23.937721],[94.170776,23.935093],[94.168228,23.889139],[94.161461,23.852779],[94.135147,23.846071],[94.114113,23.866631],[94.100967,23.889023],[94.075737,23.893061],[94.051117,23.900431],[94.034103,23.92211],[94.008041,23.933201],[93.981583,23.93326],[93.959969,23.94692],[93.935806,23.953371],[93.907021,23.95714],[93.881561,23.94714],[93.848633,23.93808],[93.815987,23.929829],[93.80114,23.955551],[93.779343,23.977871],[93.762222,24.004141],[93.732803,24.001808],[93.706131,24.006439],[93.677521,24.011068],[93.652443,24.01351],[93.620659,24.01424],[93.615936,23.98147],[93.592636,23.967991],[93.572449,23.98324],[93.554932,23.965219],[93.52417,23.954731],[93.495949,23.957161],[93.472206,23.97068],[93.46698,23.99931],[93.453262,24.02285],[93.432869,24.061663],[93.410507,24.081671],[93.383362,24.089321],[93.356743,24.10907],[93.334007,24.09013],[93.337349,24.06094],[93.312546,24.054131],[93.28537,24.04652],[93.255287,24.02379],[93.262329,24.05773],[93.248016,24.085339],[93.22242,24.08149],[93.216736,24.05006],[93.178383,24.054096],[93.161316,24.07756],[93.135086,24.07921],[93.119408,24.056473],[93.095207,24.08028],[93.079491,24.10297],[93.053688,24.090691],[93.030296,24.10083],[93.000687,24.115192],[92.974869,24.11702],[92.992867,24.14039],[93.005501,24.163212],[93.003098,24.194311],[93.023682,24.217569],[93.006706,24.25396],[93.008217,24.280479],[93.023918,24.300741],[93.043373,24.34339],[93.019333,24.358849],[93.024353,24.390471],[93.000496,24.403271],[93.029213,24.40634],[93.036743,24.443941],[93.048523,24.475483],[93.044327,24.5058],[93.04847,24.53091],[93.061218,24.554779],[93.078453,24.574911],[93.104477,24.582573],[93.079819,24.592501],[93.082336,24.61758],[93.084846,24.647671],[93.103302,24.67156],[93.084526,24.69787],[93.092987,24.72426],[93.101471,24.749411],[93.101326,24.778311],[93.112701,24.80221],[93.137062,24.81109],[93.152946,24.78978],[93.174423,24.803671],[93.198776,24.815041],[93.201553,24.840172],[93.214287,24.86195],[93.229088,24.88484],[93.243362,24.907501],[93.2472,24.93634],[93.26059,24.958872],[93.253258,24.98637],[93.249161,25.013161],[93.263809,25.035921],[93.284492,25.05155],[93.308929,25.058521],[93.322342,25.088381],[93.340462,25.11442],[93.351013,25.144541],[93.353073,25.181801],[93.370567,25.20359],[93.384796,25.225731],[93.394592,25.250299],[93.420708,25.26626],[93.438637,25.286551],[93.465591,25.299051],[93.483383,25.27664],[93.510788,25.275608],[93.505142,25.244131],[93.541206,25.24538],[93.570099,25.235609],[93.590286,25.21995],[93.608017,25.202051],[93.621147,25.224913],[93.638092,25.250399],[93.651367,25.273661],[93.665611,25.298429],[93.672073,25.328711],[93.691452,25.34742],[93.71804,25.361601],[93.739792,25.384418],[93.760338,25.41412],[93.780533,25.429501],[93.798363,25.453932],[93.813889,25.48473],[93.797249,25.504381],[93.769348,25.496773],[93.768181,25.525291],[93.807846,25.544519],[93.83326,25.556421],[93.862236,25.557529],[93.89196,25.56842],[93.917091,25.566721],[93.94352,25.563433],[93.972649,25.56118],[94.00061,25.573881],[94.014732,25.59613],[94.037918,25.581928],[94.064697,25.56637],[94.094963,25.54644],[94.12851,25.525881],[94.15184,25.541851],[94.179543,25.55019],[94.199249,25.52277],[94.214851,25.50024],[94.25206,25.499071],[94.279869,25.505451],[94.302643,25.494633],[94.32901,25.50835],[94.36467,25.52149],[94.388542,25.53657],[94.416809,25.541941],[94.425102,25.573],[94.437737,25.59586],[94.474037,25.621641],[94.499298,25.616503],[94.524193,25.643433],[94.551781,25.66246],[94.567993,25.692221],[94.595619,25.69128],[94.583443,25.66522],[94.577232,25.648331]]]}},{"type":"Feature","properties":{"name":"Meghalaya"},"geometry":{"type":"Polygon","coordinates":[[[91.853836,26.10479],[91.875237,26.08456],[91.869347,26.05686],[91.883232,26.030001],[91.911652,26.02383],[91.922096,25.999531],[91.94632,26.0145],[91.978172,26.02585],[92.000443,26.039181],[92.027893,26.0399],[92.052856,26.032831],[92.078827,26.04178],[92.108887,26.049711],[92.138168,26.052818],[92.16909,26.077591],[92.20182,26.070021],[92.22834,26.06764],[92.265686,26.065399],[92.290146,26.0728],[92.255722,26.028933],[92.221413,26.002251],[92.200897,25.985609],[92.176941,25.973101],[92.160759,25.951521],[92.160172,25.925961],[92.180893,25.90859],[92.207527,25.91053],[92.194962,25.881269],[92.180962,25.85136],[92.163261,25.82575],[92.153687,25.79549],[92.155968,25.764542],[92.165527,25.734449],[92.149567,25.714508],[92.160446,25.690903],[92.169762,25.666401],[92.191986,25.686321],[92.224907,25.71397],[92.253578,25.710121],[92.284607,25.71586],[92.308258,25.726151],[92.333542,25.725231],[92.362999,25.736511],[92.385101,25.753563],[92.410736,25.74313],[92.433167,25.731453],[92.431526,25.70425],[92.451286,25.686611],[92.474663,25.673311],[92.488289,25.64999],[92.501709,25.622931],[92.533249,25.61595],[92.558617,25.608952],[92.560928,25.582731],[92.572502,25.560421],[92.602592,25.557381],[92.626106,25.568029],[92.648338,25.59235],[92.660652,25.570318],[92.644966,25.5466],[92.627609,25.522211],[92.605591,25.50812],[92.581047,25.495159],[92.567413,25.46747],[92.593697,25.47101],[92.605553,25.44836],[92.60701,25.418539],[92.629303,25.434641],[92.653656,25.423941],[92.680046,25.408581],[92.700378,25.387791],[92.725433,25.38043],[92.745667,25.361139],[92.760567,25.335279],[92.788017,25.31761],[92.788826,25.29154],[92.76976,25.26893],[92.770287,25.2402],[92.79435,25.226009],[92.779572,25.20311],[92.754539,25.205372],[92.724167,25.1992],[92.693939,25.181351],[92.666908,25.177061],[92.655716,25.154131],[92.632423,25.13756],[92.610031,25.1241],[92.581688,25.13187],[92.553169,25.130711],[92.527466,25.13994],[92.533058,25.112148],[92.499107,25.108149],[92.480179,25.08584],[92.467506,25.061371],[92.459763,25.035181],[92.431923,25.032907],[92.404617,25.03618],[92.377678,25.04409],[92.348633,25.051571],[92.347832,25.078253],[92.322502,25.074421],[92.291443,25.078932],[92.261452,25.087671],[92.237427,25.098841],[92.215408,25.111691],[92.191986,25.120918],[92.16806,25.13154],[92.14563,25.144041],[92.132011,25.166868],[92.108612,25.179298],[92.083946,25.18586],[92.05645,25.18782],[92.030563,25.18207],[92.003273,25.186642],[91.979637,25.175591],[91.954742,25.183851],[91.926956,25.18631],[91.900528,25.18222],[91.873306,25.178619],[91.837448,25.182411],[91.81263,25.173771],[91.787483,25.169621],[91.761673,25.174959],[91.745338,25.152891],[91.720367,25.157282],[91.698807,25.141491],[91.672623,25.135288],[91.648239,25.123678],[91.627647,25.14006],[91.604263,25.15102],[91.61972,25.172661],[91.593117,25.173639],[91.569191,25.15943],[91.54628,25.146471],[91.513649,25.14535],[91.489723,25.136051],[91.468796,25.150009],[91.442329,25.151011],[91.421967,25.168781],[91.39505,25.167089],[91.370491,25.17524],[91.342323,25.172258],[91.31871,25.183241],[91.293388,25.18716],[91.273788,25.204308],[91.24485,25.19445],[91.215508,25.19912],[91.189972,25.197121],[91.160553,25.194427],[91.132019,25.193321],[91.104263,25.19677],[91.078598,25.196411],[91.052238,25.188499],[91.02552,25.183981],[90.99781,25.175522],[90.970451,25.17137],[90.943283,25.163359],[90.918373,25.16061],[90.885689,25.164263],[90.858353,25.155849],[90.827263,25.160921],[90.804237,25.172029],[90.778542,25.179779],[90.75473,25.164711],[90.72715,25.16267],[90.69902,25.15951],[90.673012,25.166641],[90.671143,25.194302],[90.648293,25.181971],[90.623398,25.175831],[90.596443,25.175671],[90.571472,25.171019],[90.545357,25.173681],[90.519302,25.17407],[90.496086,25.163561],[90.465103,25.15328],[90.440559,25.148251],[90.416389,25.15933],[90.386726,25.162613],[90.360306,25.176441],[90.34153,25.193501],[90.313026,25.191542],[90.286461,25.1982],[90.26123,25.20126],[90.234253,25.205601],[90.205429,25.21162],[90.174896,25.224022],[90.143196,25.225071],[90.115196,25.226921],[90.092407,25.240999],[90.067429,25.254711],[90.042999,25.26524],[90.015106,25.27833],[89.985947,25.28236],[89.971237,25.303061],[89.943718,25.30224],[89.917862,25.307421],[89.894127,25.295361],[89.867592,25.28842],[89.834267,25.29567],[89.834732,25.322998],[89.827553,25.3473],[89.823128,25.37645],[89.830299,25.40188],[89.835457,25.428551],[89.848213,25.451771],[89.85511,25.476049],[89.879959,25.48864],[89.873848,25.513561],[89.874557,25.541561],[89.904411,25.5595],[89.935837,25.56271],[89.966461,25.571701],[89.989502,25.58881],[90.017296,25.602192],[90.004539,25.623821],[89.980438,25.637569],[89.946953,25.658831],[89.936996,25.68663],[89.914276,25.704008],[89.894241,25.72724],[89.921867,25.739168],[89.94352,25.760542],[89.950813,25.791981],[89.945816,25.82023],[89.973549,25.82814],[89.997803,25.83967],[90.020767,25.86161],[90.015251,25.88862],[90.042099,25.890751],[90.058922,25.910271],[90.080727,25.924528],[90.100517,25.942068],[90.118652,25.96126],[90.147392,25.964479],[90.172653,25.95875],[90.208443,25.961573],[90.277817,25.963173],[90.324341,25.97438],[90.339317,25.996861],[90.36499,26.010321],[90.393951,26.014101],[90.416496,25.996851],[90.447113,25.996531],[90.470901,26.0126],[90.497932,26.003651],[90.513557,25.98237],[90.529839,25.961861],[90.533783,25.936293],[90.518517,25.909401],[90.546822,25.91988],[90.571373,25.93903],[90.601936,25.95178],[90.629013,25.937429],[90.607567,25.91958],[90.624809,25.898899],[90.637833,25.92333],[90.670189,25.934259],[90.713097,25.952183],[90.740288,25.95491],[90.746193,25.92193],[90.769051,25.90851],[90.791702,25.93574],[90.82045,25.948429],[90.856796,25.94433],[90.881439,25.95064],[90.901192,25.92959],[90.932068,25.939672],[90.957916,25.933943],[90.966896,25.905331],[90.996887,25.88868],[91.025681,25.88838],[91.021828,25.861332],[91.008667,25.83824],[91.041969,25.839401],[91.078537,25.852619],[91.05722,25.832043],[91.120781,25.831341],[91.145393,25.84734],[91.179016,25.842751],[91.188156,25.815571],[91.183968,25.782591],[91.188713,25.73893],[91.215866,25.723909],[91.255371,25.747829],[91.279587,25.756662],[91.296898,25.77825],[91.324989,25.82379],[91.348557,25.840351],[91.376869,25.844879],[91.401192,25.851101],[91.430847,25.847761],[91.468727,25.85903],[91.496033,25.862341],[91.519119,25.873121],[91.49369,25.865528],[91.483383,25.89106],[91.508537,25.90976],[91.531326,25.923712],[91.505577,25.91308],[91.516289,25.93833],[91.53241,25.96224],[91.55484,25.98661],[91.568596,26.01195],[91.584099,26.031981],[91.616547,26.024721],[91.633026,26.00491],[91.628021,25.976971],[91.630119,25.944639],[91.647919,25.91374],[91.675987,25.911833],[91.701973,25.937929],[91.721626,25.965078],[91.721169,26.001841],[91.724663,26.02726],[91.732956,26.051029],[91.759483,26.071293],[91.778519,26.091249],[91.801788,26.10494],[91.826553,26.118141],[91.853836,26.10479]]]}},{"type":"Feature","properties":{"name":"Mizoram"},"geometry":{"type":"Polygon","coordinates":[[[92.800797,24.41905],[92.824791,24.404181],[92.828163,24.379311],[92.851646,24.39237],[92.878197,24.39889],[92.905167,24.394451],[92.935707,24.39554],[92.970833,24.401213],[92.998047,24.401571],[93.024353,24.390471],[93.019333,24.358849],[93.043373,24.34339],[93.035233,24.318399],[93.018219,24.293159],[93.006737,24.262791],[93.018036,24.23637],[93.022293,24.21006],[93.010918,24.182213],[93.000671,24.156731],[92.98941,24.131781],[93.009682,24.109953],[93.034698,24.099241],[93.065193,24.094271],[93.089508,24.084051],[93.100929,24.056391],[93.129372,24.064081],[93.142197,24.086788],[93.169876,24.075062],[93.194008,24.056271],[93.221001,24.061371],[93.226677,24.086531],[93.263718,24.072821],[93.25238,24.033831],[93.276779,24.040211],[93.312546,24.054131],[93.338287,24.050192],[93.336922,24.023809],[93.338959,23.99589],[93.353157,23.972021],[93.364937,23.945971],[93.390976,23.934],[93.396736,23.898668],[93.396423,23.870941],[93.397057,23.840933],[93.406898,23.817148],[93.40757,23.790211],[93.405289,23.761591],[93.415398,23.73842],[93.416946,23.71213],[93.436516,23.696178],[93.433426,23.667191],[93.432716,23.618761],[93.434746,23.58884],[93.424026,23.561581],[93.427643,23.53437],[93.411163,23.51325],[93.404373,23.484989],[93.401413,23.45698],[93.397346,23.42617],[93.403908,23.401669],[93.396446,23.374029],[93.37162,23.359791],[93.379326,23.33268],[93.377647,23.306553],[93.375061,23.27457],[93.383263,23.24481],[93.394806,23.21958],[93.385262,23.187971],[93.378113,23.1635],[93.394478,23.144402],[93.376099,23.123991],[93.363083,23.100071],[93.357811,23.075394],[93.340637,23.055191],[93.329597,23.03161],[93.306168,23.013651],[93.278587,23.00564],[93.253197,23.006481],[93.231667,23.027111],[93.214058,23.049351],[93.187111,23.057152],[93.16198,23.05192],[93.136871,23.05337],[93.13163,23.0259],[93.129196,23.000769],[93.147621,22.9806],[93.151642,22.94997],[93.16172,22.924471],[93.138756,22.913179],[93.135551,22.882551],[93.12085,22.854792],[93.111221,22.828213],[93.102837,22.792143],[93.111343,22.753],[93.101921,22.727421],[93.097946,22.7013],[93.103546,22.674089],[93.1185,22.651482],[93.136353,22.62291],[93.144371,22.59886],[93.129219,22.574463],[93.116493,22.545801],[93.133659,22.519939],[93.137779,22.49509],[93.138191,22.46932],[93.156723,22.452141],[93.18219,22.438751],[93.188927,22.413511],[93.196411,22.384123],[93.197128,22.358631],[93.202667,22.33367],[93.20134,22.306101],[93.201927,22.28087],[93.196411,22.25565],[93.170937,22.249701],[93.146431,22.241112],[93.156273,22.217421],[93.166771,22.194342],[93.148392,22.17683],[93.12278,22.189041],[93.097267,22.199341],[93.072472,22.208527],[93.049133,22.199545],[93.054939,22.16543],[93.046989,22.139059],[93.066483,22.11327],[93.039177,22.104931],[93.013268,22.102211],[93.008072,22.06992],[92.999947,22.039541],[93.010376,22.01115],[93.009247,21.983931],[92.98175,22.0019],[92.966568,22.027121],[92.942108,22.018341],[92.927711,21.99589],[92.915756,21.96505],[92.901337,21.990351],[92.889427,22.018183],[92.871307,22.04665],[92.849022,22.062351],[92.825638,22.07967],[92.803329,22.102251],[92.777412,22.109791],[92.751297,22.13271],[92.732758,22.14959],[92.707977,22.153511],[92.699669,22.122391],[92.697548,22.086222],[92.686447,22.109421],[92.685509,22.081739],[92.686676,22.050011],[92.687271,22.023878],[92.663223,22.015501],[92.644699,21.99819],[92.618126,21.98138],[92.60881,22.006121],[92.604858,22.03089],[92.60498,22.057631],[92.593262,22.082163],[92.584137,22.106201],[92.570419,22.129122],[92.596481,22.13656],[92.614067,22.15513],[92.604752,22.18251],[92.600418,22.209381],[92.598267,22.238501],[92.595039,22.264961],[92.586166,22.289381],[92.587433,22.31748],[92.579491,22.347071],[92.570313,22.37709],[92.564453,22.403049],[92.559456,22.437901],[92.557487,22.463503],[92.55146,22.492161],[92.551682,22.517351],[92.544128,22.541901],[92.531906,22.563829],[92.5401,22.58844],[92.537247,22.614059],[92.533966,22.642839],[92.527382,22.66913],[92.520401,22.69533],[92.510529,22.72493],[92.488647,22.74744],[92.486526,22.772831],[92.477791,22.79833],[92.46064,22.818378],[92.46125,22.843391],[92.455391,22.86899],[92.447533,22.893591],[92.425171,22.90494],[92.402,22.919918],[92.378822,22.930922],[92.379936,22.958241],[92.383461,22.985498],[92.382553,23.013363],[92.390457,23.04183],[92.388443,23.07008],[92.374527,23.095423],[92.371399,23.12241],[92.36821,23.14797],[92.366341,23.173981],[92.363029,23.19923],[92.362976,23.225361],[92.383423,23.23991],[92.40863,23.242243],[92.397118,23.264971],[92.389038,23.288811],[92.384232,23.313471],[92.381149,23.341303],[92.375061,23.37026],[92.361061,23.39109],[92.352501,23.41477],[92.338631,23.43648],[92.332336,23.46133],[92.325638,23.485889],[92.323418,23.51132],[92.31382,23.537601],[92.31353,23.563341],[92.305862,23.591263],[92.29332,23.61483],[92.281296,23.63899],[92.292519,23.670101],[92.294167,23.6961],[92.276703,23.721062],[92.268272,23.756401],[92.263741,23.791651],[92.269478,23.81778],[92.274139,23.843611],[92.287796,23.866961],[92.315536,23.863491],[92.318993,23.88917],[92.331146,23.911802],[92.3134,23.93453],[92.311447,23.960583],[92.325523,23.983261],[92.317162,24.01763],[92.315422,24.044901],[92.323318,24.069611],[92.330193,24.095982],[92.328247,24.124592],[92.334351,24.150829],[92.329987,24.18005],[92.320198,24.2043],[92.30088,24.22204],[92.295303,24.248011],[92.376526,24.25131],[92.406837,24.25194],[92.418518,24.221649],[92.418976,24.194361],[92.434456,24.174141],[92.45063,24.14369],[92.479607,24.1409],[92.500137,24.160521],[92.525398,24.17293],[92.537819,24.19647],[92.547386,24.224409],[92.558937,24.24789],[92.588013,24.244862],[92.611588,24.253349],[92.619041,24.281321],[92.619637,24.30846],[92.626167,24.334473],[92.65184,24.330339],[92.674782,24.3498],[92.693253,24.367821],[92.70742,24.39241],[92.71814,24.41622],[92.730537,24.452751],[92.743607,24.474628],[92.754501,24.50112],[92.779137,24.4865],[92.789879,24.456079],[92.800316,24.431971],[92.800797,24.41905]]]}},{"type":"Feature","properties":{"name":"Nagaland"},"geometry":{"type":"Polygon","coordinates":[[[95.214447,26.936951],[95.233963,26.920601],[95.233856,26.890841],[95.206429,26.877871],[95.184502,26.86483],[95.204239,26.84894],[95.203552,26.82132],[95.215118,26.79838],[95.240257,26.789171],[95.224083,26.761723],[95.216141,26.735319],[95.236107,26.71221],[95.237633,26.686291],[95.219482,26.66065],[95.196999,26.64736],[95.174316,26.63418],[95.153732,26.609579],[95.154488,26.580803],[95.13855,26.560472],[95.114792,26.548],[95.113152,26.518711],[95.095993,26.49848],[95.076027,26.477661],[95.066406,26.450371],[95.096817,26.4394],[95.10582,26.41503],[95.125038,26.39547],[95.131912,26.366701],[95.127533,26.335911],[95.131233,26.307371],[95.121269,26.279371],[95.128319,26.252581],[95.133209,26.225641],[95.124672,26.196621],[95.118057,26.16894],[95.127876,26.136971],[95.120567,26.109741],[95.144226,26.10095],[95.17099,26.096783],[95.183571,26.074511],[95.165573,26.053379],[95.148911,26.01881],[95.131546,26.000101],[95.110107,25.975679],[95.088478,25.957573],[95.065498,25.94768],[95.036697,25.93507],[95.021866,25.91],[95.019028,25.88479],[95.024368,25.858471],[95.034233,25.833891],[95.049377,25.810072],[95.045502,25.782791],[95.044403,25.7533],[95.018883,25.738468],[94.998779,25.722101],[94.979919,25.701893],[94.953766,25.683441],[94.935097,25.664551],[94.926628,25.64056],[94.920906,25.614832],[94.895721,25.598],[94.90416,25.57118],[94.858551,25.563402],[94.836861,25.550489],[94.825333,25.520941],[94.812492,25.495371],[94.784523,25.490179],[94.756683,25.49202],[94.730888,25.474701],[94.702431,25.468601],[94.669762,25.45536],[94.632973,25.465658],[94.607483,25.482441],[94.585007,25.49687],[94.557419,25.51277],[94.563477,25.539673],[94.564659,25.56794],[94.55957,25.59411],[94.57692,25.620373],[94.594551,25.642651],[94.583443,25.66522],[94.596947,25.686911],[94.573013,25.697651],[94.552223,25.667412],[94.531548,25.650129],[94.514511,25.630491],[94.493416,25.61433],[94.449272,25.601089],[94.425659,25.58147],[94.425591,25.552919],[94.388542,25.53657],[94.36467,25.52149],[94.32901,25.50835],[94.302643,25.494633],[94.279869,25.505451],[94.25206,25.499071],[94.222977,25.496773],[94.199249,25.52277],[94.19487,25.552429],[94.167908,25.54701],[94.145233,25.527639],[94.106079,25.5289],[94.085953,25.559731],[94.054123,25.576759],[94.027267,25.58799],[94.007446,25.569851],[93.980469,25.571253],[93.95739,25.556751],[93.930122,25.56539],[93.904846,25.567429],[93.878372,25.561981],[93.852318,25.558649],[93.825043,25.556],[93.779488,25.53805],[93.76429,25.515482],[93.788467,25.506491],[93.813889,25.48473],[93.802429,25.460409],[93.788109,25.435881],[93.76442,25.418131],[93.741989,25.39992],[93.723106,25.375582],[93.699982,25.359423],[93.687126,25.331211],[93.666092,25.308281],[93.651619,25.27902],[93.638092,25.250399],[93.621147,25.224913],[93.608017,25.202051],[93.590286,25.21995],[93.570099,25.235609],[93.547173,25.248491],[93.520607,25.248781],[93.510788,25.275608],[93.483383,25.27664],[93.474022,25.30928],[93.45797,25.330051],[93.462318,25.35887],[93.478218,25.379883],[93.467186,25.403061],[93.461868,25.434698],[93.434959,25.454773],[93.402916,25.459183],[93.391312,25.48143],[93.371819,25.501131],[93.357567,25.52767],[93.335747,25.54541],[93.354393,25.565201],[93.376488,25.577311],[93.4002,25.596281],[93.414871,25.61664],[93.439087,25.632339],[93.465569,25.644192],[93.490723,25.653439],[93.510193,25.671021],[93.522728,25.693201],[93.544418,25.7059],[93.5467,25.73447],[93.570061,25.75174],[93.592667,25.766241],[93.62233,25.779831],[93.628998,25.804399],[93.648491,25.823971],[93.678062,25.828871],[93.697853,25.851313],[93.690903,25.889271],[93.697678,25.917068],[93.728943,25.928398],[93.752022,25.939602],[93.769547,25.957991],[93.79068,25.944191],[93.796303,25.918192],[93.791458,25.890059],[93.785286,25.86326],[93.782593,25.838221],[93.795761,25.81435],[93.81884,25.826229],[93.832741,25.856251],[93.868729,25.85541],[93.89341,25.864811],[93.913826,25.881769],[93.940193,25.900961],[93.96917,25.911423],[93.971092,25.944853],[93.956009,25.97419],[93.958977,26.002459],[93.963127,26.033352],[93.980812,26.058632],[93.986023,26.083569],[93.999573,26.108471],[93.993263,26.132818],[93.999657,26.158241],[94.013,26.186281],[94.035736,26.20319],[94.03817,26.229511],[94.052856,26.255791],[94.076019,26.269239],[94.090286,26.297131],[94.104477,26.322041],[94.135658,26.338219],[94.16452,26.33934],[94.173576,26.367579],[94.176941,26.399561],[94.176521,26.42807],[94.186546,26.46051],[94.209366,26.483723],[94.22892,26.503262],[94.252052,26.527733],[94.276741,26.55884],[94.285622,26.534092],[94.287239,26.50852],[94.293922,26.480742],[94.313477,26.465],[94.332596,26.485029],[94.353561,26.502159],[94.377617,26.513121],[94.394089,26.53264],[94.406097,26.557381],[94.414848,26.583281],[94.408577,26.609791],[94.434486,26.62538],[94.45681,26.636641],[94.46183,26.66316],[94.485748,26.6737],[94.509949,26.68343],[94.527763,26.701281],[94.554672,26.708441],[94.574692,26.691021],[94.594933,26.706551],[94.599937,26.73772],[94.621086,26.72117],[94.646217,26.72451],[94.686607,26.73259],[94.711403,26.752823],[94.736511,26.76741],[94.760033,26.776628],[94.785637,26.798571],[94.806717,26.82123],[94.821091,26.84487],[94.836456,26.86846],[94.859009,26.89328],[94.881546,26.92671],[94.908821,26.94227],[94.933601,26.93854],[94.964172,26.940641],[94.985672,26.918249],[95.016571,26.924353],[95.038048,26.93848],[95.065338,26.948191],[95.110046,26.966909],[95.126381,26.98691],[95.149483,26.99984],[95.195518,27.04295],[95.197617,27.01569],[95.195198,26.98999],[95.215042,26.970371],[95.212196,26.94335],[95.214447,26.936951]]]}},{"type":"Feature","properties":{"name":"Odisha"},"geometry":{"type":"MultiPolygon","coordinates":[[[[84.769859,19.105972],[84.769859,19.105972]],[[84.756531,19.110971],[84.756531,19.110971]],[[84.783195,19.110971],[84.77153,19.088753],[84.730217,19.089306],[84.755142,19.085421],[84.772087,19.104303],[84.783195,19.110971]],[[86.240555,19.909447],[86.240555,19.909447]],[[86.372498,19.954445],[86.372498,19.954445]],[[86.386948,19.962776],[86.386948,19.962776]],[[86.392487,19.966108],[86.392487,19.966108]],[[86.368607,19.97389],[86.368607,19.97389]],[[86.321106,19.98806],[86.321106,19.98806]],[[86.321388,19.99889],[86.321388,19.99889]],[[86.335571,19.990829],[86.335571,19.990829]],[[86.310425,20.016247],[86.310425,20.016247]],[[86.253052,20.02528],[86.253052,20.02528]],[[86.410851,20.01833],[86.410851,20.01833]],[[86.272499,20.024445],[86.272499,20.024445]],[[86.320274,20.029444],[86.320274,20.029444]],[[86.315002,20.03167],[86.315002,20.03167]],[[86.265831,20.033611],[86.265831,20.033611]],[[86.309998,20.040833],[86.309998,20.040833]],[[86.300552,20.0425],[86.300552,20.0425]],[[86.426392,20.03861],[86.426392,20.03861]],[[86.294998,20.049723],[86.294998,20.049723]],[[86.270279,20.058058],[86.290558,20.042776],[86.266388,20.03528],[86.270279,20.058058]],[[86.263351,20.05806],[86.263351,20.05806]],[[86.437225,20.059444],[86.437225,20.059444]],[[86.491112,20.149723],[86.491112,20.149723]],[[86.501663,20.17584],[86.501663,20.17584]],[[86.552971,20.205271],[86.552971,20.205271]],[[86.791664,20.373611],[86.791664,20.373611]],[[86.793907,20.37993],[86.793907,20.37993]],[[86.793053,20.384171],[86.793053,20.384171]],[[86.80278,20.420834],[86.8125,20.397778],[86.804443,20.37167],[86.801109,20.396669],[86.80278,20.420834]],[[86.789726,20.387609],[86.790558,20.412781],[86.789726,20.387609]],[[86.802727,20.459473],[86.802727,20.459473]],[[86.805275,20.491945],[86.805946,20.46689],[86.805275,20.491945]],[[86.874161,20.673611],[86.874161,20.673611]],[[86.798058,20.691942],[86.798058,20.691942]],[[87.003021,20.710791],[87.003021,20.710791]],[[87.008514,20.708122],[87.008514,20.708122]],[[87.05751,20.744358],[87.05751,20.744358]],[[87.070557,20.736214],[87.070557,20.736214]],[[87.090836,20.757521],[87.090836,20.757521]],[[86.870651,20.771778],[86.895554,20.767221],[86.92054,20.768469],[86.946114,20.766666],[86.971672,20.769745],[86.996391,20.764721],[87.006943,20.741388],[87.001663,20.716942],[86.976418,20.71419],[86.951393,20.715223],[86.92643,20.713661],[86.90419,20.701431],[86.883316,20.687315],[86.865837,20.668921],[86.871109,20.693611],[86.87722,20.719444],[86.870552,20.695278],[86.85833,20.673056],[86.84436,20.651911],[86.829788,20.672775],[86.805069,20.67668],[86.817413,20.654503],[86.793053,20.64583],[86.793053,20.670834],[86.803886,20.694445],[86.816673,20.716108],[86.823326,20.740551],[86.835831,20.765833],[86.858917,20.775698],[86.870651,20.771778]],[[86.875275,20.775833],[86.875275,20.775833]],[[86.86499,20.781111],[86.86499,20.781111]],[[86.984169,20.782223],[86.984169,20.782223]],[[86.948128,20.784571],[86.948128,20.784571]],[[86.881943,20.78861],[86.907776,20.784445],[86.932503,20.78056],[86.907776,20.774723],[86.880836,20.773056],[86.881943,20.78861]],[[87.01651,20.80283],[87.002007,20.823334],[87.01651,20.80283]],[[87.123886,21.51972],[87.123886,21.51972]],[[86.078346,22.530411],[86.091553,22.509159],[86.10733,22.484898],[86.146233,22.479141],[86.173706,22.476431],[86.202393,22.47028],[86.220383,22.449091],[86.259567,22.441271],[86.287956,22.425362],[86.309799,22.397261],[86.32534,22.373081],[86.347366,22.359001],[86.375526,22.337118],[86.401306,22.31941],[86.424698,22.30921],[86.449547,22.323063],[86.474579,22.334221],[86.499947,22.340952],[86.519577,22.32058],[86.532379,22.298191],[86.561203,22.29701],[86.585602,22.29089],[86.608513,22.278761],[86.634659,22.26915],[86.648178,22.235691],[86.673996,22.22497],[86.711472,22.21772],[86.717216,22.18557],[86.71521,22.15872],[86.739532,22.145082],[86.771538,22.14678],[86.800453,22.14592],[86.804382,22.117071],[86.831329,22.100691],[86.90876,22.08638],[86.944267,22.08198],[86.970467,22.073992],[86.987549,22.055073],[87.009422,22.041481],[87.022263,22.01207],[87.034317,21.989191],[87.020309,21.968363],[87.005547,21.940651],[87.00061,21.914381],[87.014786,21.889683],[87.030243,21.865311],[87.062103,21.860189],[87.094643,21.86034],[87.096123,21.88625],[87.101807,21.91608],[87.130913,21.918011],[87.156418,21.928909],[87.161278,21.953899],[87.188377,21.95701],[87.221191,21.953211],[87.252083,21.920973],[87.23481,21.895601],[87.24733,21.871721],[87.255272,21.84388],[87.267563,21.821491],[87.280609,21.799158],[87.306053,21.793859],[87.332703,21.787201],[87.357361,21.777241],[87.383301,21.770861],[87.412086,21.76375],[87.439308,21.76436],[87.445633,21.73793],[87.462646,21.71706],[87.469696,21.691601],[87.464912,21.65855],[87.477516,21.63176],[87.474663,21.606865],[87.452217,21.59444],[87.431389,21.580278],[87.41111,21.565281],[87.386108,21.56278],[87.363052,21.551941],[87.337219,21.552778],[87.311386,21.555],[87.28611,21.554722],[87.260513,21.553011],[87.23513,21.55064],[87.210373,21.546761],[87.185989,21.539202],[87.162453,21.530321],[87.139687,21.518616],[87.114594,21.516676],[87.099678,21.493849],[87.080276,21.477221],[87.053337,21.476944],[87.042999,21.453682],[87.022781,21.438055],[87.001945,21.424166],[86.980278,21.41],[86.963058,21.39056],[86.945267,21.372499],[86.929169,21.353058],[86.910004,21.336946],[86.893608,21.317221],[86.882767,21.29361],[86.8675,21.273611],[86.854156,21.25222],[86.848892,21.227779],[86.83667,21.205833],[86.821388,21.185282],[86.825836,21.160551],[86.826668,21.135281],[86.833611,21.11083],[86.842781,21.087221],[86.854721,21.065002],[86.868332,21.04361],[86.883614,21.022499],[86.896667,21.000551],[86.905853,20.976629],[86.912498,20.952499],[86.923058,20.929722],[86.934998,20.906666],[86.945892,20.884109],[86.959442,20.862499],[86.965752,20.837961],[86.967224,20.812223],[86.958046,20.785002],[86.933334,20.790554],[86.903053,20.7925],[86.878082,20.796108],[86.855003,20.78639],[86.832497,20.775],[86.816109,20.756109],[86.817497,20.73111],[86.802078,20.70966],[86.790558,20.68722],[86.780838,20.663061],[86.76667,20.639444],[86.756943,20.61639],[86.771667,20.636667],[86.79528,20.645],[86.81945,20.638321],[86.814682,20.662949],[86.838631,20.654819],[86.862953,20.661949],[86.88166,20.678852],[86.900185,20.695742],[86.923386,20.706263],[86.947983,20.710781],[86.972862,20.7076],[87,20.700281],[87.024933,20.702261],[87.006653,20.682642],[86.986115,20.668056],[86.963333,20.65444],[86.941948,20.64139],[86.920563,20.627781],[86.89917,20.61417],[86.877502,20.60111],[86.856667,20.586945],[86.836113,20.57222],[86.815002,20.558613],[86.793877,20.544821],[86.77861,20.525009],[86.763885,20.503613],[86.749733,20.48222],[86.735832,20.461109],[86.732216,20.436111],[86.732788,20.41083],[86.754448,20.398056],[86.779716,20.39167],[86.766113,20.370003],[86.790001,20.361111],[86.774712,20.340561],[86.755836,20.323061],[86.735558,20.308332],[86.711678,20.300558],[86.698891,20.278891],[86.676941,20.266666],[86.656197,20.2526],[86.632103,20.242889],[86.609169,20.232498],[86.58667,20.221392],[86.563057,20.2125],[86.542778,20.1975],[86.518105,20.187284],[86.493607,20.181669],[86.474167,20.165831],[86.474457,20.140751],[86.464706,20.1175],[86.484726,20.137222],[86.500275,20.156944],[86.517776,20.17584],[86.538811,20.189444],[86.520554,20.169167],[86.507233,20.147779],[86.49472,20.12583],[86.476669,20.1075],[86.462502,20.086666],[86.443687,20.069948],[86.421936,20.057501],[86.416107,20.033058],[86.411942,20.008055],[86.397499,19.98694],[86.372498,19.979998],[86.347511,19.982222],[86.33728,20.006081],[86.328186,20.02952],[86.307495,20.043728],[86.283333,20.051111],[86.260063,20.060637],[86.245003,20.040277],[86.257324,20.018333],[86.282227,20.020601],[86.306129,20.012892],[86.318336,19.99028],[86.338341,19.975281],[86.324997,19.95389],[86.345543,19.968136],[86.332001,19.94602],[86.307137,19.939171],[86.283096,19.92964],[86.2593,19.917788],[86.235832,19.909164],[86.209442,19.90472],[86.190613,19.887968],[86.1651,19.880301],[86.141113,19.872671],[86.116852,19.866556],[86.092781,19.859711],[86.068054,19.855833],[86.043335,19.851942],[86.018478,19.841606],[85.993889,19.836945],[85.968613,19.832779],[85.94416,19.827499],[85.919441,19.822222],[85.895149,19.814562],[85.870277,19.80806],[85.84552,19.801241],[85.820068,19.793125],[85.795242,19.785366],[85.771942,19.7759],[85.748055,19.768333],[85.720558,19.75889],[85.696945,19.750557],[85.672775,19.742222],[85.650558,19.730001],[85.627502,19.72028],[85.604721,19.709446],[85.581947,19.6975],[85.558891,19.687222],[85.533623,19.67557],[85.509262,19.66316],[85.486656,19.65167],[85.463608,19.64167],[85.440277,19.631945],[85.416351,19.62118],[85.392601,19.609091],[85.370277,19.5975],[85.347496,19.585001],[85.325546,19.57111],[85.303612,19.558331],[85.28167,19.54417],[85.261108,19.529442],[85.239998,19.514723],[85.219719,19.500002],[85.198326,19.48472],[85.177223,19.470001],[85.154999,19.454165],[85.133888,19.43832],[85.114433,19.422461],[85.097221,19.403889],[85.083046,19.38195],[85.06472,19.364445],[85.042221,19.352777],[85.019997,19.34],[84.997643,19.327641],[84.977356,19.312922],[84.958473,19.29653],[84.93792,19.282084],[84.919052,19.265133],[84.900406,19.24847],[84.881248,19.23222],[84.863197,19.214861],[84.845413,19.197083],[84.829025,19.177917],[84.81292,19.158751],[84.799309,19.137638],[84.783752,19.117914],[84.759026,19.11375],[84.735138,19.105972],[84.745697,19.12875],[84.722641,19.13986],[84.705696,19.12097],[84.71653,19.097921],[84.697769,19.115631],[84.706482,19.14356],[84.681412,19.14975],[84.664513,19.128151],[84.629318,19.120701],[84.594643,19.123549],[84.602936,19.096571],[84.619827,19.076509],[84.644608,19.084452],[84.664589,19.066292],[84.636833,19.05715],[84.611526,19.05373],[84.596977,19.019741],[84.573647,19.03511],[84.578117,19.062128],[84.553596,19.047409],[84.527153,19.038719],[84.50309,19.029263],[84.482063,19.009909],[84.473061,18.982641],[84.448151,18.991739],[84.422188,19.008532],[84.427963,18.982641],[84.420303,18.94936],[84.42939,18.913683],[84.4077,18.901121],[84.378456,18.893242],[84.354736,18.882931],[84.371468,18.863382],[84.344383,18.862762],[84.338066,18.83622],[84.344101,18.811941],[84.326958,18.789673],[84.300369,18.78174],[84.275337,18.787182],[84.25219,18.772482],[84.23069,18.785641],[84.203827,18.78264],[84.179817,18.76897],[84.15493,18.776011],[84.131363,18.764803],[84.10759,18.754801],[84.081779,18.74464],[84.060463,18.762671],[84.038719,18.78743],[84.015869,18.801411],[83.982323,18.800011],[83.955612,18.803061],[83.926392,18.806561],[83.901978,18.816921],[83.873917,18.817768],[83.85907,18.843012],[83.837097,18.86471],[83.841637,18.897631],[83.818451,18.90712],[83.813408,18.93358],[83.810638,18.96483],[83.791168,18.992359],[83.766403,18.997959],[83.741081,18.983891],[83.749001,18.958441],[83.765251,18.93642],[83.780067,18.907721],[83.756149,18.916691],[83.736496,18.938971],[83.727463,18.96608],[83.708801,18.983803],[83.723251,19.0119],[83.697021,19.016479],[83.684387,19.04393],[83.666733,19.064461],[83.657486,19.087772],[83.64473,19.113291],[83.630188,19.144791],[83.605217,19.131033],[83.596779,19.1052],[83.58445,19.079731],[83.578766,19.049789],[83.554977,19.078131],[83.551483,19.050381],[83.535789,19.03035],[83.531387,19.005421],[83.504601,19.010099],[83.510086,19.036173],[83.505386,19.064772],[83.480438,19.066481],[83.456703,19.05611],[83.477356,19.025518],[83.474602,19.000313],[83.448517,18.999632],[83.458313,18.972471],[83.455482,18.94558],[83.432922,18.961399],[83.408783,18.979891],[83.388756,19.000019],[83.362328,18.99473],[83.340912,19.009163],[83.325378,18.98881],[83.313347,18.966631],[83.328888,18.946821],[83.32901,18.916908],[83.344803,18.94525],[83.367416,18.933491],[83.356499,18.90481],[83.383911,18.899691],[83.385391,18.873262],[83.411339,18.859341],[83.398712,18.833529],[83.37635,18.821951],[83.350113,18.821638],[83.337616,18.7957],[83.304222,18.79887],[83.279503,18.7896],[83.271713,18.76318],[83.245087,18.758089],[83.221031,18.765871],[83.214462,18.7372],[83.185371,18.744143],[83.156227,18.757311],[83.132957,18.772449],[83.11219,18.75828],[83.099213,18.726891],[83.077881,18.705339],[83.055847,18.667141],[83.036163,18.64769],[83.011543,18.63903],[83.021263,18.610451],[83.008041,18.588421],[83.037819,18.588713],[83.025459,18.564301],[83.045097,18.53933],[83.07148,18.542492],[83.073158,18.51474],[83.055176,18.488123],[83.037018,18.463131],[83.016449,18.44768],[83.039009,18.432041],[83.062088,18.420881],[83.063736,18.39571],[83.03952,18.370081],[83.017181,18.384501],[82.992867,18.374821],[82.976448,18.354912],[82.948166,18.35206],[82.920059,18.359739],[82.891861,18.36688],[82.890953,18.39222],[82.879356,18.41464],[82.848633,18.415009],[82.824173,18.42992],[82.799171,18.439402],[82.776222,18.419691],[82.793297,18.39497],[82.780968,18.37252],[82.771439,18.33968],[82.750648,18.323299],[82.725311,18.311571],[82.7005,18.299789],[82.6754,18.29237],[82.652229,18.272141],[82.647583,18.244732],[82.626877,18.228741],[82.609482,18.24925],[82.58725,18.265779],[82.59095,18.29196],[82.588638,18.31848],[82.599152,18.342421],[82.60051,18.36871],[82.575562,18.379869],[82.549446,18.383511],[82.535912,18.408319],[82.551071,18.433901],[82.526703,18.447309],[82.521011,18.47237],[82.523903,18.49929],[82.49881,18.503271],[82.475739,18.529408],[82.453423,18.517021],[82.437126,18.497301],[82.420326,18.469881],[82.397377,18.451601],[82.380653,18.42643],[82.36129,18.40991],[82.375237,18.38306],[82.379707,18.35743],[82.356567,18.33357],[82.334442,18.317133],[82.357971,18.308241],[82.380493,18.319311],[82.385406,18.289091],[82.367058,18.270941],[82.336899,18.266241],[82.332039,18.240129],[82.319733,18.20104],[82.310303,18.174603],[82.333023,18.16342],[82.358978,18.149139],[82.333366,18.14238],[82.332489,18.10705],[82.343163,18.082479],[82.336929,18.049101],[82.31321,18.034758],[82.292809,18.054333],[82.266953,18.048271],[82.268936,18.019939],[82.268852,17.991989],[82.241707,17.979761],[82.218178,17.99419],[82.196922,18.00869],[82.173149,18.025593],[82.147308,18.040421],[82.119316,18.051201],[82.092361,18.052761],[82.064407,18.058371],[82.032639,18.05171],[82.006638,18.049198],[82.001686,18.023661],[81.973053,18.005671],[81.951767,17.9921],[81.924713,17.980881],[81.899277,17.96855],[81.874138,17.959841],[81.846817,17.9508],[81.819801,17.945461],[81.794052,17.929661],[81.775749,17.90477],[81.726318,17.8741],[81.703171,17.86113],[81.688286,17.8848],[81.663063,17.87693],[81.646019,17.85627],[81.631439,17.830441],[81.611153,17.815363],[81.574867,17.827341],[81.525726,17.810871],[81.496323,17.806471],[81.472717,17.81789],[81.437569,17.81529],[81.409256,17.804838],[81.383102,17.81414],[81.397369,17.843641],[81.390503,17.87429],[81.423126,17.87742],[81.443703,17.89323],[81.444458,17.9221],[81.454796,17.94656],[81.473259,17.965321],[81.477676,17.993511],[81.477501,18.019993],[81.481499,18.049923],[81.49601,18.0707],[81.508659,18.092411],[81.511879,18.12923],[81.522606,18.15727],[81.505249,18.17779],[81.522873,18.227371],[81.527962,18.259081],[81.567596,18.273211],[81.586243,18.292158],[81.615883,18.30084],[81.646759,18.311501],[81.652809,18.336679],[81.680786,18.34103],[81.717506,18.343201],[81.744911,18.34535],[81.755547,18.38625],[81.7621,18.41131],[81.797569,18.43976],[81.828926,18.46895],[81.849586,18.48905],[81.857941,18.51306],[81.882599,18.529181],[81.899757,18.549042],[81.925453,18.55768],[81.945763,18.574911],[81.929718,18.59639],[81.899933,18.61961],[81.890007,18.643471],[81.915527,18.63582],[81.947441,18.62882],[81.947388,18.65571],[81.955078,18.680229],[81.976036,18.695148],[82.009987,18.7106],[82.033737,18.7188],[82.057991,18.712511],[82.0849,18.732691],[82.084709,18.7584],[82.113922,18.76066],[82.138977,18.769541],[82.159218,18.788111],[82.16494,18.83021],[82.161263,18.85774],[82.170769,18.89159],[82.198738,18.90554],[82.224861,18.909248],[82.226662,18.99398],[82.222481,19.021111],[82.194092,19.060221],[82.211227,19.085758],[82.2015,19.115763],[82.176239,19.125061],[82.165001,19.15045],[82.174599,19.17358],[82.158043,19.193178],[82.151649,19.22357],[82.150993,19.258423],[82.168533,19.290661],[82.173683,19.316301],[82.157227,19.34284],[82.140831,19.361919],[82.166367,19.365931],[82.177773,19.405573],[82.170456,19.429491],[82.134102,19.424828],[82.106796,19.443071],[82.10183,19.47366],[82.092079,19.50984],[82.059792,19.503641],[82.022392,19.501802],[82.041023,19.525702],[82.040421,19.55221],[82.037796,19.57719],[82.045059,19.60165],[82.050827,19.63162],[82.047668,19.662689],[82.038483,19.69278],[82.042557,19.723131],[82.057198,19.75341],[82.059387,19.779039],[82.034943,19.79266],[82.008186,19.79657],[81.980148,19.79578],[81.961456,19.824432],[81.960373,19.854738],[81.924477,19.868723],[81.898056,19.878519],[81.869247,19.892811],[81.84581,19.914862],[81.846512,19.941441],[81.846893,19.97036],[81.851616,19.996059],[81.860168,20.023361],[81.873756,20.046181],[81.901428,20.05912],[81.921883,20.086948],[81.944206,20.101603],[81.973572,20.075611],[81.986603,20.052073],[82.012703,20.041031],[82.024406,20.01004],[82.048973,20.03524],[82.076302,20.044041],[82.09523,20.0268],[82.116096,20.010401],[82.148346,20.003],[82.175781,19.985531],[82.204292,19.980339],[82.22438,19.995871],[82.252716,19.976479],[82.269463,19.94525],[82.283333,19.91807],[82.298233,19.883461],[82.317947,19.859159],[82.339447,19.829962],[82.357361,19.849501],[82.377983,19.86869],[82.400406,19.888809],[82.424927,19.89761],[82.458351,19.89465],[82.486923,19.89653],[82.512413,19.884121],[82.536362,19.87689],[82.56675,19.871721],[82.593498,19.86454],[82.581497,19.84049],[82.571838,19.80761],[82.577911,19.779591],[82.603279,19.78355],[82.627342,19.79615],[82.645737,19.825371],[82.683319,19.823721],[82.705887,19.838091],[82.71386,19.862091],[82.70269,19.885841],[82.705879,19.91123],[82.710617,19.93947],[82.71093,19.983261],[82.686447,19.994631],[82.650482,19.999401],[82.623581,19.997641],[82.598366,19.98564],[82.575943,19.998953],[82.543617,20.012131],[82.502129,20.013531],[82.475906,20.03005],[82.441429,20.035353],[82.417137,20.045349],[82.390862,20.059589],[82.394669,20.089161],[82.390739,20.119051],[82.378929,20.14463],[82.390488,20.167313],[82.407631,20.194099],[82.408188,20.220631],[82.405373,20.255873],[82.428047,20.27861],[82.42244,20.30966],[82.400459,20.324671],[82.397942,20.35586],[82.410606,20.382471],[82.424286,20.410151],[82.425652,20.436319],[82.4161,20.466181],[82.388092,20.452511],[82.383751,20.48266],[82.381317,20.507771],[82.348793,20.52293],[82.327759,20.549271],[82.342529,20.57522],[82.348,20.601641],[82.366333,20.620251],[82.362251,20.650471],[82.354286,20.675041],[82.3433,20.698853],[82.339409,20.72583],[82.335129,20.758518],[82.338791,20.790171],[82.333107,20.819691],[82.336876,20.849253],[82.346619,20.883848],[82.368011,20.8641],[82.401413,20.862431],[82.405632,20.83721],[82.436501,20.829531],[82.462463,20.827579],[82.481926,20.85531],[82.483139,20.899658],[82.513443,20.917219],[82.535851,20.929522],[82.566513,20.967001],[82.582077,20.986778],[82.604446,21.005873],[82.622307,21.03657],[82.609123,21.063921],[82.631836,21.08696],[82.6371,21.11162],[82.632797,21.14266],[82.662048,21.150751],[82.691963,21.156851],[82.721153,21.158941],[82.752296,21.15974],[82.782089,21.14102],[82.806847,21.156641],[82.839996,21.163361],[82.868828,21.15975],[82.895142,21.159821],[82.921928,21.158211],[82.948997,21.169771],[82.971611,21.156311],[82.999123,21.14814],[83.029541,21.131323],[83.051399,21.11717],[83.081566,21.106701],[83.108276,21.1077],[83.134003,21.10523],[83.153397,21.125771],[83.182976,21.13205],[83.193733,21.157652],[83.205208,21.18404],[83.215363,21.21549],[83.214142,21.25087],[83.242447,21.27644],[83.267677,21.268578],[83.272682,21.296131],[83.254211,21.31959],[83.26609,21.34543],[83.27002,21.375038],[83.301643,21.36784],[83.334602,21.355791],[83.374817,21.33996],[83.402657,21.348431],[83.393089,21.383211],[83.381409,21.409578],[83.37014,21.4361],[83.347328,21.455141],[83.342056,21.485331],[83.348969,21.515961],[83.365776,21.549681],[83.368187,21.597071],[83.386833,21.61536],[83.408623,21.634201],[83.441231,21.649273],[83.441338,21.618092],[83.462967,21.605511],[83.476563,21.627293],[83.440773,21.65517],[83.419746,21.67502],[83.440796,21.69339],[83.466927,21.710569],[83.479866,21.73414],[83.47789,21.764591],[83.484047,21.79434],[83.514122,21.7978],[83.5364,21.81835],[83.557457,21.83441],[83.584473,21.843601],[83.571518,21.87187],[83.583199,21.89407],[83.587769,21.926121],[83.55336,21.93218],[83.535172,21.963501],[83.540833,21.993233],[83.533997,22.02228],[83.538368,22.05538],[83.565628,22.056789],[83.590569,22.059341],[83.5737,22.0888],[83.565758,22.11285],[83.592537,22.13998],[83.611839,22.177141],[83.626282,22.205858],[83.645752,22.224588],[83.672737,22.237438],[83.700432,22.24588],[83.745651,22.24122],[83.765839,22.25602],[83.788628,22.280251],[83.815987,22.291203],[83.822487,22.315638],[83.84758,22.330839],[83.871948,22.33893],[83.896973,22.339689],[83.915543,22.359671],[83.943237,22.358459],[83.978203,22.365108],[84.004211,22.367661],[84.009949,22.39609],[84.025993,22.41909],[84.039513,22.448723],[84.023827,22.470711],[83.997078,22.490761],[83.973846,22.509138],[83.992981,22.527378],[84.01915,22.52107],[84.050659,22.51236],[84.07164,22.49419],[84.099876,22.480339],[84.12558,22.473593],[84.135223,22.449051],[84.13588,22.420683],[84.152489,22.40093],[84.175163,22.388941],[84.194107,22.371811],[84.226128,22.374121],[84.251411,22.370411],[84.266167,22.34783],[84.289223,22.33732],[84.314613,22.338921],[84.344963,22.344049],[84.372002,22.349051],[84.419113,22.350771],[84.442078,22.37302],[84.472809,22.38269],[84.501793,22.415319],[84.526627,22.420021],[84.572159,22.423012],[84.613647,22.42758],[84.661606,22.413919],[84.69149,22.412512],[84.726143,22.416641],[84.752693,22.442013],[84.778053,22.443541],[84.807793,22.446861],[84.828423,22.429171],[84.855347,22.431978],[84.8815,22.42944],[84.907707,22.41964],[84.931366,22.43965],[84.957283,22.441858],[84.994133,22.458271],[85.021576,22.46711],[85.046722,22.47739],[85.073196,22.47287],[85.060486,22.449511],[85.06369,22.423222],[85.080681,22.39546],[85.077881,22.36916],[85.082161,22.34133],[85.087959,22.314081],[85.114037,22.314213],[85.10836,22.289473],[85.082352,22.277708],[85.074318,22.25094],[85.062538,22.21616],[85.046921,22.185793],[85.033226,22.160843],[85.027351,22.122561],[84.993629,22.097948],[85.019951,22.103371],[85.0439,22.110701],[85.06945,22.107128],[85.095436,22.099451],[85.110283,22.075863],[85.135063,22.07114],[85.158966,22.06192],[85.183456,22.05493],[85.210747,22.04318],[85.213837,22.016281],[85.241058,22.01252],[85.256096,22.042459],[85.269951,22.06896],[85.287422,22.09318],[85.3097,22.11339],[85.338501,22.12472],[85.362923,22.14658],[85.39035,22.15513],[85.417816,22.153358],[85.457008,22.135771],[85.479401,22.121771],[85.505676,22.11146],[85.52874,22.098761],[85.554337,22.09082],[85.582237,22.08099],[85.607323,22.081791],[85.636391,22.08577],[85.664726,22.06657],[85.687881,22.05608],[85.71756,22.05773],[85.746063,22.06988],[85.765022,22.088209],[85.790916,22.100389],[85.815422,22.092821],[85.796761,22.074501],[85.770332,22.051283],[85.772171,22.0247],[85.760521,21.996941],[85.780502,21.981041],[85.812653,21.980961],[85.840416,21.97648],[85.871323,21.974751],[85.902847,21.966591],[85.913063,21.996651],[85.928772,22.01936],[85.951538,22.031639],[85.96331,22.054428],[85.977386,22.076738],[85.992599,22.10025],[85.994629,22.131781],[86.011406,22.15766],[86.026718,22.185223],[85.992836,22.215483],[85.977791,22.23555],[85.985191,22.267208],[86.008499,22.292671],[86.039963,22.303551],[86.011398,22.309391],[86.014,22.334501],[86.016861,22.36223],[86.019066,22.390661],[86.012047,22.41473],[85.982132,22.428989],[85.961403,22.4527],[85.960793,22.478619],[85.980713,22.509741],[86.008682,22.518551],[86.028267,22.53433],[86.03849,22.563589],[86.061829,22.54851],[86.078346,22.530411]]]]}},{"type":"Feature","properties":{"name":"Puducherry"},"geometry":{"type":"MultiPolygon","coordinates":[[[[79.844856,10.826532],[79.844856,10.826532]],[[79.748238,10.981531],[79.774353,10.977242],[79.801453,10.986212],[79.834457,10.97682],[79.85347,10.959861],[79.853752,10.932361],[79.852081,10.907361],[79.850983,10.881532],[79.852348,10.854032],[79.852081,10.82763],[79.828178,10.819029],[79.80307,10.83369],[79.797272,10.858091],[79.775627,10.875781],[79.749199,10.88942],[79.725571,10.903589],[79.704231,10.918871],[79.719193,10.940541],[79.745537,10.94334],[79.73819,10.969319],[79.748238,10.981531]],[[79.690483,12.001121],[79.705849,11.97737],[79.73468,11.994311],[79.752441,11.97613],[79.726921,11.962492],[79.733566,11.9373],[79.736588,11.91021],[79.758141,11.930401],[79.778793,11.946401],[79.797913,11.963522],[79.814201,11.940621],[79.835419,11.927361],[79.819862,11.90764],[79.824028,11.882916],[79.79792,11.882642],[79.81958,11.869861],[79.810417,11.846529],[79.804031,11.822083],[79.781761,11.840271],[79.760437,11.823031],[79.755737,11.85047],[79.72776,11.832339],[79.706688,11.84709],[79.695732,11.87338],[79.670906,11.869831],[79.679832,11.89345],[79.701736,11.87655],[79.724899,11.89151],[79.704079,11.912991],[79.6782,11.936532],[79.701553,11.952181],[79.68998,11.97564],[79.665359,11.967522],[79.644287,11.986272],[79.663261,12.006381],[79.691559,12.017441],[79.690483,12.001121]],[[75.374603,12.14908],[75.399826,12.140501],[75.379303,12.12214],[75.355301,12.109361],[75.329987,12.10259],[75.309166,12.07844],[75.30481,12.052921],[75.299309,12.02819],[75.274017,12.02597],[75.263474,12.002917],[75.282356,11.986252],[75.294029,11.963752],[75.273193,11.977641],[75.257637,11.99764],[75.240417,12.015971],[75.227356,12.044301],[75.224243,12.074381],[75.22113,12.100951],[75.247391,12.103691],[75.274529,12.100261],[75.310677,12.124732],[75.331123,12.145151],[75.363609,12.13497],[75.374603,12.14908]],[[82.265686,16.702921],[82.265686,16.702921]],[[82.210968,16.72794],[82.244949,16.71896],[82.280701,16.72275],[82.255974,16.716806],[82.257362,16.691528],[82.227409,16.704651],[82.20253,16.707691],[82.174637,16.725109],[82.20723,16.74371],[82.210968,16.72794]]]]}},{"type":"Feature","properties":{"name":"Punjab"},"geometry":{"type":"Polygon","coordinates":[[[75.868767,32.488682],[75.895416,32.461861],[75.924438,32.43898],[75.925926,32.411781],[75.871933,32.398449],[75.84388,32.379311],[75.818871,32.35503],[75.799278,32.337372],[75.763367,32.302151],[75.736397,32.273762],[75.70488,32.267239],[75.675842,32.264019],[75.640923,32.247379],[75.621773,32.23003],[75.618332,32.197021],[75.64959,32.179691],[75.655479,32.146061],[75.631203,32.119499],[75.610558,32.099609],[75.578758,32.08168],[75.598526,32.06601],[75.62532,32.07267],[75.673103,32.066921],[75.700409,32.043591],[75.733978,32.037331],[75.753807,32.019882],[75.7743,32.00079],[75.805603,31.98502],[75.836372,31.981649],[75.866173,31.968821],[75.894547,31.9498],[75.912689,31.916578],[75.92617,31.889791],[75.9384,31.867889],[75.953583,31.839951],[75.970917,31.81921],[75.936073,31.81826],[75.935822,31.789749],[75.951897,31.76302],[75.961006,31.736773],[75.977371,31.705],[75.992149,31.684521],[76.003922,31.656891],[76.017601,31.621672],[76.039978,31.608459],[76.051506,31.581791],[76.066017,31.560518],[76.084,31.537182],[76.094551,31.51421],[76.107956,31.48221],[76.121277,31.460979],[76.135078,31.43751],[76.153496,31.414013],[76.138626,31.38686],[76.135033,31.361759],[76.158066,31.346941],[76.168457,31.314121],[76.206398,31.305262],[76.244141,31.313711],[76.26841,31.306601],[76.296097,31.319201],[76.315796,31.3475],[76.329582,31.379519],[76.315842,31.402378],[76.346893,31.40571],[76.356773,31.429609],[76.38163,31.41062],[76.391052,31.378632],[76.408836,31.353748],[76.428017,31.32518],[76.448273,31.30599],[76.428497,31.28923],[76.46209,31.30681],[76.483208,31.284271],[76.51091,31.282619],[76.53717,31.283951],[76.53495,31.25535],[76.570503,31.280149],[76.601616,31.25091],[76.582527,31.230949],[76.616257,31.229441],[76.635422,31.21298],[76.612213,31.202641],[76.590393,31.182859],[76.590073,31.157269],[76.589317,31.127701],[76.615593,31.12158],[76.611847,31.09639],[76.609528,31.060671],[76.605186,31.03352],[76.610069,31.00423],[76.633347,30.990723],[76.662636,30.97113],[76.694237,30.97249],[76.724136,30.950583],[76.74382,30.929041],[76.769859,30.906391],[76.769043,30.87653],[76.801216,30.842522],[76.827751,30.832569],[76.833511,30.804571],[76.830818,30.767933],[76.801453,30.76277],[76.775566,30.776051],[76.759338,30.79904],[76.735153,30.783001],[76.707863,30.770109],[76.690681,30.74666],[76.711159,30.73229],[76.725456,30.70999],[76.745033,30.690458],[76.770691,30.67794],[76.794373,30.669319],[76.819809,30.685829],[76.818817,30.660591],[76.849838,30.66486],[76.858582,30.640631],[76.883606,30.62709],[76.901543,30.60841],[76.904533,30.58057],[76.902237,30.551041],[76.914299,30.52655],[76.915909,30.49942],[76.888916,30.484589],[76.895187,30.455568],[76.90168,30.428329],[76.909256,30.403271],[76.903488,30.36751],[76.876442,30.363338],[76.874413,30.391281],[76.847267,30.4149],[76.823143,30.422548],[76.797287,30.415121],[76.770821,30.418301],[76.737862,30.42487],[76.712891,30.398243],[76.708939,30.36817],[76.735016,30.36491],[76.715157,30.339901],[76.688469,30.325981],[76.66243,30.299551],[76.626297,30.28393],[76.58094,30.269871],[76.547638,30.264921],[76.542198,30.23638],[76.569046,30.25135],[76.595909,30.24394],[76.606277,30.220011],[76.63282,30.210011],[76.639252,30.185211],[76.62764,30.155107],[76.625206,30.121031],[76.619476,30.095362],[76.598778,30.0797],[76.574783,30.089958],[76.533638,30.082781],[76.501122,30.07663],[76.48349,30.09956],[76.452087,30.10071],[76.44619,30.12896],[76.426041,30.14756],[76.429008,30.172991],[76.420006,30.19788],[76.391006,30.192251],[76.401642,30.157728],[76.388451,30.133968],[76.363747,30.127541],[76.348343,30.15052],[76.337906,30.11585],[76.312752,30.108513],[76.286362,30.116821],[76.25116,30.118999],[76.231918,30.13678],[76.21225,30.15461],[76.190552,30.13863],[76.210587,30.121611],[76.233078,30.108221],[76.231163,30.08226],[76.21682,30.06155],[76.201111,30.041641],[76.191566,30.01823],[76.195778,29.990499],[76.203453,29.952068],[76.178909,29.946268],[76.183586,29.915718],[76.184639,29.88858],[76.216949,29.88386],[76.242012,29.869028],[76.215828,29.85471],[76.189362,29.840471],[76.166656,29.818321],[76.139267,29.816763],[76.116386,29.7964],[76.094383,29.811562],[76.075439,29.787901],[76.041481,29.748781],[76.011276,29.752821],[75.980003,29.73617],[75.950089,29.733912],[75.923149,29.734911],[75.897232,29.755529],[75.872017,29.75012],[75.854591,29.769661],[75.833389,29.790661],[75.819977,29.81538],[75.796051,29.807121],[75.772438,29.824671],[75.748398,29.81212],[75.709877,29.81226],[75.697449,29.755211],[75.666168,29.772701],[75.640877,29.771111],[75.62262,29.75362],[75.592743,29.749151],[75.563087,29.74424],[75.544182,29.771761],[75.511711,29.76005],[75.444267,29.80785],[75.434639,29.780281],[75.409996,29.77532],[75.396797,29.748671],[75.382187,29.727058],[75.358559,29.705761],[75.33535,29.69385],[75.349327,29.66564],[75.322609,29.672409],[75.311699,29.64876],[75.287857,29.619768],[75.302032,29.59199],[75.290649,29.561762],[75.254539,29.55418],[75.22348,29.546171],[75.217888,29.578461],[75.221237,29.60655],[75.199371,29.62269],[75.17334,29.630081],[75.162758,29.65803],[75.179863,29.678303],[75.19767,29.69647],[75.193687,29.725201],[75.221367,29.73307],[75.223282,29.763538],[75.212387,29.78652],[75.197777,29.81344],[75.182343,29.838701],[75.159958,29.823641],[75.148949,29.79612],[75.124916,29.80562],[75.095528,29.80435],[75.107117,29.82653],[75.085747,29.84481],[75.100586,29.867889],[75.102676,29.89702],[75.084801,29.91514],[75.070007,29.893351],[75.051758,29.874861],[75.023483,29.872869],[74.99411,29.863201],[74.969467,29.880671],[74.943176,29.902538],[74.928596,29.929161],[74.894379,29.939442],[74.881493,29.968349],[74.849632,29.959129],[74.821388,29.973051],[74.801178,29.992573],[74.775993,29.9744],[74.750717,29.97123],[74.724007,29.961861],[74.697372,29.971149],[74.680962,29.94919],[74.648926,29.930929],[74.646973,29.904671],[74.622017,29.90778],[74.5858,29.914761],[74.561836,29.92931],[74.530243,29.944971],[74.466606,29.944679],[74.42807,29.949541],[74.372452,29.95002],[74.32151,29.95396],[74.28997,29.956261],[74.260307,29.955669],[74.223801,29.959711],[74.185966,29.960381],[74.154449,29.963291],[74.083328,29.967373],[74.002747,29.97006],[73.976463,29.96911],[73.932953,29.970741],[73.891182,29.97007],[73.881126,29.996281],[73.892616,30.03853],[73.908546,30.06011],[73.931526,30.083811],[73.949989,30.109791],[73.961182,30.13423],[73.963371,30.171829],[73.9646,30.224461],[73.959846,30.255173],[73.944489,30.281832],[73.932098,30.30533],[73.916206,30.32501],[73.899803,30.344921],[73.878746,30.358978],[73.873215,30.383438],[73.893524,30.402313],[73.920166,30.420141],[73.93663,30.442984],[73.962677,30.457607],[73.972733,30.488132],[73.999779,30.51088],[74.025612,30.525375],[74.055702,30.522011],[74.079964,30.533051],[74.069328,30.556011],[74.089996,30.57172],[74.092049,30.598131],[74.111488,30.614988],[74.134911,30.628801],[74.178741,30.655722],[74.208183,30.688269],[74.227249,30.714073],[74.254005,30.723045],[74.279663,30.729364],[74.266289,30.76244],[74.29113,30.778412],[74.294586,30.810221],[74.310478,30.834681],[74.331146,30.848989],[74.358757,30.845903],[74.362213,30.872419],[74.382721,30.891668],[74.412926,30.906342],[74.42762,30.933277],[74.46434,30.96155],[74.489632,30.969704],[74.514351,30.984871],[74.538116,30.993542],[74.538002,31.03167],[74.553108,31.06089],[74.592499,31.052042],[74.622513,31.047022],[74.648926,31.053181],[74.67379,31.063589],[74.684227,31.086411],[74.690613,31.114481],[74.668922,31.130388],[74.639839,31.1301],[74.614746,31.136002],[74.597969,31.115419],[74.592796,31.087408],[74.565819,31.084341],[74.545197,31.09915],[74.536346,31.125061],[74.506157,31.135799],[74.50383,31.165001],[74.507767,31.19289],[74.513817,31.217501],[74.521812,31.24666],[74.511116,31.272331],[74.524666,31.294701],[74.551872,31.298454],[74.56752,31.334806],[74.594574,31.397095],[74.624313,31.422689],[74.63633,31.452238],[74.620743,31.47798],[74.601753,31.495743],[74.575127,31.49659],[74.579376,31.523821],[74.602692,31.53327],[74.602341,31.558931],[74.592606,31.592312],[74.578499,31.623405],[74.562546,31.648575],[74.541489,31.680729],[74.519783,31.717688],[74.518044,31.745201],[74.545456,31.75049],[74.544029,31.77643],[74.557632,31.807821],[74.564667,31.832438],[74.582291,31.855053],[74.595932,31.87718],[74.62262,31.88135],[74.644249,31.896961],[74.659866,31.91823],[74.684708,31.9231],[74.709198,31.957949],[74.735916,31.937389],[74.759483,31.946199],[74.783653,31.95546],[74.809143,31.955139],[74.819901,31.978121],[74.827782,32.005131],[74.852348,32.021889],[74.862251,32.045109],[74.897301,32.049419],[74.925926,32.065651],[74.96032,32.055031],[74.986916,32.035027],[75.023026,32.039047],[75.05085,32.041309],[75.072586,32.059589],[75.097473,32.070339],[75.12001,32.083172],[75.151917,32.08046],[75.180916,32.08218],[75.193207,32.114639],[75.22271,32.11253],[75.22776,32.084557],[75.271973,32.112751],[75.283264,32.14217],[75.309402,32.15461],[75.317192,32.192806],[75.317741,32.218132],[75.34333,32.218502],[75.363152,32.23468],[75.359573,32.25951],[75.349388,32.283951],[75.334328,32.304367],[75.330421,32.331711],[75.359192,32.334919],[75.385956,32.32769],[75.414993,32.324272],[75.448593,32.331322],[75.472237,32.34005],[75.47142,32.314651],[75.490021,32.287979],[75.515823,32.297989],[75.524269,32.34005],[75.545151,32.360821],[75.592636,32.381699],[75.636978,32.387379],[75.662743,32.393509],[75.698227,32.409531],[75.719749,32.430321],[75.735321,32.454689],[75.75296,32.475239],[75.77887,32.47504],[75.804337,32.487061],[75.823578,32.507641],[75.837837,32.537609],[75.856537,32.558422],[75.851387,32.521309],[75.868767,32.488682]]]}},{"type":"Feature","properties":{"name":"Rajasthan"},"geometry":{"type":"Polygon","coordinates":[[[73.889442,29.97761],[73.932953,29.970741],[73.976463,29.96911],[74.002747,29.97006],[74.069199,29.96887],[74.154449,29.963291],[74.185966,29.960381],[74.212761,29.96039],[74.240677,29.956289],[74.27903,29.95509],[74.32151,29.95396],[74.35585,29.950331],[74.403793,29.94734],[74.441978,29.947088],[74.519066,29.94335],[74.505028,29.907761],[74.533691,29.90262],[74.551796,29.87352],[74.532532,29.839281],[74.50589,29.832581],[74.480606,29.81525],[74.465263,29.78755],[74.469116,29.75824],[74.496803,29.741821],[74.525833,29.741369],[74.549332,29.754801],[74.578163,29.76696],[74.6054,29.75288],[74.603477,29.72143],[74.593872,29.691433],[74.578522,29.654753],[74.575363,29.627321],[74.570282,29.585918],[74.571747,29.55558],[74.599487,29.536869],[74.604523,29.510441],[74.590309,29.48613],[74.578911,29.45862],[74.550377,29.464479],[74.529106,29.449539],[74.541138,29.423149],[74.5644,29.41078],[74.572899,29.38645],[74.596718,29.36219],[74.595779,29.328312],[74.641823,29.3312],[74.650177,29.37237],[74.676018,29.368172],[74.711243,29.36891],[74.731697,29.353788],[74.756638,29.355961],[74.785782,29.370541],[74.809547,29.398479],[74.835106,29.40148],[74.863937,29.396351],[74.888481,29.386671],[74.910217,29.371153],[74.935921,29.33795],[74.945847,29.311028],[74.95311,29.28194],[74.982918,29.278261],[75.023857,29.291531],[75.050476,29.2724],[75.065323,29.246611],[75.092506,29.229113],[75.113747,29.242901],[75.147476,29.24585],[75.179993,29.26862],[75.195313,29.244221],[75.223457,29.234951],[75.249466,29.25646],[75.276718,29.273451],[75.308578,29.288918],[75.323181,29.251751],[75.334541,29.22883],[75.357979,29.25461],[75.387978,29.264353],[75.399368,29.240271],[75.396461,29.213421],[75.394386,29.174271],[75.368958,29.169958],[75.361153,29.14262],[75.385086,29.134161],[75.381302,29.10257],[75.380653,29.07032],[75.43026,29.06472],[75.440559,29.041521],[75.434738,29.016541],[75.473427,29.020201],[75.505119,29.01515],[75.515251,28.991051],[75.508919,28.965738],[75.497566,28.941488],[75.468887,28.93799],[75.484627,28.901661],[75.487991,28.85965],[75.510498,28.84342],[75.508789,28.81529],[75.498543,28.787661],[75.521957,28.756151],[75.531487,28.717291],[75.535477,28.688391],[75.537933,28.661289],[75.55571,28.614592],[75.584953,28.60638],[75.61805,28.602209],[75.625259,28.55851],[75.653557,28.540571],[75.671097,28.51693],[75.690079,28.4991],[75.723953,28.491293],[75.747139,28.469379],[75.778229,28.457611],[75.776833,28.430471],[75.78759,28.404442],[75.816711,28.411501],[75.841202,28.39728],[75.872131,28.39085],[75.897133,28.380081],[75.922379,28.36891],[75.956306,28.338371],[75.974709,28.315861],[75.991241,28.295191],[76.018723,28.280958],[76.007401,28.253153],[76.02578,28.23592],[76.053009,28.22423],[76.065613,28.19895],[76.074806,28.172428],[76.092873,28.151621],[76.065056,28.14447],[76.06073,28.169981],[76.027748,28.172722],[76.006027,28.156563],[75.994293,28.131111],[75.967613,28.11939],[75.942497,28.105631],[75.958969,28.084061],[75.987633,28.070589],[76.012428,28.076351],[76.009956,28.04991],[75.980507,28.03871],[75.99054,28.010172],[75.964523,28.002661],[75.986908,27.984631],[75.96833,27.962311],[75.963173,27.936951],[75.938507,27.951092],[75.92878,27.926481],[75.955887,27.91955],[75.975189,27.893091],[75.963081,27.864731],[75.994476,27.86092],[76.02079,27.857521],[76.049629,27.84786],[76.080093,27.85107],[76.103348,27.862379],[76.128456,27.846922],[76.153191,27.821293],[76.18042,27.81241],[76.200546,27.828911],[76.223282,27.840931],[76.198952,27.859671],[76.199753,27.8881],[76.175163,27.907101],[76.170372,27.93329],[76.176292,27.96106],[76.162468,27.98831],[76.169388,28.016859],[76.195877,28.021738],[76.213562,28.04018],[76.183182,28.04302],[76.203636,28.059521],[76.233368,28.056421],[76.264923,28.068741],[76.290077,28.04911],[76.316597,28.02099],[76.341263,28.036051],[76.353287,28.065573],[76.331268,28.08165],[76.307167,28.096453],[76.331886,28.106718],[76.355606,28.12845],[76.331009,28.138969],[76.311119,28.154671],[76.278183,28.168571],[76.304962,28.183861],[76.335907,28.177341],[76.355972,28.159781],[76.37677,28.138071],[76.412247,28.147478],[76.437126,28.152151],[76.465179,28.155611],[76.483292,28.134848],[76.497803,28.106621],[76.472542,28.112711],[76.451218,28.09766],[76.485901,28.075121],[76.457977,28.061972],[76.475708,28.04406],[76.499496,28.03636],[76.525856,28.045448],[76.538551,28.016701],[76.531937,27.985701],[76.559792,27.981783],[76.583817,28.000311],[76.615967,28.01129],[76.646713,28.012621],[76.653419,28.039921],[76.647926,28.067671],[76.65123,28.09676],[76.67791,28.097811],[76.698761,28.115711],[76.720047,28.131531],[76.755081,28.14661],[76.783066,28.15568],[76.792259,28.18292],[76.801369,28.211601],[76.827248,28.217491],[76.85434,28.225241],[76.879257,28.210381],[76.890091,28.187828],[76.912048,28.17186],[76.937813,28.15535],[76.961761,28.144011],[76.955513,28.11175],[76.948067,28.078671],[76.933647,28.04813],[76.926582,28.012501],[76.922318,27.985828],[76.91954,27.952831],[76.919098,27.92486],[76.938179,27.89599],[76.928299,27.86713],[76.926643,27.834221],[76.90107,27.825418],[76.903923,27.794889],[76.892326,27.772032],[76.89061,27.74202],[76.902786,27.71644],[76.88092,27.699369],[76.893227,27.67688],[76.909477,27.656801],[76.930283,27.671709],[76.960228,27.66242],[76.976082,27.69285],[76.982773,27.7185],[76.993538,27.741701],[77.024857,27.747129],[77.050659,27.728111],[77.077972,27.737341],[77.067337,27.76376],[77.039436,27.7749],[77.023987,27.79817],[77.038277,27.820042],[77.065292,27.81258],[77.093628,27.789701],[77.119972,27.789471],[77.147278,27.786659],[77.149727,27.812431],[77.175873,27.814451],[77.162163,27.79059],[77.188942,27.798429],[77.216843,27.7955],[77.247948,27.793751],[77.262497,27.816111],[77.290642,27.801701],[77.303688,27.77598],[77.305336,27.749229],[77.297607,27.718681],[77.324478,27.71319],[77.336792,27.685463],[77.342766,27.657202],[77.313217,27.617321],[77.328117,27.596041],[77.330399,27.57111],[77.340157,27.54674],[77.352226,27.519979],[77.382416,27.51655],[77.392349,27.486101],[77.415451,27.466141],[77.41703,27.43824],[77.429993,27.405029],[77.461586,27.38759],[77.486961,27.38563],[77.509361,27.367821],[77.530746,27.35277],[77.561737,27.33544],[77.592972,27.337961],[77.615532,27.325411],[77.600082,27.304701],[77.614143,27.279161],[77.629578,27.255491],[77.643181,27.23181],[77.667191,27.2071],[77.661247,27.182781],[77.635918,27.17013],[77.605118,27.16848],[77.59211,27.14477],[77.583427,27.120682],[77.556122,27.11582],[77.529373,27.104141],[77.502319,27.09922],[77.514687,27.07406],[77.541397,27.077391],[77.568443,27.072481],[77.558937,27.04879],[77.583923,27.03932],[77.615593,27.027399],[77.643341,27.027191],[77.670769,27.048901],[77.693741,27.01952],[77.713921,26.997961],[77.72216,27.02614],[77.753113,27.02363],[77.747711,26.998501],[77.723282,26.988239],[77.691917,26.978992],[77.668617,26.969179],[77.642273,26.9673],[77.604828,26.945959],[77.57975,26.93087],[77.545319,26.922041],[77.51857,26.91548],[77.482468,26.90378],[77.455177,26.889561],[77.436508,26.867887],[77.417488,26.842791],[77.439217,26.819151],[77.431923,26.792351],[77.455971,26.78038],[77.448311,26.74675],[77.480362,26.75388],[77.496689,26.774111],[77.486649,26.801201],[77.496986,26.837971],[77.520691,26.822008],[77.547409,26.82172],[77.572113,26.831961],[77.596153,26.841652],[77.624878,26.846748],[77.657303,26.856411],[77.674683,26.87463],[77.705406,26.88028],[77.71891,26.91641],[77.744331,26.92321],[77.765099,26.93799],[77.788857,26.922281],[77.814629,26.922791],[77.841042,26.916441],[77.871468,26.9055],[77.896126,26.889721],[77.898582,26.915421],[77.928841,26.91284],[77.962959,26.912571],[77.99189,26.9109],[78.016296,26.90498],[78.020096,26.87961],[78.045891,26.874882],[78.045227,26.902863],[78.072807,26.907551],[78.098618,26.903973],[78.095352,26.92905],[78.111343,26.953232],[78.139473,26.95713],[78.173737,26.94869],[78.201256,26.940323],[78.227318,26.943581],[78.252197,26.934982],[78.254326,26.909748],[78.232498,26.895458],[78.204857,26.87739],[78.207558,26.852331],[78.192101,26.829811],[78.163551,26.829851],[78.179367,26.801161],[78.145813,26.791731],[78.119026,26.802561],[78.095383,26.789431],[78.111046,26.76214],[78.089149,26.73811],[78.088989,26.700722],[78.075371,26.67819],[78.04911,26.6898],[78.019203,26.69762],[77.992218,26.702641],[77.975723,26.683302],[77.95356,26.66942],[77.923912,26.664991],[77.894577,26.66221],[77.888779,26.632811],[77.85144,26.616011],[77.825432,26.605242],[77.824677,26.572741],[77.804306,26.551401],[77.767006,26.553478],[77.739357,26.54269],[77.726982,26.515362],[77.69503,26.50087],[77.671028,26.509729],[77.64637,26.493799],[77.620071,26.477001],[77.599083,26.454222],[77.56913,26.44311],[77.542503,26.429451],[77.505913,26.41291],[77.474968,26.414631],[77.434052,26.409201],[77.439728,26.378691],[77.415466,26.368118],[77.385857,26.362423],[77.360252,26.36952],[77.334671,26.357231],[77.31179,26.33383],[77.289948,26.295591],[77.267036,26.276171],[77.237846,26.26272],[77.208389,26.24424],[77.177536,26.2391],[77.143272,26.238241],[77.113647,26.231359],[77.098221,26.202259],[77.068939,26.18541],[77.034737,26.181931],[77.01123,26.1653],[76.994476,26.137781],[76.968567,26.124041],[76.941887,26.10811],[76.906319,26.101101],[76.882881,26.08643],[76.870422,26.05645],[76.845726,26.040279],[76.84024,26.01129],[76.82328,25.992722],[76.816246,25.967131],[76.7948,25.944221],[76.760651,25.94253],[76.75563,25.916231],[76.73333,25.90255],[76.705482,25.903473],[76.674362,25.9118],[76.646126,25.908852],[76.631683,25.87524],[76.597473,25.87648],[76.56678,25.83967],[76.541649,25.817402],[76.522659,25.774342],[76.530403,25.74374],[76.502998,25.728609],[76.477913,25.706039],[76.489067,25.683401],[76.499428,25.64834],[76.515793,25.60701],[76.509781,25.579821],[76.520279,25.5569],[76.520309,25.52993],[76.537872,25.510208],[76.550667,25.484308],[76.560669,25.44985],[76.582977,25.435692],[76.599052,25.4053],[76.614876,25.384109],[76.6436,25.376398],[76.664833,25.35751],[76.703217,25.34761],[76.732048,25.347879],[76.75872,25.338692],[76.770096,25.312191],[76.795273,25.321821],[76.821747,25.327061],[76.853737,25.329712],[76.881569,25.322861],[76.915352,25.308981],[76.93261,25.28747],[76.95874,25.29718],[76.992668,25.30183],[77.024193,25.30109],[77.03936,25.32505],[77.067856,25.32967],[77.092628,25.337271],[77.121422,25.331251],[77.149002,25.315363],[77.182106,25.313311],[77.205261,25.33305],[77.22113,25.36108],[77.234673,25.385061],[77.259956,25.39946],[77.282982,25.42359],[77.305298,25.436411],[77.329231,25.428572],[77.354347,25.424023],[77.349747,25.39838],[77.351692,25.372351],[77.343918,25.33736],[77.36895,25.32465],[77.373367,25.29937],[77.349663,25.27177],[77.362717,25.250071],[77.391647,25.23115],[77.409523,25.212431],[77.403061,25.186541],[77.389183,25.159941],[77.38694,25.132961],[77.368393,25.11413],[77.348679,25.097792],[77.320381,25.09071],[77.291336,25.09411],[77.26226,25.119261],[77.220833,25.110243],[77.188766,25.111801],[77.162842,25.10972],[77.140457,25.0909],[77.114456,25.06909],[77.084267,25.062641],[77.054947,25.063263],[77.029343,25.071899],[77.000298,25.079731],[76.974663,25.070671],[76.953499,25.048458],[76.917679,25.040031],[76.882027,25.0341],[76.869316,25.011103],[76.86644,24.97179],[76.879707,24.945761],[76.891228,24.91968],[76.920868,24.91678],[76.912163,24.893131],[76.93573,24.878681],[76.926521,24.849783],[76.895042,24.83951],[76.863327,24.84169],[76.837502,24.841061],[76.811188,24.828239],[76.82579,24.793381],[76.846741,24.769993],[76.860847,24.748699],[76.886688,24.75415],[76.921692,24.748831],[76.945778,24.76405],[76.965332,24.744101],[76.982307,24.724873],[77.014076,24.71542],[77.0345,24.698469],[77.048943,24.66131],[77.060287,24.637703],[77.061119,24.61051],[77.063553,24.58534],[77.061531,24.554779],[77.050308,24.526531],[77.02478,24.51705],[77.012337,24.49437],[76.992523,24.47345],[76.965317,24.460861],[76.941086,24.46735],[76.91465,24.487659],[76.917343,24.51697],[76.912872,24.54357],[76.888969,24.52676],[76.871956,24.545891],[76.846046,24.55102],[76.819023,24.53656],[76.82811,24.510363],[76.845276,24.4909],[76.848976,24.46438],[76.850662,24.437361],[76.835876,24.416571],[76.850136,24.388969],[76.838837,24.3647],[76.840179,24.33872],[76.858788,24.312311],[76.86705,24.280851],[76.897362,24.247089],[76.918556,24.2264],[76.942543,24.208351],[76.927238,24.186661],[76.9058,24.153193],[76.886253,24.131748],[76.856003,24.138941],[76.827728,24.125591],[76.801117,24.12034],[76.775627,24.15308],[76.754997,24.172091],[76.729393,24.170561],[76.701141,24.17144],[76.67421,24.19343],[76.684883,24.224833],[76.702499,24.2488],[76.693306,24.27405],[76.668297,24.267382],[76.642456,24.270111],[76.616348,24.26284],[76.593246,24.250891],[76.59256,24.223871],[76.567276,24.206911],[76.579727,24.180679],[76.554756,24.168221],[76.523193,24.163179],[76.508369,24.200232],[76.484421,24.21504],[76.463432,24.22892],[76.436012,24.225],[76.414436,24.20742],[76.391243,24.225611],[76.365189,24.24131],[76.334991,24.253969],[76.310127,24.246389],[76.288841,24.225571],[76.251808,24.224819],[76.223351,24.22327],[76.205513,24.24185],[76.204376,24.26902],[76.199089,24.2973],[76.190048,24.32995],[76.171356,24.310329],[76.149521,24.292231],[76.145531,24.26576],[76.152367,24.235458],[76.131569,24.212448],[76.120857,24.183599],[76.13047,24.153669],[76.130737,24.12291],[76.134697,24.095289],[76.108597,24.09713],[76.084541,24.08215],[76.057487,24.07785],[76.032997,24.064213],[76.008942,24.0403],[75.979752,24.03105],[75.959106,24.009972],[75.976753,23.981951],[75.979813,23.95216],[75.966522,23.929871],[75.944336,23.916208],[75.921227,23.904171],[75.896553,23.8927],[75.867096,23.89399],[75.841423,23.888439],[75.817856,23.87936],[75.791023,23.87215],[75.769623,23.854441],[75.759171,23.881329],[75.736473,23.894091],[75.710579,23.9004],[75.698128,23.877108],[75.727547,23.86451],[75.717949,23.84004],[75.702591,23.817131],[75.698669,23.79184],[75.68515,23.766649],[75.667473,23.788198],[75.643677,23.80183],[75.616623,23.805971],[75.591682,23.802391],[75.566032,23.815689],[75.57618,23.841511],[75.557159,23.862791],[75.528763,23.88026],[75.504097,23.891911],[75.487427,23.910843],[75.460899,23.91729],[75.460587,23.94762],[75.464767,23.980728],[75.485977,23.998331],[75.514381,24.048733],[75.542648,24.02556],[75.571716,24.017401],[75.583839,23.99192],[75.611748,23.99876],[75.638466,24.002831],[75.653137,24.027578],[75.677032,24.020111],[75.684067,23.993111],[75.697899,23.97208],[75.723312,23.973131],[75.737381,23.994061],[75.764313,24.002428],[75.777786,24.027519],[75.777718,24.05714],[75.807266,24.0676],[75.833763,24.07543],[75.835861,24.104],[75.80835,24.113359],[75.783173,24.122681],[75.762138,24.14101],[75.758278,24.174553],[75.769676,24.197741],[75.778839,24.224409],[75.805336,24.229719],[75.826881,24.24641],[75.811783,24.27043],[75.810951,24.29804],[75.781036,24.30864],[75.756256,24.327223],[75.737923,24.347971],[75.739578,24.388931],[75.75528,24.409309],[75.768242,24.44035],[75.786087,24.45842],[75.815109,24.465113],[75.812546,24.436781],[75.847252,24.41897],[75.875229,24.430281],[75.898621,24.441591],[75.907288,24.469511],[75.906746,24.498041],[75.892563,24.52153],[75.922043,24.527281],[75.907036,24.550461],[75.915123,24.574591],[75.884361,24.581739],[75.874077,24.607111],[75.848167,24.61116],[75.843933,24.639271],[75.848648,24.664551],[75.833687,24.685951],[75.842026,24.717461],[75.805458,24.756269],[75.780647,24.763161],[75.741806,24.760361],[75.711777,24.74543],[75.680046,24.727831],[75.659187,24.7017],[75.634003,24.691151],[75.6026,24.701271],[75.581902,24.7227],[75.552101,24.71377],[75.505867,24.709421],[75.483467,24.69762],[75.451897,24.693218],[75.419701,24.699961],[75.378143,24.706369],[75.350868,24.7171],[75.304367,24.720741],[75.267242,24.732719],[75.228409,24.735102],[75.201912,24.746141],[75.185516,24.768051],[75.202713,24.788801],[75.217377,24.820461],[75.246712,24.82184],[75.241043,24.846861],[75.218483,24.85948],[75.201317,24.884201],[75.208191,24.91],[75.223419,24.89003],[75.247749,24.899918],[75.236671,24.87089],[75.259796,24.857521],[75.283821,24.850019],[75.297699,24.82637],[75.323616,24.823961],[75.355057,24.837431],[75.399651,24.85491],[75.420631,24.877331],[75.371971,24.877981],[75.335342,24.886671],[75.311302,24.869459],[75.288078,24.879681],[75.261452,24.88966],[75.267029,24.914211],[75.291901,24.920918],[75.275803,24.940271],[75.268448,24.96553],[75.290459,24.952021],[75.306107,24.92898],[75.312103,24.899918],[75.325409,24.938091],[75.337486,24.9631],[75.322083,24.989613],[75.329491,25.01763],[75.353622,25.02873],[75.32267,25.044252],[75.292557,25.042883],[75.265976,25.04307],[75.237541,25.04192],[75.205482,25.04241],[75.173782,25.053793],[75.156281,25.03544],[75.168602,25.013191],[75.160896,24.987612],[75.134323,24.98266],[75.115707,24.965391],[75.119423,24.91814],[75.118866,24.88904],[75.090111,24.87973],[75.063148,24.877468],[75.043388,24.859228],[75.019493,24.86693],[74.991043,24.875002],[74.963539,24.874081],[74.948738,24.8948],[74.923683,24.892071],[74.911743,24.918873],[74.889923,24.94145],[74.863876,24.947571],[74.853203,24.97472],[74.830612,24.96191],[74.823608,24.928501],[74.827133,24.89913],[74.842377,24.874969],[74.855888,24.853201],[74.859039,24.82016],[74.848892,24.79266],[74.867851,24.81312],[74.891953,24.79911],[74.916946,24.787182],[74.945953,24.791719],[74.990013,24.793819],[75.016296,24.78595],[75.020233,24.752768],[74.993431,24.752729],[74.995216,24.716141],[74.964111,24.700468],[74.951973,24.67646],[74.929451,24.65917],[74.902466,24.656311],[74.88018,24.668011],[74.866913,24.690521],[74.848846,24.708721],[74.834877,24.732],[74.818542,24.765341],[74.809807,24.7964],[74.801918,24.766541],[74.786079,24.74692],[74.787537,24.72193],[74.777313,24.69669],[74.809669,24.686531],[74.804947,24.659561],[74.783447,24.636761],[74.790123,24.61076],[74.760178,24.601391],[74.755478,24.57099],[74.749619,24.54254],[74.723427,24.531151],[74.735046,24.50362],[74.757317,24.488823],[74.784958,24.489891],[74.810837,24.492001],[74.818268,24.46195],[74.844551,24.46591],[74.845863,24.440731],[74.827011,24.423601],[74.805412,24.395451],[74.788353,24.371771],[74.786339,24.343861],[74.78363,24.316801],[74.757462,24.296221],[74.772537,24.27198],[74.815163,24.27701],[74.843903,24.270161],[74.86972,24.280708],[74.894287,24.261681],[74.905853,24.233721],[74.880173,24.21648],[74.897293,24.18704],[74.920189,24.162848],[74.936653,24.138981],[74.954872,24.11204],[74.965172,24.082722],[74.981216,24.04104],[74.987793,24.014332],[74.972923,23.991053],[74.94146,23.96052],[74.924316,23.93861],[74.914619,23.91247],[74.907242,23.876751],[74.913139,23.849861],[74.911919,23.812611],[74.929932,23.794209],[74.939476,23.770672],[74.938103,23.74288],[74.92424,23.719151],[74.917458,23.69212],[74.928383,23.65316],[74.93972,23.630371],[74.909569,23.624161],[74.886093,23.606428],[74.875023,23.583549],[74.851479,23.5574],[74.819237,23.540798],[74.792099,23.548641],[74.763939,23.524712],[74.737778,23.506781],[74.710899,23.50563],[74.687408,23.49581],[74.664093,23.473341],[74.636429,23.464062],[74.613121,23.451551],[74.598457,23.42976],[74.57402,23.422543],[74.572411,23.383329],[74.555809,23.36298],[74.542717,23.33869],[74.518303,23.32873],[74.535683,23.309523],[74.548569,23.28676],[74.571922,23.300892],[74.592659,23.283581],[74.622292,23.28134],[74.646248,23.25972],[74.673126,23.27487],[74.701149,23.272142],[74.718536,23.24601],[74.695541,23.22859],[74.718956,23.219433],[74.745796,23.23271],[74.734779,23.2064],[74.687569,23.196701],[74.659836,23.187891],[74.625679,23.162941],[74.608063,23.144821],[74.580078,23.139971],[74.5457,23.132071],[74.542656,23.106901],[74.513603,23.095901],[74.467247,23.085258],[74.439316,23.09808],[74.414093,23.110962],[74.387672,23.110441],[74.366966,23.09552],[74.347878,23.070801],[74.322777,23.062691],[74.303917,23.083893],[74.280777,23.100981],[74.279541,23.129971],[74.271828,23.15601],[74.252426,23.176168],[74.207542,23.192051],[74.189537,23.171841],[74.16494,23.156481],[74.145691,23.17523],[74.124527,23.190441],[74.133911,23.215179],[74.13652,23.244801],[74.12989,23.27272],[74.106583,23.294123],[74.076523,23.298191],[74.048737,23.295061],[74.030067,23.319941],[74.003807,23.336201],[73.98349,23.35984],[73.962471,23.38139],[73.943832,23.3536],[73.913986,23.335979],[73.894928,23.352581],[73.877083,23.37833],[73.857437,23.404793],[73.836456,23.430691],[73.794167,23.43557],[73.770996,23.452578],[73.733986,23.424892],[73.709602,23.44449],[73.681908,23.457081],[73.653206,23.440491],[73.640648,23.473042],[73.644913,23.498739],[73.637001,23.53113],[73.63826,23.56255],[73.648727,23.590679],[73.660736,23.622902],[73.632957,23.638531],[73.608536,23.654308],[73.577271,23.655361],[73.552979,23.63135],[73.532242,23.613541],[73.505692,23.628851],[73.50721,23.65773],[73.510353,23.69698],[73.485611,23.705009],[73.462769,23.734308],[73.43219,23.762081],[73.413498,23.781101],[73.389847,23.76926],[73.367699,23.783649],[73.370422,23.814381],[73.359848,23.85463],[73.376953,23.8888],[73.396111,23.916792],[73.42347,23.927601],[73.419128,23.953798],[73.419579,23.98266],[73.409256,24.01585],[73.413757,24.051069],[73.396591,24.072531],[73.374756,24.087082],[73.369621,24.112492],[73.342766,24.115829],[73.334518,24.082569],[73.318459,24.056789],[73.297913,24.03677],[73.263908,24.0201],[73.235138,24.020111],[73.208122,24.03948],[73.209106,24.066641],[73.220413,24.0893],[73.199997,24.108391],[73.17173,24.111322],[73.147156,24.122551],[73.123398,24.140301],[73.10244,24.165199],[73.082687,24.18498],[73.091728,24.220881],[73.105759,24.24431],[73.138947,24.28005],[73.144958,24.307858],[73.173302,24.30105],[73.186127,24.326971],[73.21106,24.33423],[73.225616,24.35648],[73.200729,24.366791],[73.180176,24.35067],[73.154556,24.356428],[73.127388,24.36883],[73.10865,24.387463],[73.084427,24.39765],[73.106247,24.420321],[73.106598,24.44537],[73.098526,24.47261],[73.07486,24.482691],[73.053391,24.466492],[73.027199,24.465113],[73.000343,24.470631],[72.981003,24.45105],[72.990616,24.420891],[72.97245,24.40193],[72.98748,24.375111],[72.96537,24.351109],[72.933762,24.336189],[72.900558,24.351448],[72.868118,24.36581],[72.83905,24.36478],[72.793251,24.360161],[72.748718,24.357521],[72.717476,24.375551],[72.693466,24.419281],[72.697533,24.452631],[72.658638,24.45643],[72.604126,24.469109],[72.574226,24.48814],[72.551811,24.500328],[72.518776,24.472992],[72.511742,24.44739],[72.510002,24.418343],[72.487442,24.40542],[72.463753,24.42095],[72.446167,24.448261],[72.438637,24.479073],[72.44249,24.50425],[72.39772,24.50028],[72.37088,24.528761],[72.357933,24.552511],[72.332413,24.54244],[72.301826,24.54056],[72.271683,24.550159],[72.250999,24.58016],[72.276711,24.59918],[72.304581,24.597273],[72.342216,24.593521],[72.353096,24.616249],[72.323738,24.60894],[72.299698,24.616199],[72.27475,24.622231],[72.248932,24.620781],[72.216377,24.620213],[72.185898,24.60943],[72.161667,24.61581],[72.13475,24.633801],[72.10186,24.643339],[72.082397,24.66847],[72.085251,24.697008],[72.05249,24.70579],[72.031616,24.691811],[72.001091,24.68297],[71.993393,24.65671],[71.967407,24.637939],[71.944191,24.62678],[71.918793,24.6462],[71.904167,24.669041],[71.876472,24.675159],[71.862556,24.649481],[71.868683,24.62348],[71.838608,24.616381],[71.811768,24.62182],[71.815086,24.65468],[71.790947,24.67012],[71.758308,24.660271],[71.716316,24.654329],[71.685997,24.639841],[71.66156,24.633261],[71.644943,24.65254],[71.620819,24.666983],[71.592453,24.665588],[71.568443,24.673521],[71.536972,24.678921],[71.503532,24.673809],[71.474243,24.6632],[71.445312,24.653971],[71.42231,24.638102],[71.399628,24.626961],[71.372696,24.625761],[71.356712,24.654051],[71.326492,24.642929],[71.310066,24.62109],[71.260956,24.620531],[71.207329,24.639549],[71.171646,24.648861],[71.146736,24.65801],[71.119278,24.66865],[71.086517,24.69783],[71.062767,24.73893],[71.050293,24.760641],[71.035309,24.798771],[71.023567,24.82118],[71.003998,24.852892],[70.985321,24.87719],[70.961906,24.908241],[70.945488,24.934542],[70.93261,24.973471],[70.914673,25.041552],[70.90538,25.095032],[70.900131,25.119692],[70.89431,25.144058],[70.874779,25.163219],[70.855972,25.18219],[70.809349,25.223761],[70.766449,25.26495],[70.753548,25.296301],[70.744263,25.320961],[70.723152,25.34515],[70.701942,25.3641],[70.678711,25.385351],[70.678993,25.411751],[70.679573,25.447451],[70.682907,25.47352],[70.685211,25.503403],[70.676521,25.531071],[70.677277,25.58869],[70.679352,25.614031],[70.680901,25.64642],[70.67614,25.68029],[70.660797,25.70112],[70.630859,25.70672],[70.601707,25.703251],[70.574707,25.69058],[70.537056,25.67701],[70.490303,25.675961],[70.45977,25.67347],[70.425339,25.669571],[70.399658,25.663799],[70.365677,25.6717],[70.285263,25.698931],[70.267265,25.723454],[70.246399,25.763489],[70.223793,25.78791],[70.203217,25.805241],[70.177963,25.8195],[70.166321,25.84236],[70.14502,25.868523],[70.106682,25.92421],[70.091301,25.965158],[70.090981,25.996822],[70.086563,26.031208],[70.080452,26.058237],[70.094276,26.097363],[70.126389,26.139385],[70.145195,26.166155],[70.159416,26.194489],[70.167259,26.223875],[70.170761,26.259064],[70.164604,26.290916],[70.178307,26.349771],[70.179337,26.375256],[70.178047,26.404163],[70.175995,26.433296],[70.181,26.469599],[70.182259,26.498526],[70.172737,26.534945],[70.160515,26.558954],[70.138931,26.574396],[70.10688,26.589521],[70.066193,26.599291],[70.040413,26.599533],[70,26.594498],[69.954781,26.587303],[69.918343,26.582603],[69.879311,26.581085],[69.831757,26.587734],[69.794838,26.599983],[69.771942,26.613747],[69.743271,26.638464],[69.72187,26.653843],[69.698982,26.66507],[69.608307,26.70031],[69.580536,26.71192],[69.550446,26.724646],[69.522415,26.736012],[69.487511,26.793655],[69.485512,26.823469],[69.495743,26.872492],[69.500938,26.900331],[69.503593,26.943291],[69.512878,27.014381],[69.537262,27.069273],[69.556786,27.117254],[69.578125,27.165489],[69.600609,27.189398],[69.665947,27.251436],[69.698708,27.277739],[69.724678,27.294777],[69.793877,27.346462],[69.832535,27.378763],[69.861969,27.402779],[69.907623,27.459578],[69.936249,27.502108],[70,27.545042],[70.024567,27.569691],[70.051422,27.63534],[70.08313,27.708366],[70.107811,27.766872],[70.156952,27.834049],[70.180786,27.855145],[70.207169,27.884899],[70.281334,27.930424],[70.30291,27.946173],[70.321877,27.96489],[70.366165,28.008249],[70.4086,28.017286],[70.459717,28.029503],[70.509834,28.035543],[70.56263,28.019802],[70.582321,28.002659],[70.604111,27.98345],[70.628258,27.961355],[70.650864,27.939856],[70.672104,27.914318],[70.672844,27.869793],[70.678413,27.839052],[70.698181,27.807678],[70.714317,27.779503],[70.737953,27.742167],[70.757668,27.717209],[70.788818,27.710011],[70.818993,27.704269],[70.857933,27.702209],[70.883453,27.698502],[70.949951,27.71884],[70.984337,27.734221],[71.033989,27.757261],[71.070473,27.768341],[71.125061,27.792252],[71.173691,27.811991],[71.208656,27.82435],[71.233795,27.830004],[71.272957,27.841928],[71.325783,27.851749],[71.38105,27.861931],[71.409729,27.865789],[71.447876,27.866053],[71.49971,27.86557],[71.5308,27.865301],[71.586578,27.8703],[71.620773,27.868389],[71.658287,27.868931],[71.698036,27.882563],[71.743446,27.90062],[71.826286,27.930481],[71.858513,27.941401],[71.893112,27.955111],[71.90361,27.983433],[71.908676,28.013931],[71.912361,28.048071],[71.920219,28.07555],[71.925308,28.10545],[71.942657,28.139738],[71.966042,28.16526],[71.99588,28.206957],[72.019112,28.226631],[72.044273,28.243462],[72.066261,28.26083],[72.09079,28.2785],[72.126129,28.303501],[72.150925,28.331093],[72.184425,28.358006],[72.198029,28.381386],[72.235771,28.474836],[72.244377,28.505756],[72.279617,28.601421],[72.301956,28.664816],[72.326286,28.698893],[72.34639,28.720478],[72.365791,28.741871],[72.384697,28.763941],[72.409576,28.780849],[72.446571,28.793159],[72.48481,28.810421],[72.519852,28.828609],[72.544174,28.84358],[72.587929,28.866011],[72.643517,28.899101],[72.66658,28.911921],[72.711296,28.93503],[72.74144,28.948299],[72.78582,28.96537],[72.844017,28.987722],[72.887741,29.0037],[72.912796,29.014381],[72.939438,29.025242],[72.953613,29.053171],[72.975708,29.09918],[72.999817,29.146523],[73.02034,29.16818],[73.036644,29.188868],[73.055168,29.207142],[73.078461,29.2334],[73.098442,29.265751],[73.112213,29.28933],[73.137016,29.329309],[73.151016,29.357248],[73.169006,29.386],[73.191292,29.42857],[73.221642,29.479431],[73.238106,29.506111],[73.262138,29.541201],[73.274887,29.566669],[73.28392,29.597683],[73.297607,29.633551],[73.312027,29.68622],[73.325462,29.72772],[73.335716,29.757591],[73.345688,29.792049],[73.354309,29.81761],[73.365822,29.85284],[73.385399,29.92602],[73.407387,29.946886],[73.466942,29.969078],[73.533295,29.993635],[73.561768,30.00563],[73.599487,30.018539],[73.653397,30.0312],[73.678436,30.03896],[73.70916,30.047121],[73.753983,30.05654],[73.787216,30.066401],[73.837708,30.108702],[73.872559,30.132311],[73.8955,30.14941],[73.92347,30.167898],[73.957962,30.185747],[73.960823,30.14323],[73.949989,30.109791],[73.931526,30.083811],[73.908546,30.06011],[73.892616,30.03853],[73.881866,30.01124],[73.888496,29.981779],[73.889442,29.97761]]]}},{"type":"Feature","properties":{"name":"Sikkim"},"geometry":{"type":"Polygon","coordinates":[[[88.645256,28.099121],[88.661102,28.079639],[88.695221,28.076981],[88.729141,28.075281],[88.756149,28.069712],[88.782288,28.05077],[88.799431,28.03112],[88.825348,28.017059],[88.839058,27.99506],[88.839813,27.965231],[88.83625,27.932001],[88.861237,27.923462],[88.877251,27.897491],[88.880768,27.87014],[88.880997,27.838961],[88.862343,27.821751],[88.852333,27.77832],[88.858528,27.753691],[88.853729,27.729145],[88.838638,27.70822],[88.845009,27.68162],[88.836792,27.65757],[88.815529,27.64267],[88.808502,27.61433],[88.792809,27.59199],[88.768478,27.567999],[88.775101,27.5376],[88.786171,27.5151],[88.785431,27.487673],[88.783386,27.455551],[88.794907,27.43277],[88.80806,27.408642],[88.825363,27.39056],[88.852707,27.38633],[88.869423,27.367182],[88.885063,27.346809],[88.906937,27.330673],[88.909157,27.301716],[88.90197,27.277239],[88.879349,27.2661],[88.847092,27.261721],[88.82003,27.25646],[88.799606,27.23719],[88.795189,27.208469],[88.78717,27.184246],[88.761757,27.175879],[88.753853,27.15184],[88.732536,27.13735],[88.711807,27.16515],[88.68441,27.180229],[88.659599,27.16221],[88.633278,27.17453],[88.606789,27.189661],[88.566292,27.18786],[88.54084,27.18371],[88.526726,27.160273],[88.507507,27.13599],[88.481277,27.12285],[88.460182,27.09585],[88.431946,27.08161],[88.397659,27.094431],[88.370651,27.099413],[88.345161,27.106901],[88.320076,27.107321],[88.304497,27.128601],[88.278137,27.130831],[88.251549,27.12536],[88.221512,27.125271],[88.195618,27.13623],[88.15844,27.114351],[88.126907,27.123081],[88.09594,27.135509],[88.083908,27.16107],[88.069267,27.18495],[88.061737,27.2113],[88.032928,27.221031],[88.030319,27.249115],[88.035614,27.281416],[88.047714,27.309856],[88.066116,27.334116],[88.052818,27.358315],[88.046722,27.384296],[88.053215,27.412615],[88.082619,27.426414],[88.069817,27.449316],[88.053802,27.471537],[88.046333,27.495766],[88.06002,27.516716],[88.067719,27.544516],[88.083618,27.564615],[88.095413,27.597315],[88.116882,27.614038],[88.123299,27.639174],[88.140266,27.657711],[88.15033,27.681223],[88.151978,27.707905],[88.161049,27.740618],[88.179314,27.758116],[88.190727,27.781208],[88.187897,27.810307],[88.19722,27.835516],[88.183426,27.856457],[88.156624,27.870447],[88.129982,27.881516],[88.117508,27.9056],[88.12587,27.934429],[88.133087,27.961611],[88.167229,27.948273],[88.192932,27.945452],[88.209808,27.967781],[88.235176,27.95414],[88.260857,27.95657],[88.286072,27.968462],[88.313919,27.978361],[88.337761,27.987989],[88.363762,27.98814],[88.388802,27.97784],[88.409943,27.993568],[88.432587,28.010401],[88.461601,28.01981],[88.477982,28.04258],[88.50293,28.047131],[88.527763,28.036821],[88.550423,28.061121],[88.558281,28.087561],[88.58551,28.090172],[88.613449,28.10256],[88.607468,28.12755],[88.631737,28.121098],[88.645256,28.099121]]]}},{"type":"Feature","properties":{"name":"Tamil Nadu"},"geometry":{"type":"MultiPolygon","coordinates":[[[[77.555962,8.079031],[77.555962,8.079031]],[[78.115417,8.616809],[78.115417,8.616809]],[[78.121246,8.617361],[78.121246,8.617361]],[[78.12014,8.637921],[78.12014,8.637921]],[[78.12764,8.647922],[78.12764,8.647922]],[[78.117081,8.65653],[78.117081,8.65653]],[[78.208473,8.840971],[78.208473,8.840971]],[[78.224861,8.87375],[78.224861,8.87375]],[[78.252907,8.957921],[78.252907,8.957921]],[[78.491806,9.093194],[78.491806,9.093194]],[[78.539307,9.105973],[78.539307,9.105973]],[[78.580414,9.112362],[78.580414,9.112362]],[[78.487915,9.134861],[78.487915,9.134861]],[[78.696251,9.155141],[78.696251,9.155141]],[[78.730698,9.156251],[78.730698,9.156251]],[[78.828194,9.17125],[78.828194,9.17125]],[[78.940697,9.184583],[78.915413,9.181809],[78.941528,9.185422],[78.940697,9.184583]],[[78.967651,9.18931],[78.967651,9.18931]],[[79.070137,9.208195],[79.070137,9.208195]],[[79.142067,9.214861],[79.142067,9.214861]],[[79.125687,9.21792],[79.125687,9.21792]],[[79.232353,9.24459],[79.232353,9.24459]],[[79.184029,9.24903],[79.184029,9.24903]],[[79.219025,9.250972],[79.219025,9.250972]],[[79.312363,9.328472],[79.333473,9.314861],[79.324028,9.291531],[79.322906,9.266532],[79.339859,9.247916],[79.359581,9.232363],[79.378471,9.215971],[79.39875,9.200972],[79.417358,9.184031],[79.435692,9.16681],[79.416809,9.183195],[79.433472,9.164306],[79.413193,9.179309],[79.391808,9.192362],[79.370415,9.205417],[79.349304,9.219306],[79.326813,9.232363],[79.304031,9.244032],[79.280693,9.253472],[79.255417,9.258751],[79.226807,9.259589],[79.206528,9.274862],[79.225693,9.291812],[79.253456,9.291531],[79.27459,9.30514],[79.294029,9.321251],[79.312363,9.328472]],[[79.529305,9.384028],[79.529137,9.384028],[79.529305,9.384197],[79.529305,9.384028]],[[79.53009,9.385958],[79.530136,9.385694],[79.529984,9.385694],[79.53009,9.385958]],[[79.53009,9.385958],[79.53009,9.385958]],[[79.529861,9.38875],[79.529861,9.38875]],[[79.529861,9.38875],[79.529861,9.38875]],[[79.529305,9.389304],[79.529587,9.389311],[79.529587,9.38916],[79.529305,9.389304]],[[79.529305,9.389304],[79.529305,9.389304]],[[79.528648,9.389853],[79.528358,9.390138],[79.528748,9.390141],[79.528648,9.389853]],[[79.706802,10.288195],[79.706802,10.288195]],[[79.697906,10.290139],[79.697906,10.290139]],[[79.695694,10.290971],[79.695694,10.290971]],[[79.691246,10.29792],[79.691246,10.29792]],[[79.685974,10.298472],[79.685974,10.298472]],[[79.622643,10.299862],[79.622643,10.299862]],[[79.608192,10.30264],[79.608192,10.30264]],[[79.618752,10.308751],[79.618752,10.308751]],[[79.624031,10.308751],[79.624031,10.308751]],[[79.631531,10.308751],[79.631531,10.308751]],[[79.69986,10.309583],[79.69986,10.309583]],[[79.677361,10.309861],[79.677361,10.309861]],[[79.68985,10.310421],[79.68985,10.310421]],[[79.608757,10.311251],[79.608757,10.311251]],[[79.695976,10.321252],[79.695976,10.321252]],[[79.63208,10.333194],[79.63208,10.333194]],[[79.625687,10.343751],[79.625687,10.343751]],[[79.839027,11.23653],[79.839027,11.23653]],[[79.82708,11.237362],[79.82708,11.237362]],[[79.991249,12.251251],[79.991249,12.251251]],[[80.322906,13.438471],[80.322906,13.438471]],[[80.075821,13.52676],[80.095657,13.50984],[80.120811,13.50236],[80.144577,13.485611],[80.175697,13.478951],[80.203697,13.478042],[80.230331,13.47685],[80.250587,13.460581],[80.26458,13.435611],[80.277893,13.407532],[80.293137,13.383421],[80.315369,13.371451],[80.314507,13.399211],[80.31279,13.42615],[80.325142,13.40402],[80.330406,13.377919],[80.327362,13.403195],[80.320694,13.42736],[80.329857,13.403751],[80.334862,13.379031],[80.341248,13.352931],[80.345413,13.327641],[80.346252,13.302642],[80.344017,13.277651],[80.337357,13.252642],[80.322083,13.23264],[80.306808,13.21236],[80.325142,13.229584],[80.322906,13.204579],[80.315971,13.180138],[80.306808,13.156811],[80.300697,13.13236],[80.304581,13.107363],[80.297638,13.08319],[80.284027,13.061532],[80.280693,13.036527],[80.269577,13.01403],[80.270142,12.988761],[80.26403,12.963752],[80.259865,12.938194],[80.255966,12.91125],[80.252914,12.88486],[80.249573,12.859299],[80.248192,12.833194],[80.248192,12.805421],[80.237076,12.82875],[80.23597,12.80375],[80.25486,12.786812],[80.248749,12.762361],[80.240417,12.738471],[80.231804,12.714862],[80.223473,12.6907],[80.214584,12.666806],[80.205696,12.64236],[80.199028,12.618192],[80.189857,12.594861],[80.167358,12.605971],[80.169029,12.580969],[80.177917,12.55681],[80.168747,12.532923],[80.162346,12.50875],[80.15847,12.48153],[80.151253,12.45736],[80.13736,12.436529],[80.122917,12.415691],[80.107918,12.395416],[80.090973,12.376811],[80.074883,12.357641],[80.059593,12.337361],[80.058197,12.362361],[80.035698,12.351251],[80.017639,12.333749],[80.045151,12.33653],[80.04097,12.311806],[80.027077,12.29097],[80.015137,12.268472],[79.993752,12.255139],[79.97403,12.239306],[79.952637,12.225695],[79.977081,12.23264],[79.99514,12.250141],[79.990135,12.225417],[79.976524,12.204306],[79.962906,12.183189],[79.948471,12.162641],[79.934303,12.141805],[79.921249,12.120417],[79.907082,12.09931],[79.894302,12.07736],[79.880692,12.056251],[79.87014,12.033471],[79.859306,12.010691],[79.849586,11.98764],[79.842361,11.963472],[79.830696,11.940249],[79.806328,11.955269],[79.787567,11.938371],[79.758141,11.930401],[79.740837,11.909451],[79.733566,11.9373],[79.714493,11.955251],[79.738167,11.96705],[79.73468,11.994311],[79.716957,11.975442],[79.695396,11.992681],[79.691559,12.017441],[79.663261,12.006381],[79.644417,11.986272],[79.665359,11.967522],[79.68998,11.97564],[79.701553,11.952181],[79.677689,11.939351],[79.697823,11.916681],[79.724899,11.89151],[79.704376,11.874601],[79.691689,11.897771],[79.668709,11.874631],[79.695732,11.87338],[79.703796,11.83829],[79.730347,11.84688],[79.754951,11.85784],[79.747307,11.832702],[79.778496,11.83883],[79.792969,11.81765],[79.797081,11.792639],[79.793747,11.767641],[79.788483,11.743191],[79.780975,11.718193],[79.774857,11.69292],[79.769859,11.668191],[79.764862,11.642079],[79.759857,11.617362],[79.757919,11.591806],[79.757362,11.566806],[79.760971,11.540972],[79.769302,11.51736],[79.780975,11.495139],[79.790695,11.472083],[79.803467,11.450142],[79.81208,11.425972],[79.817085,11.400696],[79.823196,11.375416],[79.837906,11.35486],[79.837639,11.327921],[79.837639,11.300131],[79.840973,11.27375],[79.84597,11.24902],[79.823753,11.237362],[79.848747,11.23653],[79.85125,11.210972],[79.854027,11.18568],[79.856804,11.16014],[79.859024,11.122083],[79.858482,11.094312],[79.856796,11.055421],[79.856247,11.029862],[79.855698,11.004306],[79.855141,10.977641],[79.824417,10.979491],[79.797417,10.9849],[79.777237,10.967931],[79.752602,10.979892],[79.738136,10.95861],[79.711502,10.952271],[79.708473,10.926711],[79.725906,10.906901],[79.741409,10.883291],[79.77317,10.889561],[79.792458,10.870002],[79.808159,10.84889],[79.813683,10.818372],[79.843292,10.812251],[79.850975,10.784028],[79.850975,10.755418],[79.852081,10.73042],[79.853195,10.701806],[79.853752,10.668195],[79.854027,10.642081],[79.855415,10.614305],[79.856529,10.589305],[79.858475,10.562918],[79.86042,10.53542],[79.861542,10.504581],[79.863197,10.479583],[79.863747,10.454581],[79.865417,10.428193],[79.86792,10.401806],[79.870697,10.374862],[79.875694,10.349306],[79.880974,10.324306],[79.880692,10.299306],[79.860687,10.283751],[79.836807,10.275972],[79.810432,10.274311],[79.773193,10.273194],[79.747917,10.274584],[79.769859,10.287922],[79.758194,10.310139],[79.732361,10.310695],[79.710136,10.32264],[79.685143,10.324584],[79.660416,10.319305],[79.637085,10.328472],[79.628754,10.352084],[79.619583,10.32875],[79.60125,10.311531],[79.575142,10.309031],[79.599586,10.301811],[79.624031,10.29625],[79.651802,10.292361],[79.675423,10.300981],[79.696808,10.286812],[79.721802,10.282641],[79.697083,10.278472],[79.671516,10.281531],[79.646797,10.286531],[79.621246,10.290693],[79.59597,10.29485],[79.571251,10.29875],[79.545692,10.302082],[79.552086,10.32653],[79.577637,10.329311],[79.558197,10.345139],[79.534576,10.336811],[79.515419,10.320696],[79.490135,10.324306],[79.469856,10.339031],[79.484306,10.31792],[79.513748,10.315141],[79.486809,10.310417],[79.461807,10.312922],[79.436806,10.315695],[79.408752,10.317083],[79.382919,10.315973],[79.368752,10.29485],[79.342636,10.286805],[79.31958,10.277084],[79.29847,10.26292],[79.280136,10.245694],[79.278473,10.220694],[79.265976,10.198762],[79.24514,10.184859],[79.240135,10.157361],[79.229309,10.13431],[79.228752,10.108472],[79.233192,10.08375],[79.251808,10.066807],[79.259308,10.042921],[79.242363,10.024027],[79.224861,10.005972],[79.208473,9.986811],[79.19236,9.967639],[79.174026,9.95042],[79.155975,9.932917],[79.144302,9.909583],[79.126526,9.891063],[79.123466,9.865972],[79.110687,9.844311],[79.091805,9.827917],[79.079865,9.805417],[79.064857,9.78542],[79.046806,9.767921],[79.028748,9.750139],[79.01458,9.729306],[78.997093,9.71125],[78.982361,9.69097],[78.971802,9.667639],[78.964592,9.642919],[78.950974,9.621806],[78.934288,9.602921],[78.927361,9.578759],[78.921249,9.553472],[78.922081,9.52847],[78.915413,9.504307],[78.898178,9.480141],[78.907082,9.456249],[78.919601,9.434579],[78.933746,9.41375],[78.94986,9.39458],[78.967087,9.375971],[78.985138,9.358194],[79.004303,9.342083],[79.024017,9.326252],[79.044861,9.311811],[79.066528,9.299306],[79.09153,9.293473],[79.117081,9.289305],[79.142906,9.291812],[79.168198,9.284307],[79.143753,9.274862],[79.119026,9.268761],[79.094582,9.260419],[79.069031,9.26097],[79.043198,9.264583],[79.017914,9.269305],[78.992081,9.27264],[78.966248,9.272918],[78.939857,9.26931],[78.917084,9.258473],[78.892365,9.253194],[78.865692,9.253472],[78.840973,9.247651],[78.817917,9.237641],[78.794296,9.229311],[78.769859,9.22153],[78.745972,9.214029],[78.722641,9.20486],[78.700691,9.192084],[78.674309,9.19764],[78.651253,9.187083],[78.649307,9.162081],[78.62542,9.153473],[78.60125,9.146811],[78.580406,9.13292],[78.554581,9.137084],[78.52903,9.136261],[78.503746,9.1332],[78.478195,9.127361],[78.453186,9.125141],[78.429031,9.11764],[78.405693,9.107639],[78.385406,9.092921],[78.366249,9.076812],[78.347641,9.059862],[78.327362,9.045141],[78.307358,9.030142],[78.286804,9.015694],[78.261803,9.019311],[78.255142,8.995141],[78.233749,8.981811],[78.214859,8.965141],[78.199303,8.94542],[78.186813,8.923752],[78.179863,8.899028],[78.167915,8.875416],[78.166527,8.849584],[78.166252,8.824582],[78.159302,8.800138],[78.162361,8.77515],[78.186531,8.768194],[78.210419,8.759861],[78.187363,8.749031],[78.164307,8.739311],[78.155418,8.715421],[78.139313,8.696251],[78.131805,8.672361],[78.11264,8.655972],[78.107361,8.631528],[78.099586,8.606252],[78.096527,8.58125],[78.120697,8.587921],[78.109581,8.610421],[78.124031,8.631532],[78.130142,8.60708],[78.137917,8.58236],[78.132637,8.557363],[78.124306,8.533748],[78.125687,8.508751],[78.120407,8.484309],[78.102638,8.46653],[78.08625,8.44764],[78.070694,8.427639],[78.061249,8.404309],[78.049858,8.38181],[78.033752,8.362084],[78.010971,8.351532],[77.987358,8.343194],[77.965973,8.330142],[77.948753,8.311528],[77.927917,8.297639],[77.904587,8.287641],[77.884033,8.272639],[77.861252,8.262082],[77.837357,8.25375],[77.813469,8.246249],[77.794029,8.23043],[77.784302,8.20736],[77.764305,8.192225],[77.744308,8.176811],[77.720695,8.168196],[77.696251,8.162917],[77.67041,8.159309],[77.644859,8.157921],[77.619858,8.151811],[77.595695,8.14375],[77.573196,8.132361],[77.558197,8.112083],[77.555969,8.087083],[77.532913,8.077361],[77.508186,8.083751],[77.483475,8.088196],[77.458748,8.092916],[77.433746,8.097082],[77.409027,8.104305],[77.384308,8.112361],[77.359581,8.12014],[77.335136,8.125694],[77.310143,8.126531],[77.297638,8.148194],[77.276802,8.162083],[77.253746,8.17264],[77.231529,8.184583],[77.214302,8.202921],[77.191811,8.215141],[77.174309,8.233194],[77.155701,8.25014],[77.135139,8.264583],[77.114861,8.279306],[77.094582,8.294031],[77.111526,8.31649],[77.137032,8.320091],[77.156807,8.3452],[77.141212,8.368992],[77.164482,8.38784],[77.179779,8.409091],[77.188683,8.434741],[77.209068,8.450681],[77.190918,8.488191],[77.217262,8.49614],[77.247543,8.50138],[77.258171,8.52813],[77.251526,8.57099],[77.232117,8.592119],[77.218697,8.61838],[77.198479,8.6411],[77.190468,8.671189],[77.179291,8.699619],[77.162941,8.720891],[77.181076,8.74081],[77.202248,8.76088],[77.215363,8.78666],[77.23159,8.807092],[77.247047,8.83188],[77.242989,8.859271],[77.223183,8.877811],[77.202042,8.906681],[77.179192,8.92098],[77.180168,8.94702],[77.158447,8.978191],[77.137253,8.99822],[77.146896,9.021561],[77.167427,9.038531],[77.188667,9.05648],[77.195862,9.088422],[77.217049,9.108091],[77.237663,9.12997],[77.249603,9.156039],[77.236618,9.179191],[77.258179,9.20007],[77.263649,9.231859],[77.26783,9.257871],[77.266823,9.29088],[77.286758,9.30811],[77.30703,9.327631],[77.32061,9.35109],[77.319801,9.376131],[77.321373,9.401801],[77.334618,9.423931],[77.351608,9.449701],[77.378586,9.45075],[77.383919,9.479091],[77.394867,9.504391],[77.366257,9.514791],[77.350571,9.54026],[77.34053,9.564061],[77.351326,9.58804],[77.328506,9.57323],[77.304306,9.593041],[77.279541,9.58007],[77.255013,9.564991],[77.229897,9.575922],[77.205383,9.592279],[77.179146,9.60146],[77.151871,9.60602],[77.160629,9.630241],[77.172516,9.6562],[77.185898,9.678171],[77.190216,9.706152],[77.206039,9.73749],[77.218597,9.76001],[77.226692,9.786751],[77.218987,9.813251],[77.213837,9.83854],[77.199112,9.865981],[77.204437,9.89432],[77.220947,9.917751],[77.234711,9.942831],[77.258987,9.953372],[77.248779,9.977401],[77.240707,10.002891],[77.237076,10.035202],[77.21817,10.056861],[77.195198,10.073542],[77.194603,10.106249],[77.22126,10.115371],[77.246086,10.112351],[77.257431,10.135881],[77.264412,10.17974],[77.276207,10.203662],[77.258751,10.22386],[77.244827,10.24519],[77.231918,10.27723],[77.217209,10.298],[77.222511,10.328531],[77.199463,10.341951],[77.173126,10.344011],[77.148232,10.33406],[77.126732,10.320242],[77.100723,10.30445],[77.073441,10.295792],[77.051117,10.28286],[77.038551,10.24816],[77.015221,10.237592],[76.991417,10.223],[76.970787,10.208651],[76.945877,10.222791],[76.920303,10.225441],[76.892319,10.232671],[76.87706,10.25631],[76.862068,10.28255],[76.835251,10.281691],[76.819618,10.30264],[76.826767,10.330261],[76.839348,10.35971],[76.820488,10.38179],[76.811966,10.411389],[76.817451,10.43849],[76.820976,10.480231],[76.831436,10.524571],[76.830177,10.552981],[76.829727,10.585062],[76.809616,10.604279],[76.822441,10.627381],[76.852463,10.623941],[76.874603,10.63923],[76.870163,10.6641],[76.865112,10.69294],[76.881287,10.71293],[76.887657,10.74301],[76.897507,10.7708],[76.888298,10.799882],[76.859993,10.799802],[76.837128,10.815539],[76.834076,10.842702],[76.817558,10.861801],[76.790947,10.87097],[76.766693,10.881741],[76.739433,10.884431],[76.711426,10.89556],[76.684601,10.902431],[76.652786,10.91996],[76.659317,10.95048],[76.677773,10.979701],[76.690407,11.0175],[76.712051,11.032451],[76.744019,11.025901],[76.781837,11.028951],[76.754776,11.0392],[76.734436,11.058322],[76.745728,11.083921],[76.740608,11.10991],[76.715363,11.128421],[76.691177,11.14451],[76.69677,11.17188],[76.721153,11.184511],[76.720543,11.211633],[76.696968,11.231331],[76.66819,11.21068],[76.641647,11.19651],[76.602058,11.195469],[76.548012,11.193142],[76.521233,11.19027],[76.487648,11.20279],[76.466537,11.18609],[76.440308,11.191259],[76.446388,11.230461],[76.488129,11.251962],[76.513527,11.26196],[76.534058,11.287961],[76.53524,11.316341],[76.5382,11.35159],[76.509491,11.346612],[76.47287,11.375341],[76.448387,11.381419],[76.418388,11.40527],[76.410393,11.433591],[76.370583,11.4409],[76.339058,11.45418],[76.305939,11.453351],[76.285789,11.468571],[76.257927,11.473223],[76.242882,11.49869],[76.242958,11.524191],[76.226936,11.559682],[76.259697,11.586938],[76.285889,11.582952],[76.309196,11.5696],[76.328583,11.588551],[76.365372,11.591719],[76.376747,11.614741],[76.421288,11.6251],[76.423462,11.659321],[76.451363,11.65512],[76.473679,11.67814],[76.504211,11.698041],[76.535316,11.677041],[76.545219,11.648251],[76.553223,11.619532],[76.574829,11.60572],[76.60144,11.601221],[76.633728,11.60353],[76.664436,11.6051],[76.6931,11.60443],[76.720207,11.60505],[76.746269,11.610541],[76.773773,11.60343],[76.808327,11.596182],[76.833496,11.587031],[76.845818,11.611641],[76.829216,11.634971],[76.838387,11.66467],[76.855728,11.69434],[76.875587,11.717899],[76.886009,11.744481],[76.891502,11.770112],[76.926666,11.78089],[76.953163,11.77127],[76.974838,11.791021],[77.004433,11.80302],[77.028557,11.78912],[77.022339,11.764701],[77.045692,11.77916],[77.073853,11.729541],[77.103676,11.715549],[77.103233,11.74588],[77.12738,11.760932],[77.155411,11.774271],[77.189667,11.78282],[77.216423,11.78476],[77.241257,11.794],[77.272278,11.79118],[77.306236,11.778702],[77.326118,11.75894],[77.350929,11.76858],[77.381897,11.776161],[77.406548,11.76234],[77.431053,11.771682],[77.442467,11.806471],[77.456299,11.839122],[77.455162,11.867251],[77.477219,11.88178],[77.482193,11.912141],[77.510956,11.925342],[77.547997,11.93075],[77.573288,11.924011],[77.603722,11.930269],[77.630219,11.93797],[77.660446,11.938141],[77.677193,11.984271],[77.689453,12.00995],[77.70723,12.033281],[77.733963,12.060221],[77.750526,12.08051],[77.766388,12.10099],[77.747292,12.12232],[77.739067,12.14786],[77.719513,12.17152],[77.672821,12.181389],[77.644669,12.18857],[77.615822,12.189781],[77.584213,12.188842],[77.555832,12.187112],[77.528053,12.190011],[77.492462,12.187192],[77.469238,12.196511],[77.473663,12.224941],[77.467232,12.253182],[77.490631,12.27306],[77.518341,12.26953],[77.542709,12.283711],[77.566032,12.316701],[77.586166,12.336302],[77.606339,12.36026],[77.610947,12.38565],[77.620651,12.41376],[77.618156,12.443132],[77.625206,12.477262],[77.596649,12.46461],[77.601776,12.491661],[77.578506,12.507011],[77.576447,12.536831],[77.571198,12.563541],[77.582123,12.605089],[77.594841,12.62711],[77.59034,12.657541],[77.632942,12.670131],[77.670303,12.671239],[77.687531,12.6519],[77.703819,12.673741],[77.731407,12.66398],[77.733559,12.69148],[77.757339,12.70399],[77.758369,12.72932],[77.782921,12.738822],[77.781509,12.771031],[77.791367,12.79632],[77.801018,12.820809],[77.813629,12.844011],[77.836449,12.857631],[77.86219,12.85692],[77.887459,12.866921],[77.914368,12.873542],[77.934448,12.85604],[77.914879,12.83899],[77.924797,12.813721],[77.932556,12.839631],[77.958,12.836342],[77.974579,12.814442],[78.00148,12.79544],[78.007126,12.820041],[78.014923,12.845921],[78.040009,12.838211],[78.064568,12.83017],[78.082466,12.809152],[78.102051,12.793398],[78.120667,12.770012],[78.147713,12.7633],[78.175308,12.763311],[78.198921,12.755091],[78.228867,12.720202],[78.209808,12.699261],[78.189461,12.683551],[78.213989,12.674751],[78.232658,12.693761],[78.264427,12.69184],[78.284187,12.66762],[78.308769,12.65],[78.338837,12.631901],[78.36055,12.615111],[78.386139,12.613871],[78.412331,12.618311],[78.439438,12.61692],[78.461899,12.632279],[78.457657,12.66225],[78.488556,12.663342],[78.486313,12.690511],[78.510513,12.70177],[78.484413,12.72305],[78.507408,12.713091],[78.527458,12.697301],[78.548248,12.71498],[78.545547,12.743911],[78.565727,12.759011],[78.58252,12.785321],[78.597672,12.81108],[78.592293,12.83677],[78.604622,12.866],[78.615547,12.89322],[78.62571,12.919182],[78.628998,12.953111],[78.613663,12.97889],[78.637337,12.996841],[78.651108,13.017932],[78.679359,13.00897],[78.701256,13.04426],[78.725502,13.05278],[78.754463,13.046982],[78.783066,13.056372],[78.800873,13.07553],[78.832268,13.069591],[78.858353,13.07107],[78.883522,13.081989],[78.88089,13.044281],[78.890106,13.01983],[78.915932,13.023062],[78.893463,13.035092],[78.910843,13.056101],[78.936638,13.069971],[78.962936,13.07156],[78.988251,13.072652],[79.011429,13.05783],[79.033539,13.04566],[79.053978,13.028161],[79.082787,13.012471],[79.11927,13.02257],[79.141632,13.00982],[79.170593,13.01568],[79.172272,13.04372],[79.183502,13.072941],[79.202209,13.09029],[79.218277,13.11031],[79.218323,13.135551],[79.24334,13.13335],[79.26741,13.141201],[79.28495,13.12285],[79.29747,13.097371],[79.316727,13.119369],[79.344353,13.123561],[79.347092,13.153951],[79.370781,13.16859],[79.392563,13.184462],[79.420593,13.184462],[79.445503,13.216771],[79.418167,13.218462],[79.408669,13.246741],[79.418373,13.27459],[79.385628,13.294701],[79.401398,13.315751],[79.428879,13.323562],[79.454643,13.324321],[79.487228,13.316551],[79.522713,13.315931],[79.539223,13.28976],[79.554787,13.259181],[79.580261,13.245371],[79.601143,13.26773],[79.629562,13.26086],[79.653381,13.274569],[79.679321,13.269332],[79.671112,13.235842],[79.696037,13.233891],[79.688751,13.20741],[79.715706,13.2144],[79.738266,13.198259],[79.763336,13.208851],[79.784897,13.22348],[79.752777,13.24376],[79.721779,13.265731],[79.746147,13.280001],[79.774223,13.285131],[79.800293,13.304321],[79.830597,13.30206],[79.855682,13.308141],[79.880157,13.320439],[79.903862,13.333271],[79.928726,13.343531],[79.939743,13.369101],[79.93248,13.404371],[79.958481,13.412851],[79.963066,13.440573],[79.987473,13.46191],[80.005898,13.487771],[80.036041,13.48448],[80.013618,13.503912],[79.989738,13.513001],[80.007713,13.532372],[80.034096,13.521801],[80.059509,13.532549],[80.075821,13.52676]]]]}},{"type":"Feature","properties":{"name":"Tripura"},"geometry":{"type":"Polygon","coordinates":[[[92.185196,24.522873],[92.207253,24.506632],[92.234268,24.500441],[92.228897,24.471981],[92.239197,24.447268],[92.255959,24.41898],[92.269836,24.394852],[92.268127,24.367279],[92.212852,24.24931],[92.240532,24.25061],[92.284782,24.252041],[92.299469,24.231621],[92.318993,24.209],[92.330406,24.184832],[92.334351,24.150829],[92.328247,24.124592],[92.328346,24.098598],[92.323647,24.07329],[92.315269,24.048691],[92.318336,24.022591],[92.329056,23.989651],[92.31263,23.970211],[92.313408,23.943291],[92.329681,23.92312],[92.321571,23.891399],[92.320198,23.865829],[92.295052,23.86548],[92.27475,23.849058],[92.2836,23.824202],[92.259399,23.814991],[92.267799,23.769972],[92.26635,23.738728],[92.245651,23.720148],[92.247032,23.694691],[92.238136,23.670271],[92.212936,23.664202],[92.216789,23.69084],[92.197067,23.709461],[92.178871,23.732403],[92.150459,23.732491],[92.135147,23.70977],[92.117081,23.689692],[92.091942,23.677797],[92.084801,23.65082],[92.059761,23.64814],[92.03553,23.661661],[92.009521,23.67602],[91.997711,23.70104],[91.984802,23.726431],[91.95932,23.72341],[91.955818,23.69706],[91.946877,23.668171],[91.951561,23.63925],[91.956581,23.61429],[91.950996,23.588461],[91.961327,23.565001],[91.960938,23.537628],[91.968651,23.512409],[91.974571,23.486561],[91.952911,23.47333],[91.946953,23.447681],[91.920387,23.44236],[91.894981,23.43585],[91.87558,23.417898],[91.850456,23.402769],[91.841904,23.377827],[91.82373,23.35722],[91.805161,23.33264],[91.791618,23.310539],[91.780212,23.28779],[91.770912,23.26376],[91.783012,23.23765],[91.786919,23.21122],[91.798973,23.18922],[91.80735,23.16456],[91.814522,23.13872],[91.818428,23.11376],[91.835503,23.09391],[91.816536,23.073771],[91.787788,23.07266],[91.787323,23.045761],[91.766312,23.02927],[91.746323,23.00662],[91.726143,22.98983],[91.700729,23.000851],[91.675438,22.98789],[91.650131,22.979891],[91.631233,22.961349],[91.606697,22.956041],[91.580727,22.96596],[91.562866,22.986151],[91.55085,23.00963],[91.538513,23.034719],[91.536293,23.05974],[91.535278,23.087048],[91.516129,23.10483],[91.509537,23.129711],[91.497498,23.15309],[91.50264,23.17761],[91.478912,23.18631],[91.485977,23.21224],[91.459892,23.214691],[91.46434,23.24021],[91.443443,23.258101],[91.423691,23.275841],[91.407707,23.253981],[91.404007,23.22616],[91.393318,23.201731],[91.390297,23.1761],[91.393196,23.150579],[91.403259,23.125221],[91.408058,23.095119],[91.417999,23.069139],[91.395943,23.055408],[91.373627,23.071211],[91.356712,23.09462],[91.347198,23.120008],[91.340103,23.1446],[91.331123,23.16884],[91.329987,23.19451],[91.329559,23.223709],[91.331467,23.250431],[91.316757,23.273901],[91.3125,23.299471],[91.297256,23.32098],[91.311653,23.34483],[91.294792,23.36331],[91.28344,23.38645],[91.28212,23.416151],[91.26741,23.438898],[91.2575,23.464552],[91.253777,23.489719],[91.231087,23.50042],[91.208786,23.51618],[91.211868,23.541271],[91.198891,23.565693],[91.182312,23.5846],[91.166588,23.604568],[91.163338,23.63168],[91.16436,23.658791],[91.19062,23.656111],[91.208321,23.675781],[91.187737,23.691891],[91.158287,23.691221],[91.154793,23.71645],[91.161667,23.742661],[91.187592,23.751131],[91.214302,23.750101],[91.234093,23.76936],[91.232063,23.79701],[91.243683,23.819651],[91.256897,23.844521],[91.243408,23.86599],[91.23233,23.888403],[91.248863,23.908913],[91.267242,23.927073],[91.26783,23.953011],[91.279869,23.976812],[91.304047,23.989491],[91.329903,23.993731],[91.354919,23.984529],[91.373878,24.000971],[91.388313,24.02478],[91.396507,24.051352],[91.380981,24.075251],[91.375221,24.104441],[91.399857,24.1108],[91.425316,24.107943],[91.450188,24.10084],[91.47551,24.100111],[91.498878,24.088308],[91.524986,24.083973],[91.55072,24.077868],[91.576401,24.07979],[91.596863,24.096371],[91.622566,24.09737],[91.642273,24.11632],[91.640327,24.14699],[91.646088,24.175011],[91.653549,24.19953],[91.65612,24.224972],[91.673637,24.20422],[91.682571,24.177141],[91.704262,24.16102],[91.727127,24.144991],[91.752556,24.142941],[91.757439,24.17024],[91.752777,24.19717],[91.743469,24.247128],[91.784576,24.224421],[91.809929,24.21645],[91.83741,24.2197],[91.847,24.19396],[91.869293,24.17662],[91.878227,24.15056],[91.90052,24.138262],[91.914276,24.16012],[91.922096,24.203781],[91.932213,24.239491],[91.941856,24.267578],[91.929207,24.3078],[91.920433,24.335751],[91.943657,24.348501],[91.971077,24.348751],[91.986076,24.32605],[91.983551,24.354618],[91.969627,24.378771],[91.99366,24.387381],[92.021667,24.38302],[92.048569,24.376831],[92.075211,24.375853],[92.103088,24.382801],[92.12542,24.397072],[92.13752,24.420271],[92.163773,24.421722],[92.166809,24.446861],[92.160957,24.471378],[92.156433,24.49822],[92.155876,24.524229],[92.181503,24.52302],[92.185196,24.522873]]]}},{"type":"Feature","properties":{"name":"Uttar Pradesh"},"geometry":{"type":"Polygon","coordinates":[[[77.584679,30.408781],[77.611229,30.407572],[77.63662,30.409201],[77.658058,30.394011],[77.679771,30.375601],[77.697128,30.351641],[77.717667,30.3361],[77.742577,30.327608],[77.77301,30.31307],[77.799309,30.29763],[77.824059,30.28636],[77.851891,30.276583],[77.87986,30.271931],[77.903633,30.262678],[77.9254,30.248711],[77.91806,30.224791],[77.900398,30.20578],[77.890121,30.18038],[77.872047,30.163031],[77.859093,30.140482],[77.844688,30.119501],[77.823952,30.101271],[77.798737,30.09786],[77.777298,30.082401],[77.764427,30.060881],[77.772552,30.033701],[77.75325,30.017361],[77.740807,29.99412],[77.744957,29.9676],[77.728981,29.94562],[77.733017,29.913481],[77.71302,29.891573],[77.703262,29.86767],[77.730057,29.853081],[77.74234,29.824633],[77.75296,29.79744],[77.765396,29.77573],[77.761871,29.74382],[77.757713,29.715919],[77.782692,29.708321],[77.792519,29.681921],[77.821297,29.668991],[77.847069,29.68063],[77.869911,29.69401],[77.89994,29.697821],[77.920158,29.71386],[77.949432,29.707663],[77.954117,29.681332],[77.966736,29.659521],[77.973129,29.63199],[77.951866,29.616039],[77.947289,29.590431],[77.972687,29.583151],[77.977058,29.558111],[78.003517,29.556089],[78.032562,29.551701],[78.0373,29.577768],[78.05925,29.60161],[78.088676,29.6133],[78.106979,29.633181],[78.134003,29.65851],[78.165932,29.679529],[78.192299,29.706591],[78.22126,29.717623],[78.264763,29.726791],[78.302933,29.757591],[78.331741,29.796181],[78.385986,29.773861],[78.412567,29.772421],[78.452156,29.752138],[78.487579,29.741383],[78.500259,29.71534],[78.507446,29.69083],[78.509216,29.659653],[78.525467,29.62977],[78.561211,29.593731],[78.605247,29.561798],[78.639572,29.547779],[78.676559,29.521351],[78.708267,29.50942],[78.739059,29.50498],[78.765778,29.483789],[78.796951,29.47595],[78.823769,29.46969],[78.865753,29.4596],[78.896019,29.456181],[78.922928,29.456181],[78.896477,29.42358],[78.872757,29.398569],[78.840393,29.37993],[78.814178,29.370043],[78.790146,29.352119],[78.76593,29.341051],[78.741501,29.332621],[78.719757,29.31842],[78.746758,29.30271],[78.76683,29.28591],[78.787369,29.265331],[78.813782,29.252291],[78.842331,29.25428],[78.870979,29.24073],[78.884453,29.219513],[78.894348,29.1959],[78.90451,29.17057],[78.933716,29.154209],[78.960808,29.161598],[78.982628,29.146959],[78.998383,29.12294],[79.02607,29.12155],[79.012039,29.144871],[79.023071,29.170792],[79.046127,29.15473],[79.072861,29.151991],[79.100746,29.13168],[79.130806,29.12936],[79.143982,29.106623],[79.13472,29.081911],[79.153458,29.05477],[79.154518,29.027411],[79.184937,29.018011],[79.211166,29.023701],[79.237747,29.00684],[79.258018,28.98695],[79.278877,28.96484],[79.301506,28.95285],[79.328812,28.9554],[79.354767,28.953411],[79.377029,28.93705],[79.402618,28.929041],[79.401237,28.901861],[79.404297,28.874901],[79.423889,28.85524],[79.455109,28.86006],[79.482628,28.86622],[79.510132,28.8647],[79.529892,28.88689],[79.55397,28.878521],[79.547676,28.8543],[79.57428,28.8493],[79.598053,28.86492],[79.623993,28.86269],[79.654053,28.84874],[79.684341,28.857349],[79.705643,28.872353],[79.728363,28.885073],[79.759773,28.88953],[79.790642,28.87743],[79.809013,28.85891],[79.80146,28.83329],[79.782143,28.81319],[79.809052,28.810751],[79.82235,28.841751],[79.849487,28.845381],[79.871017,28.83065],[79.846207,28.821301],[79.859657,28.79845],[79.886047,28.798811],[79.899269,28.773861],[79.918083,28.752199],[79.92952,28.726513],[79.952888,28.717522],[79.988258,28.717018],[80.013626,28.73737],[80.029068,28.75806],[80.040459,28.78311],[80.034088,28.80983],[80.058426,28.83526],[80.108818,28.827715],[80.133163,28.818953],[80.156677,28.79784],[80.18338,28.775795],[80.217728,28.755283],[80.243195,28.756121],[80.2668,28.743505],[80.273705,28.71472],[80.298508,28.709675],[80.322365,28.694887],[80.327583,28.669783],[80.350319,28.653246],[80.369919,28.634815],[80.406219,28.634819],[80.43412,28.637215],[80.458206,28.623325],[80.473167,28.590851],[80.496597,28.575211],[80.516983,28.557316],[80.51651,28.615814],[80.507927,28.646311],[80.541618,28.690538],[80.567078,28.688459],[80.592041,28.679726],[80.597046,28.653559],[80.634918,28.637215],[80.669342,28.641821],[80.679703,28.609104],[80.691925,28.587029],[80.716301,28.567898],[80.751488,28.570724],[80.771019,28.551762],[80.786278,28.52923],[80.810143,28.520817],[80.843796,28.501001],[80.867287,28.489439],[80.883553,28.508518],[80.907021,28.499414],[80.906921,28.468149],[80.932587,28.458355],[80.95903,28.448412],[80.980888,28.434311],[81.001396,28.45392],[81.020912,28.431675],[81.02639,28.406601],[81.06913,28.394392],[81.091118,28.382015],[81.150414,28.371315],[81.194916,28.363815],[81.221367,28.344809],[81.23629,28.32456],[81.234535,28.288885],[81.282219,28.234715],[81.322411,28.197168],[81.323021,28.168713],[81.31945,28.143179],[81.373116,28.142216],[81.371117,28.169954],[81.412498,28.174553],[81.445709,28.16214],[81.463982,28.131287],[81.485817,28.118132],[81.480225,28.082516],[81.507523,28.069813],[81.53952,28.053514],[81.581207,28.029417],[81.618912,28.010263],[81.641106,27.996979],[81.676453,27.990877],[81.703545,27.985409],[81.757057,27.942963],[81.80397,27.905447],[81.835419,27.897415],[81.86232,27.877819],[81.882095,27.862217],[81.928017,27.859646],[81.939903,27.887842],[81.95282,27.910116],[81.970116,27.928816],[82.02742,27.925014],[82.064415,27.921515],[82.092018,27.899315],[82.116119,27.877415],[82.141312,27.859783],[82.169701,27.859207],[82.197983,27.847521],[82.231049,27.821915],[82.253448,27.810534],[82.304993,27.772978],[82.338417,27.754616],[82.369019,27.742414],[82.384079,27.720469],[82.40332,27.702909],[82.425728,27.690521],[82.450714,27.678616],[82.483818,27.682714],[82.518112,27.690243],[82.543137,27.685535],[82.586884,27.69846],[82.620811,27.702065],[82.657219,27.713125],[82.682716,27.713615],[82.709747,27.721378],[82.711914,27.695215],[82.717865,27.667889],[82.73278,27.647757],[82.738617,27.621515],[82.746819,27.595188],[82.75341,27.565487],[82.743713,27.541254],[82.739113,27.509008],[82.777275,27.500517],[82.803612,27.496391],[82.837013,27.501503],[82.872314,27.498415],[82.923073,27.501129],[82.946899,27.476757],[82.999969,27.458364],[83.025322,27.452398],[83.071419,27.451416],[83.113106,27.454515],[83.147881,27.456402],[83.176064,27.455629],[83.205505,27.434706],[83.22776,27.41176],[83.259201,27.39399],[83.268898,27.368513],[83.294746,27.335955],[83.319603,27.329988],[83.345215,27.334816],[83.366585,27.355583],[83.39019,27.375721],[83.407585,27.405298],[83.393814,27.429516],[83.403984,27.457493],[83.39093,27.47949],[83.482147,27.475389],[83.509613,27.474146],[83.55323,27.472282],[83.609566,27.469746],[83.640953,27.458542],[83.668129,27.446999],[83.69442,27.434114],[83.747353,27.409027],[83.797058,27.38616],[83.833221,27.369509],[83.854713,27.353716],[83.829338,27.327471],[83.850517,27.312099],[83.887947,27.326469],[83.916687,27.325331],[83.921883,27.296358],[83.898041,27.27899],[83.901901,27.252131],[83.925316,27.242531],[83.954483,27.235041],[83.964577,27.21101],[83.985123,27.181763],[83.966583,27.160843],[83.950912,27.140881],[83.93956,27.116671],[83.940826,27.089621],[83.971207,27.091942],[83.997513,27.09848],[84.005592,27.071939],[84.024269,27.04472],[84.035728,27.01932],[84.049522,26.99081],[84.046661,26.961941],[84.024902,26.94272],[84.047668,26.931829],[84.045143,26.904741],[84.071556,26.88187],[84.096832,26.886339],[84.122017,26.892651],[84.139297,26.874041],[84.150543,26.83947],[84.177406,26.842661],[84.196556,26.861181],[84.2211,26.872238],[84.245636,26.858723],[84.25103,26.8307],[84.249352,26.802273],[84.241127,26.775431],[84.233208,26.74511],[84.259361,26.74082],[84.286751,26.75144],[84.31102,26.733603],[84.323341,26.688478],[84.350121,26.6814],[84.402237,26.671223],[84.404793,26.642752],[84.383438,26.62151],[84.350937,26.620428],[84.325493,26.61532],[84.297028,26.6157],[84.273468,26.601351],[84.240097,26.610041],[84.215698,26.618681],[84.184677,26.625851],[84.148537,26.627748],[84.12413,26.637411],[84.09935,26.633968],[84.082802,26.615051],[84.07029,26.589258],[84.054749,26.56769],[84.04776,26.543489],[84.020042,26.53208],[83.990303,26.530142],[83.966553,26.52095],[83.93924,26.52128],[83.902206,26.51808],[83.903236,26.472271],[83.919022,26.44553],[83.946266,26.438108],[83.981956,26.43462],[84.009033,26.444981],[84.03318,26.41378],[84.055077,26.400248],[84.077217,26.383963],[84.115196,26.387569],[84.15403,26.37616],[84.167206,26.33811],[84.18174,26.317039],[84.168747,26.29287],[84.171356,26.267731],[84.157303,26.244131],[84.125946,26.26145],[84.101357,26.243071],[84.081902,26.2271],[84.049438,26.225571],[84.024002,26.23959],[84.020912,26.21422],[84.002113,26.19014],[84.013817,26.166981],[84.033623,26.13748],[84.042236,26.111622],[84.069237,26.099121],[84.10717,26.081713],[84.127922,26.055531],[84.159027,26.032242],[84.166008,26.002701],[84.192276,25.989538],[84.223442,25.991171],[84.244553,25.976818],[84.275368,25.96129],[84.296333,25.946989],[84.343712,25.958731],[84.386292,25.938181],[84.409286,25.924381],[84.421516,25.902208],[84.443718,25.889669],[84.478676,25.888361],[84.506523,25.872379],[84.531647,25.872721],[84.526978,25.83433],[84.556549,25.837511],[84.587158,25.819601],[84.610893,25.800659],[84.62075,25.772381],[84.62233,25.747318],[84.59552,25.739111],[84.555626,25.736408],[84.558609,25.700981],[84.531387,25.692833],[84.535866,25.72649],[84.52459,25.684351],[84.499031,25.677391],[84.466507,25.685511],[84.45517,25.710312],[84.424171,25.71172],[84.401878,25.699501],[84.39547,25.7244],[84.380013,25.74869],[84.354408,25.74362],[84.325623,25.737101],[84.323563,25.704],[84.318588,25.67194],[84.29213,25.67705],[84.268433,25.66326],[84.233223,25.66396],[84.202911,25.66964],[84.194313,25.703421],[84.167503,25.72175],[84.135727,25.716883],[84.107872,25.72364],[84.082893,25.71269],[84.073563,25.683573],[84.079697,25.652731],[84.056831,25.632221],[84.028221,25.62274],[84.000046,25.607719],[83.955879,25.57543],[83.925301,25.563152],[83.899422,25.531771],[83.872963,25.520403],[83.86673,25.4935],[83.85112,25.473721],[83.824677,25.461241],[83.839371,25.43878],[83.80294,25.432859],[83.796608,25.408279],[83.770683,25.4002],[83.741982,25.400591],[83.715401,25.399233],[83.689407,25.385851],[83.672218,25.36459],[83.645409,25.357641],[83.628983,25.33791],[83.603203,25.33157],[83.578827,25.317268],[83.551231,25.313892],[83.528793,25.301441],[83.508072,25.2862],[83.482063,25.28289],[83.463257,25.256409],[83.43322,25.253561],[83.406906,25.24725],[83.395973,25.222521],[83.374557,25.202511],[83.349609,25.19894],[83.346733,25.1696],[83.353996,25.140171],[83.35376,25.110373],[83.338028,25.08806],[83.327782,25.061001],[83.316498,25.038382],[83.339096,25.01189],[83.340408,24.979219],[83.357018,24.955353],[83.357353,24.919241],[83.360016,24.89185],[83.368271,24.86318],[83.382507,24.84026],[83.395668,24.815599],[83.388496,24.79154],[83.411293,24.77532],[83.434242,24.756849],[83.453087,24.73332],[83.479843,24.737831],[83.479973,24.709938],[83.499901,24.69453],[83.499481,24.66848],[83.515907,24.64282],[83.53891,24.627743],[83.517433,24.60323],[83.524002,24.575022],[83.517181,24.54917],[83.493202,24.536079],[83.461868,24.517878],[83.435638,24.513599],[83.399979,24.50606],[83.392563,24.48028],[83.381409,24.45565],[83.400673,24.43714],[83.398956,24.412081],[83.426208,24.40605],[83.439758,24.380131],[83.434311,24.347471],[83.406891,24.338991],[83.385307,24.320341],[83.396156,24.29339],[83.401886,24.266001],[83.380859,24.240021],[83.37603,24.213871],[83.370499,24.18675],[83.357353,24.156839],[83.349007,24.126438],[83.323563,24.10133],[83.292427,24.077209],[83.280403,24.055071],[83.276466,24.027309],[83.253067,24.012131],[83.226776,23.996311],[83.210571,23.977251],[83.203232,23.947533],[83.189568,23.921101],[83.164337,23.91511],[83.138786,23.904371],[83.086601,23.878172],[83.061043,23.87524],[83.036438,23.883051],[82.992279,23.87851],[82.95359,23.87277],[82.925171,23.890711],[82.890343,23.90456],[82.865692,23.922663],[82.8489,23.946833],[82.820717,23.96496],[82.800507,23.985331],[82.782669,24.00696],[82.752357,24.00843],[82.739922,24.03105],[82.762207,24.059881],[82.748039,24.08053],[82.708397,24.080761],[82.663528,24.12393],[82.665199,24.151121],[82.720367,24.13899],[82.736137,24.16835],[82.731903,24.201073],[82.732231,24.22797],[82.751572,24.245861],[82.754608,24.27162],[82.766037,24.312208],[82.763268,24.34243],[82.758759,24.36931],[82.718498,24.371222],[82.714966,24.41617],[82.725037,24.444733],[82.730606,24.470331],[82.736549,24.499771],[82.714149,24.5362],[82.741203,24.55459],[82.780937,24.546068],[82.79644,24.5875],[82.768257,24.597542],[82.767166,24.629431],[82.743126,24.64407],[82.714607,24.64213],[82.693459,24.661579],[82.685432,24.686522],[82.657928,24.700397],[82.629967,24.686701],[82.602997,24.679451],[82.573967,24.663],[82.544258,24.654879],[82.518433,24.678341],[82.486763,24.675501],[82.448853,24.6779],[82.432312,24.706282],[82.407387,24.695141],[82.405472,24.666821],[82.403526,24.636162],[82.414566,24.606392],[82.385643,24.59738],[82.360847,24.602001],[82.33506,24.62295],[82.309402,24.61294],[82.295799,24.636242],[82.291893,24.66478],[82.269493,24.68187],[82.235519,24.67639],[82.24305,24.701761],[82.241013,24.7269],[82.249626,24.756369],[82.223389,24.764179],[82.199486,24.752069],[82.213753,24.728661],[82.188736,24.743778],[82.190613,24.76956],[82.20546,24.791441],[82.181297,24.80085],[82.195969,24.82453],[82.171761,24.80884],[82.146576,24.79731],[82.11219,24.792261],[82.094658,24.810369],[82.070847,24.82494],[82.042328,24.834242],[82.00489,24.850691],[81.975449,24.842461],[81.947723,24.84259],[81.926727,24.86079],[81.910103,24.88044],[81.89846,24.905182],[81.912041,24.93092],[81.900963,24.973051],[81.899223,24.999241],[81.87352,25.00214],[81.846298,25.00712],[81.791656,25.01001],[81.749771,25.031622],[81.716408,25.052973],[81.685539,25.042183],[81.675827,25.065981],[81.646843,25.075041],[81.621902,25.056921],[81.594467,25.076933],[81.614868,25.094048],[81.625343,25.117811],[81.604263,25.099663],[81.591026,25.12299],[81.610016,25.147171],[81.610001,25.173653],[81.581779,25.16827],[81.571663,25.192951],[81.539917,25.187658],[81.512848,25.187901],[81.527283,25.16662],[81.518463,25.142548],[81.495407,25.152349],[81.474693,25.138121],[81.493141,25.110653],[81.494621,25.082109],[81.465393,25.081841],[81.436409,25.096161],[81.403069,25.106409],[81.435463,25.111038],[81.419701,25.135603],[81.397537,25.1217],[81.374283,25.138771],[81.355499,25.15765],[81.331039,25.169558],[81.310738,25.152639],[81.31678,25.12808],[81.306999,25.15967],[81.281479,25.165489],[81.265587,25.144871],[81.257957,25.11685],[81.259117,25.087301],[81.255272,25.060829],[81.242577,25.036301],[81.223099,25.01133],[81.201698,24.995729],[81.201279,24.970263],[81.206001,24.93924],[81.180626,24.949459],[81.156021,24.939821],[81.142723,24.91737],[81.134239,24.893841],[81.110733,24.910681],[81.0895,24.92448],[81.081207,24.950211],[81.050819,24.955273],[81.023201,24.952351],[81.000023,24.94021],[80.97226,24.939602],[80.944817,24.94714],[80.936821,24.9725],[80.911522,24.96228],[80.900047,24.939581],[80.875008,24.94071],[80.840919,24.93556],[80.81543,24.937908],[80.791641,24.963911],[80.818642,24.973631],[80.845047,24.9935],[80.840057,25.02021],[80.841133,25.051279],[80.870651,25.071051],[80.871216,25.098249],[80.864983,25.12365],[80.885269,25.140013],[80.904922,25.160311],[80.886162,25.177172],[80.863152,25.189211],[80.836281,25.19268],[80.841888,25.16794],[80.8321,25.141411],[80.833443,25.113272],[80.809616,25.130701],[80.783699,25.138363],[80.750862,25.141701],[80.723053,25.148783],[80.699638,25.13715],[80.722443,25.125992],[80.725243,25.09796],[80.752052,25.095409],[80.775978,25.084301],[80.765953,25.06114],[80.733597,25.062441],[80.708313,25.06493],[80.678299,25.054571],[80.67926,25.08182],[80.65374,25.07646],[80.63575,25.09605],[80.608467,25.0986],[80.622299,25.122021],[80.605637,25.14279],[80.591377,25.11799],[80.594353,25.092951],[80.568047,25.085281],[80.548622,25.069311],[80.518997,25.08193],[80.501907,25.104139],[80.476128,25.102251],[80.499977,25.08956],[80.502319,25.06286],[80.479012,25.04435],[80.459969,25.0697],[80.435097,25.08098],[80.40992,25.076719],[80.386406,25.067301],[80.364067,25.04772],[80.380882,25.027658],[80.355072,25.02449],[80.328957,25.00543],[80.298973,25.016031],[80.266937,25.030243],[80.279411,25.052679],[80.304787,25.07551],[80.313271,25.101171],[80.338356,25.12125],[80.351288,25.144901],[80.380669,25.16078],[80.415482,25.165293],[80.418129,25.191921],[80.404236,25.214041],[80.399063,25.24297],[80.362892,25.24683],[80.349266,25.26955],[80.319839,25.280491],[80.30912,25.305851],[80.311737,25.334209],[80.302628,25.35828],[80.310753,25.387318],[80.295326,25.407761],[80.273727,25.425039],[80.247307,25.411461],[80.214027,25.40423],[80.188828,25.406431],[80.182617,25.381519],[80.158287,25.37266],[80.137123,25.35573],[80.106987,25.344181],[80.083298,25.355831],[80.061501,25.342041],[80.024193,25.344591],[80.01265,25.30172],[79.992203,25.28525],[79.97728,25.26494],[79.949219,25.265301],[79.924103,25.251551],[79.898346,25.2551],[79.872459,25.253792],[79.847137,25.2402],[79.863037,25.219191],[79.858788,25.190229],[79.859657,25.16205],[79.847672,25.13339],[79.853096,25.102751],[79.827217,25.100121],[79.793251,25.11838],[79.762749,25.129829],[79.739578,25.14296],[79.707283,25.13332],[79.676598,25.13699],[79.643028,25.13236],[79.620033,25.14267],[79.595169,25.134132],[79.576256,25.157051],[79.559593,25.17597],[79.537956,25.15263],[79.51796,25.131229],[79.518288,25.104431],[79.493797,25.09201],[79.460533,25.096331],[79.470177,25.13068],[79.444786,25.113091],[79.431137,25.135401],[79.409187,25.11566],[79.388733,25.13163],[79.383873,25.17028],[79.403893,25.189581],[79.426178,25.203058],[79.432976,25.236],[79.45285,25.2565],[79.479118,25.265169],[79.457413,25.283871],[79.431213,25.25955],[79.401222,25.26236],[79.388611,25.286249],[79.367241,25.272421],[79.343086,25.290421],[79.33448,25.317398],[79.309303,25.33857],[79.283417,25.33009],[79.260139,25.31024],[79.256836,25.28499],[79.27787,25.271002],[79.303917,25.265402],[79.331902,25.27627],[79.340286,25.24308],[79.346962,25.214241],[79.32296,25.22275],[79.297821,25.234449],[79.273598,25.248119],[79.279633,25.22171],[79.283516,25.189461],[79.308746,25.165121],[79.30571,25.1399],[79.276543,25.12026],[79.262077,25.141159],[79.245842,25.161961],[79.21965,25.15457],[79.241516,25.140921],[79.222786,25.123251],[79.197937,25.128189],[79.184853,25.151133],[79.168793,25.131571],[79.144806,25.11659],[79.114822,25.1178],[79.107811,25.1437],[79.102562,25.17119],[79.084297,25.19253],[79.064079,25.172491],[79.054558,25.14887],[79.028236,25.139931],[79.035782,25.173901],[79.042778,25.21014],[79.026482,25.234671],[79.015991,25.26515],[78.992653,25.277731],[78.973312,25.253681],[78.992699,25.235003],[78.997498,25.20759],[78.969208,25.216633],[78.94236,25.218363],[78.919167,25.20624],[78.901596,25.183262],[78.877136,25.162182],[78.867599,25.18634],[78.882416,25.21106],[78.867073,25.23254],[78.891693,25.245461],[78.9086,25.274361],[78.933487,25.26354],[78.95385,25.285629],[78.952797,25.311878],[78.955772,25.347761],[78.931229,25.332413],[78.903473,25.34009],[78.87896,25.34688],[78.862457,25.32461],[78.871857,25.2918],[78.857918,25.266241],[78.845947,25.233789],[78.823677,25.25108],[78.805626,25.270931],[78.812721,25.29776],[78.786926,25.294941],[78.810226,25.31086],[78.83329,25.331341],[78.84536,25.36091],[78.874748,25.387659],[78.901077,25.389259],[78.931038,25.40316],[78.931137,25.377123],[78.895393,25.380791],[78.917152,25.359991],[78.948441,25.370003],[78.974472,25.372561],[78.96553,25.41148],[78.962486,25.436359],[78.934158,25.431892],[78.903229,25.446938],[78.92746,25.465691],[78.935181,25.494301],[78.919182,25.513552],[78.941887,25.531151],[78.935661,25.557091],[78.913322,25.545521],[78.885536,25.56077],[78.877571,25.53319],[78.851288,25.51889],[78.826996,25.5037],[78.848801,25.487572],[78.857246,25.462152],[78.836601,25.43425],[78.813873,25.446308],[78.842003,25.450003],[78.815262,25.47242],[78.789528,25.483513],[78.76432,25.476641],[78.741547,25.489931],[78.724648,25.463308],[78.748123,25.448441],[78.765373,25.430033],[78.789452,25.44202],[78.812912,25.430428],[78.788239,25.42358],[78.756203,25.419298],[78.741562,25.398581],[78.761223,25.38216],[78.756287,25.35751],[78.725243,25.353983],[78.709763,25.376268],[78.683861,25.38048],[78.65789,25.38798],[78.652046,25.413141],[78.684486,25.416012],[78.689247,25.445351],[78.657967,25.44383],[78.632507,25.43301],[78.628586,25.406462],[78.603493,25.41707],[78.588341,25.392113],[78.563446,25.397921],[78.577759,25.37714],[78.576218,25.351931],[78.544731,25.3587],[78.531502,25.33485],[78.525078,25.30653],[78.495811,25.31019],[78.469261,25.303322],[78.440598,25.304161],[78.428711,25.28083],[78.454033,25.270601],[78.489326,25.292089],[78.520851,25.288038],[78.542267,25.272039],[78.568581,25.25861],[78.561493,25.227449],[78.569763,25.20196],[78.593712,25.157391],[78.598167,25.127081],[78.597168,25.097872],[78.624741,25.086411],[78.64193,25.061491],[78.644188,25.03525],[78.636162,25.010893],[78.632019,24.983721],[78.642433,24.95265],[78.657097,24.92506],[78.668396,24.902399],[78.696342,24.894661],[78.718872,24.882662],[78.746681,24.87085],[78.767166,24.855671],[78.772568,24.830481],[78.777817,24.804873],[78.763199,24.76676],[78.769127,24.723541],[78.767601,24.69693],[78.75499,24.673571],[78.742081,24.650631],[78.748573,24.62471],[78.766617,24.597563],[78.793823,24.598228],[78.820396,24.60787],[78.839058,24.62822],[78.862808,24.641121],[78.891441,24.62207],[78.908501,24.58881],[78.930382,24.56439],[78.94001,24.534081],[78.947083,24.505989],[78.930717,24.484541],[78.90094,24.488371],[78.912796,24.463511],[78.940659,24.44598],[78.971832,24.444733],[78.986893,24.423241],[78.97422,24.39864],[78.967171,24.373583],[78.960991,24.34717],[78.932457,24.31889],[78.907761,24.301231],[78.91172,24.276501],[78.885582,24.259281],[78.88105,24.228889],[78.858208,24.213541],[78.832779,24.209282],[78.807953,24.193319],[78.782059,24.191521],[78.769836,24.215271],[78.760719,24.2391],[78.736107,24.24511],[78.711113,24.239441],[78.681137,24.24407],[78.657799,24.268051],[78.639236,24.2862],[78.617882,24.29929],[78.599007,24.323181],[78.580719,24.349831],[78.556892,24.361191],[78.527626,24.374472],[78.505371,24.39395],[78.484306,24.377628],[78.470772,24.343382],[78.440292,24.325531],[78.434776,24.297661],[78.411308,24.28758],[78.385666,24.27305],[78.366249,24.29031],[78.344536,24.303289],[78.328522,24.3255],[78.340927,24.352421],[78.362572,24.378151],[78.336731,24.40387],[78.311501,24.41744],[78.289856,24.433121],[78.266876,24.447371],[78.269661,24.473108],[78.246216,24.486719],[78.23806,24.511681],[78.216537,24.531643],[78.246109,24.548691],[78.263756,24.57872],[78.269402,24.605021],[78.258476,24.6378],[78.267899,24.663521],[78.254608,24.69249],[78.236549,24.72464],[78.22039,24.74737],[78.225822,24.776571],[78.208969,24.81307],[78.191582,24.83967],[78.165329,24.848171],[78.164703,24.8783],[78.189171,24.892801],[78.210709,24.91234],[78.249367,24.93848],[78.282288,24.963209],[78.302567,24.983971],[78.327538,24.999559],[78.338066,25.02734],[78.327179,25.067911],[78.332657,25.093243],[78.357841,25.10235],[78.389687,25.126991],[78.417656,25.12697],[78.442917,25.128771],[78.422943,25.14537],[78.446312,25.16671],[78.417267,25.172781],[78.391327,25.1912],[78.397758,25.217751],[78.370758,25.23336],[78.360298,25.25857],[78.34507,25.28297],[78.316452,25.304581],[78.327103,25.327209],[78.323196,25.355268],[78.296227,25.36499],[78.31691,25.390909],[78.334076,25.418152],[78.343788,25.446178],[78.370773,25.44717],[78.391899,25.468849],[78.416466,25.477503],[78.409409,25.504271],[78.408661,25.532902],[78.426132,25.561451],[78.455193,25.55195],[78.468941,25.572981],[78.511436,25.572962],[78.536049,25.56687],[78.565483,25.567871],[78.590279,25.57522],[78.618149,25.58699],[78.644341,25.565418],[78.665352,25.584841],[78.695709,25.59984],[78.724319,25.60845],[78.755417,25.609591],[78.784851,25.61549],[78.806427,25.63303],[78.810608,25.665062],[78.795761,25.69614],[78.777527,25.713701],[78.752403,25.727411],[78.751282,25.752701],[78.775787,25.761499],[78.790627,25.788231],[78.816757,25.79929],[78.798859,25.818211],[78.835129,25.824093],[78.849693,25.79586],[78.866463,25.82963],[78.843979,25.84531],[78.857826,25.872011],[78.883453,25.87492],[78.882942,25.906351],[78.898087,25.93087],[78.915329,25.949369],[78.92952,25.97163],[78.943886,25.99324],[78.950401,26.019861],[78.961449,26.050819],[78.982483,26.073759],[79.004379,26.09008],[78.97184,26.1087],[78.958107,26.12991],[78.96534,26.155781],[78.991791,26.15206],[78.991783,26.17728],[78.991753,26.203968],[79.020622,26.20857],[79.020393,26.234253],[79.046036,26.233549],[79.045357,26.2603],[79.057892,26.2838],[79.083572,26.272409],[79.087692,26.29903],[79.114578,26.313141],[79.124992,26.337931],[79.105263,26.355989],[79.076797,26.362692],[79.089592,26.388201],[79.086823,26.417822],[79.114899,26.415588],[79.123283,26.440639],[79.099892,26.45603],[79.074173,26.445568],[79.048462,26.456051],[79.063461,26.48476],[79.049751,26.50666],[79.031296,26.524771],[79.020546,26.551661],[78.997971,26.564011],[78.979523,26.58157],[78.991333,26.604641],[79.000847,26.630411],[78.99128,26.65457],[78.997322,26.68099],[78.969658,26.680571],[78.947891,26.662628],[78.949913,26.69194],[78.912788,26.710381],[78.882889,26.704401],[78.854317,26.71232],[78.811386,26.765471],[78.774147,26.766069],[78.749046,26.784401],[78.722939,26.779343],[78.690071,26.796028],[78.667503,26.77424],[78.628571,26.775391],[78.606461,26.757521],[78.575211,26.755993],[78.535049,26.771662],[78.491997,26.787951],[78.466316,26.793411],[78.434273,26.824112],[78.400322,26.82601],[78.374809,26.84683],[78.362503,26.87133],[78.323753,26.868641],[78.294701,26.86829],[78.270752,26.855591],[78.265312,26.824671],[78.236801,26.831699],[78.209793,26.83609],[78.200752,26.8624],[78.191139,26.888611],[78.22657,26.882629],[78.248177,26.900631],[78.262238,26.923512],[78.232742,26.933693],[78.215897,26.953951],[78.190498,26.94677],[78.163147,26.95269],[78.134071,26.957008],[78.108047,26.95001],[78.096626,26.92304],[78.072807,26.907551],[78.042236,26.915421],[78.044296,26.884531],[78.027222,26.862181],[78.022072,26.89019],[78.00666,26.910662],[77.980278,26.897701],[77.941971,26.89979],[77.909569,26.91427],[77.896126,26.889721],[77.871468,26.9055],[77.841042,26.916441],[77.814629,26.922791],[77.788857,26.922281],[77.765099,26.93799],[77.744331,26.92321],[77.71891,26.91641],[77.719841,26.88674],[77.696373,26.876591],[77.666977,26.862383],[77.624878,26.846748],[77.600838,26.83423],[77.572113,26.831961],[77.547409,26.82172],[77.520691,26.822008],[77.506668,26.847382],[77.489326,26.808611],[77.484322,26.782391],[77.480362,26.75388],[77.448311,26.74675],[77.464317,26.76955],[77.438942,26.77581],[77.43824,26.80888],[77.427193,26.83168],[77.423477,26.85762],[77.441826,26.87759],[77.464783,26.89266],[77.495842,26.905781],[77.545319,26.922041],[77.57975,26.93087],[77.604828,26.945959],[77.642273,26.9673],[77.668617,26.969179],[77.691917,26.978992],[77.714592,26.991661],[77.739693,26.99795],[77.755013,27.02276],[77.726486,27.03154],[77.721046,27.005701],[77.695671,27.01605],[77.68486,27.039841],[77.659859,27.02504],[77.634262,27.027012],[77.603432,27.029093],[77.575096,27.041571],[77.56694,27.06632],[77.546318,27.08073],[77.52137,27.067223],[77.513779,27.091379],[77.532097,27.10969],[77.574669,27.12212],[77.595917,27.137211],[77.604073,27.16432],[77.628296,27.173122],[77.654617,27.175581],[77.671997,27.195061],[77.647781,27.214548],[77.638397,27.24065],[77.625816,27.262341],[77.609352,27.28167],[77.591667,27.300558],[77.613503,27.31476],[77.614113,27.34339],[77.586617,27.335272],[77.542747,27.342428],[77.522003,27.357639],[77.502197,27.377359],[77.475868,27.38773],[77.44326,27.39333],[77.426773,27.416611],[77.418282,27.442171],[77.411369,27.472691],[77.391556,27.493561],[77.37619,27.5186],[77.340263,27.524773],[77.333572,27.55459],[77.343491,27.585503],[77.311211,27.611691],[77.332336,27.63777],[77.339348,27.66242],[77.336548,27.69618],[77.308456,27.713909],[77.312332,27.73868],[77.302963,27.76465],[77.301109,27.79368],[77.27578,27.806549],[77.288887,27.82914],[77.317192,27.833241],[77.332657,27.854891],[77.36483,27.860592],[77.392822,27.85895],[77.404091,27.88661],[77.430336,27.888842],[77.458488,27.8853],[77.474617,27.912062],[77.477661,27.94021],[77.505859,27.93614],[77.531372,27.941818],[77.51503,27.965481],[77.53215,27.98885],[77.511887,28.01025],[77.495171,28.0343],[77.482849,28.05765],[77.470016,28.083731],[77.478233,28.107971],[77.499397,28.122591],[77.496368,28.15987],[77.531769,28.170259],[77.505661,28.195471],[77.521576,28.21739],[77.535622,28.24052],[77.512253,28.25433],[77.487076,28.261761],[77.464813,28.27743],[77.492737,28.28063],[77.495789,28.307041],[77.473557,28.327881],[77.485176,28.35021],[77.485893,28.379702],[77.466843,28.399681],[77.451477,28.424858],[77.428299,28.444061],[77.397797,28.458641],[77.376007,28.47616],[77.360481,28.49786],[77.337738,28.50897],[77.32151,28.535851],[77.295189,28.561201],[77.307137,28.59691],[77.333153,28.606712],[77.320953,28.636021],[77.31543,28.663271],[77.327583,28.691841],[77.317162,28.71722],[77.292946,28.70977],[77.276863,28.7344],[77.251877,28.745501],[77.229042,28.772438],[77.20845,28.787189],[77.194611,28.815363],[77.217323,28.835279],[77.207832,28.86022],[77.183189,28.871771],[77.199097,28.892681],[77.221497,28.908131],[77.19677,28.920931],[77.190788,28.946861],[77.203751,28.9823],[77.214188,29.00596],[77.191597,29.021292],[77.162636,29.048571],[77.157188,29.077532],[77.131767,29.094648],[77.136208,29.12784],[77.126617,29.15402],[77.139992,29.182081],[77.136162,29.207451],[77.142799,29.237791],[77.134987,29.266493],[77.144371,29.2962],[77.153603,29.32226],[77.127579,29.344339],[77.116699,29.37258],[77.146797,29.389771],[77.12587,29.410641],[77.138451,29.436863],[77.117836,29.456461],[77.123322,29.486061],[77.103409,29.509541],[77.086487,29.528261],[77.104431,29.54891],[77.101982,29.577],[77.085617,29.6008],[77.100479,29.622272],[77.109703,29.64724],[77.131302,29.662991],[77.119171,29.685841],[77.139877,29.70023],[77.122559,29.736038],[77.118896,29.764221],[77.137436,29.782202],[77.151718,29.803471],[77.165268,29.82449],[77.178108,29.86216],[77.184967,29.890308],[77.186897,29.91748],[77.211128,29.94071],[77.229576,29.961903],[77.250473,29.988451],[77.264343,30.01306],[77.271767,30.039911],[77.291847,30.058491],[77.324806,30.061802],[77.348427,30.076698],[77.373428,30.093019],[77.408577,30.102552],[77.412613,30.12771],[77.415321,30.156691],[77.440338,30.169209],[77.473267,30.188591],[77.488533,30.21874],[77.505508,30.242241],[77.522507,30.266199],[77.540421,30.29097],[77.563553,30.306082],[77.570099,30.331551],[77.582787,30.358438],[77.57489,30.38452],[77.57283,30.410332],[77.584679,30.408781]]]}},{"type":"Feature","properties":{"name":"Uttarakhand"},"geometry":{"type":"Polygon","coordinates":[[[79.194778,31.353622],[79.221642,31.337301],[79.23848,31.304211],[79.237106,31.275749],[79.237343,31.250681],[79.262779,31.245291],[79.276649,31.22283],[79.288437,31.195633],[79.284897,31.170101],[79.299622,31.14924],[79.321846,31.135891],[79.346359,31.126402],[79.377098,31.12079],[79.389679,31.098761],[79.406242,31.076988],[79.411362,31.04731],[79.457298,31.039501],[79.487358,31.041059],[79.505386,31.023571],[79.522667,31.00452],[79.531319,30.97789],[79.550171,30.961081],[79.575729,30.95439],[79.603607,30.952681],[79.630333,30.96637],[79.651596,30.984362],[79.693237,30.98168],[79.724792,30.990881],[79.74559,31.006151],[79.778557,30.98826],[79.804993,30.97777],[79.830307,30.98398],[79.854927,30.97891],[79.868752,30.952751],[79.877617,30.926392],[79.902031,30.915661],[79.915047,30.89222],[79.941643,30.892],[79.967499,30.882315],[79.991531,30.86878],[80.017822,30.847879],[80.042656,30.843891],[80.064209,30.824541],[80.074051,30.799721],[80.101082,30.781507],[80.125267,30.79351],[80.144722,30.81319],[80.168556,30.80512],[80.185249,30.7855],[80.195427,30.76111],[80.220978,30.76593],[80.235001,30.744989],[80.225388,30.71759],[80.209877,30.691359],[80.185547,30.682308],[80.197327,30.656752],[80.202927,30.630619],[80.206436,30.602381],[80.215736,30.579041],[80.238647,30.56566],[80.263557,30.571121],[80.289322,30.571001],[80.311913,30.559608],[80.333488,30.544771],[80.365173,30.52869],[80.391426,30.529819],[80.412567,30.51582],[80.448059,30.49637],[80.473549,30.492041],[80.497017,30.48189],[80.513588,30.46133],[80.539497,30.46468],[80.564186,30.483212],[80.593559,30.482231],[80.62307,30.463428],[80.643501,30.44751],[80.66777,30.441198],[80.699806,30.418343],[80.731293,30.40222],[80.751541,30.385462],[80.766357,30.361219],[80.782219,30.33839],[80.811287,30.319981],[80.845802,30.307228],[80.870491,30.302841],[80.896469,30.29393],[80.920586,30.287306],[80.947258,30.28256],[80.972527,30.274401],[80.998291,30.268541],[81.019066,30.25318],[80.990463,30.246817],[80.961258,30.237616],[80.929214,30.235916],[80.905983,30.216738],[80.885727,30.194408],[80.864571,30.168896],[80.875229,30.144321],[80.864319,30.120914],[80.847054,30.102285],[80.821236,30.097103],[80.801193,30.08091],[80.782265,30.05802],[80.760605,30.044407],[80.753235,30.012558],[80.721291,30.000378],[80.702263,29.980028],[80.683891,29.962523],[80.658157,29.955122],[80.633324,29.964766],[80.605339,29.958717],[80.580978,29.932528],[80.571411,29.90904],[80.56768,29.879215],[80.553139,29.856352],[80.532913,29.838215],[80.509026,29.823042],[80.4972,29.797466],[80.465652,29.802299],[80.43959,29.803843],[80.414825,29.791851],[80.397926,29.763144],[80.374069,29.749125],[80.367729,29.724915],[80.381615,29.701015],[80.386017,29.675014],[80.408241,29.659622],[80.421165,29.634022],[80.407417,29.612816],[80.393227,29.581573],[80.365364,29.564056],[80.343414,29.541615],[80.344238,29.510992],[80.315033,29.497824],[80.294777,29.47893],[80.304474,29.454447],[80.27713,29.458424],[80.252251,29.447329],[80.247696,29.416039],[80.265823,29.397158],[80.273361,29.371223],[80.285088,29.341858],[80.304047,29.323021],[80.320129,29.303827],[80.305717,29.272945],[80.301987,29.245419],[80.296791,29.217642],[80.26252,29.206615],[80.262314,29.174715],[80.274406,29.144751],[80.250549,29.128998],[80.211388,29.121767],[80.189278,29.135485],[80.165535,29.11692],[80.131432,29.064463],[80.128143,29.031708],[80.137627,29.008411],[80.119553,28.98171],[80.067139,28.927317],[80.062912,28.883163],[80.066338,28.837286],[80.034088,28.80983],[80.040459,28.78311],[80.029068,28.75806],[80.013626,28.73737],[79.988258,28.717018],[79.952888,28.717522],[79.92952,28.726513],[79.918083,28.752199],[79.899269,28.773861],[79.900566,28.7994],[79.873077,28.796461],[79.846489,28.80496],[79.871239,28.81641],[79.855606,28.83906],[79.829651,28.84668],[79.81572,28.82468],[79.794746,28.803801],[79.801193,28.829638],[79.808121,28.856291],[79.790642,28.87743],[79.761971,28.88969],[79.737267,28.882591],[79.712189,28.88068],[79.688141,28.868191],[79.667091,28.854099],[79.641098,28.856462],[79.613548,28.868731],[79.58197,28.855843],[79.557167,28.84569],[79.553741,28.874811],[79.533089,28.89031],[79.517326,28.870581],[79.491371,28.862598],[79.464706,28.862753],[79.433456,28.861643],[79.406219,28.862251],[79.395653,28.885441],[79.400078,28.911011],[79.395561,28.93675],[79.37252,28.94763],[79.359673,28.97048],[79.337639,28.954531],[79.312157,28.958061],[79.286003,28.960503],[79.264343,28.98214],[79.239372,28.999901],[79.211166,29.023701],[79.182961,29.02421],[79.154518,29.027411],[79.165413,29.051258],[79.136986,29.06934],[79.143196,29.098949],[79.133842,29.124161],[79.108536,29.13044],[79.072861,29.151991],[79.046127,29.15473],[79.026962,29.17227],[79.010483,29.153028],[79.027687,29.132961],[79.000572,29.11655],[78.983536,29.137348],[78.973198,29.16082],[78.948883,29.152781],[78.923637,29.157131],[78.898346,29.154888],[78.905701,29.18034],[78.893562,29.20484],[78.870148,29.228531],[78.857872,29.252201],[78.833191,29.25942],[78.799881,29.257853],[78.758636,29.286671],[78.738899,29.306311],[78.71386,29.31735],[78.734787,29.331758],[78.757408,29.34976],[78.782463,29.346441],[78.806847,29.373152],[78.834366,29.369671],[78.856796,29.38559],[78.882797,29.4048],[78.900406,29.44669],[78.875427,29.459978],[78.846123,29.463652],[78.816696,29.468571],[78.785507,29.47603],[78.742256,29.501221],[78.708267,29.50942],[78.676559,29.521351],[78.650391,29.540689],[78.621498,29.552891],[78.576477,29.58057],[78.53054,29.623932],[78.511513,29.65069],[78.507248,29.67697],[78.501846,29.711708],[78.487579,29.741383],[78.452156,29.752138],[78.424316,29.76165],[78.398422,29.772133],[78.351257,29.786251],[78.302933,29.757591],[78.281937,29.74234],[78.2314,29.70409],[78.193527,29.710058],[78.165932,29.679529],[78.139122,29.6761],[78.114822,29.645161],[78.094238,29.628031],[78.082062,29.60181],[78.05069,29.598051],[78.042641,29.571913],[78.019272,29.55405],[77.994156,29.555099],[77.984047,29.579861],[77.955986,29.58445],[77.950401,29.61097],[77.976837,29.614038],[77.97702,29.642061],[77.96936,29.666571],[77.951767,29.685671],[77.942451,29.7124],[77.916229,29.711651],[77.886833,29.700701],[77.858513,29.688061],[77.834267,29.671883],[77.804489,29.676901],[77.794922,29.70046],[77.769806,29.709921],[77.767357,29.73781],[77.765717,29.76371],[77.75296,29.79744],[77.74234,29.824633],[77.730057,29.853081],[77.706032,29.863741],[77.703018,29.889759],[77.724831,29.905901],[77.718941,29.93284],[77.732689,29.954981],[77.731003,29.984331],[77.744621,30.008802],[77.767799,30.02294],[77.758209,30.046541],[77.771896,30.072491],[77.785133,30.096781],[77.810707,30.089548],[77.830582,30.107241],[77.850517,30.128658],[77.864441,30.149939],[77.887939,30.178749],[77.89991,30.20401],[77.91806,30.224791],[77.93148,30.24696],[77.907951,30.260731],[77.88221,30.27047],[77.855873,30.273939],[77.832779,30.283781],[77.809052,30.292179],[77.784309,30.30549],[77.76268,30.318491],[77.737717,30.328192],[77.713089,30.337933],[77.694252,30.355343],[77.677513,30.379129],[77.655296,30.394779],[77.634216,30.410879],[77.609161,30.41041],[77.579712,30.411921],[77.603752,30.437441],[77.630547,30.436159],[77.653206,30.449541],[77.67907,30.451731],[77.699188,30.468699],[77.729279,30.48234],[77.755043,30.498329],[77.788193,30.5061],[77.805023,30.52478],[77.806877,30.55426],[77.778267,30.55736],[77.753532,30.57023],[77.73864,30.592871],[77.75563,30.616199],[77.78199,30.619358],[77.772171,30.64497],[77.762947,30.66843],[77.73658,30.68285],[77.741096,30.710661],[77.722191,30.730619],[77.700737,30.744968],[77.688286,30.768669],[77.708649,30.78451],[77.719421,30.80831],[77.73745,30.8263],[77.731461,30.850771],[77.740852,30.874331],[77.765167,30.865179],[77.789368,30.858549],[77.784439,30.888371],[77.79895,30.908791],[77.77449,30.925331],[77.745598,30.92231],[77.733276,30.949501],[77.753922,30.976843],[77.787613,30.965721],[77.812607,30.952791],[77.797287,30.97296],[77.810913,30.99538],[77.82106,31.02108],[77.805023,31.05407],[77.82473,31.07443],[77.85038,31.095169],[77.872757,31.123211],[77.889709,31.14897],[77.914688,31.156578],[77.939217,31.167301],[77.969383,31.165152],[78.007721,31.15708],[78.026886,31.180191],[78.053833,31.19293],[78.080078,31.190708],[78.10688,31.20249],[78.134903,31.21612],[78.160446,31.23192],[78.184921,31.22333],[78.206818,31.23723],[78.23259,31.23502],[78.253242,31.252871],[78.278152,31.266661],[78.296806,31.28447],[78.326637,31.28824],[78.356323,31.290871],[78.381363,31.281471],[78.39135,31.252991],[78.419456,31.25988],[78.444138,31.2442],[78.466568,31.22094],[78.486572,31.20417],[78.514137,31.20392],[78.550247,31.218493],[78.579399,31.235003],[78.610046,31.23105],[78.634453,31.221889],[78.647697,31.19467],[78.676086,31.20319],[78.700699,31.19639],[78.749451,31.194351],[78.788811,31.204451],[78.800507,31.178261],[78.815872,31.153931],[78.837776,31.13069],[78.862251,31.11241],[78.890747,31.106079],[78.920471,31.10759],[78.952431,31.10841],[78.984863,31.11647],[78.978088,31.14566],[78.974663,31.178101],[78.946213,31.19356],[78.935066,31.219191],[78.909912,31.233889],[78.906883,31.25919],[78.915993,31.28717],[78.925186,31.314369],[78.936966,31.34248],[78.961243,31.352032],[78.989677,31.361839],[79.006828,31.40062],[79.027206,31.420292],[79.033966,31.44458],[79.045197,31.468121],[79.07621,31.45825],[79.10009,31.447931],[79.126488,31.439781],[79.141891,31.420021],[79.163452,31.398918],[79.175117,31.376471],[79.191933,31.356531],[79.194778,31.353622]]]}},{"type":"Feature","properties":{"name":"West Bengal"},"geometry":{"type":"MultiPolygon","coordinates":[[[[88.018608,21.572779],[88.018608,21.572779]],[[88.497711,21.599754],[88.519447,21.58639],[88.53167,21.563614],[88.520554,21.540833],[88.506386,21.56167],[88.482224,21.554169],[88.484123,21.579491],[88.497711,21.599754]],[[88.17778,21.60111],[88.186668,21.577221],[88.167778,21.594168],[88.17778,21.60111]],[[88.834724,21.607222],[88.85833,21.598333],[88.880547,21.586672],[88.89917,21.568611],[88.883057,21.549442],[88.85778,21.55056],[88.835281,21.56167],[88.830566,21.58639],[88.834724,21.607222]],[[88.728851,21.637081],[88.734543,21.612663],[88.756477,21.600441],[88.745552,21.576391],[88.720558,21.575001],[88.709045,21.597345],[88.713608,21.622221],[88.728851,21.637081]],[[88.537216,21.63862],[88.560837,21.629433],[88.58139,21.61278],[88.586349,21.587852],[88.568054,21.569723],[88.543053,21.573332],[88.552498,21.596628],[88.527657,21.59337],[88.515266,21.61528],[88.521278,21.639675],[88.537216,21.63862]],[[88.892357,21.65209],[88.892357,21.65209]],[[88.771942,21.653063],[88.771111,21.628056],[88.785919,21.607571],[88.790276,21.5825],[88.765831,21.576391],[88.758057,21.600344],[88.736076,21.61241],[88.730209,21.636803],[88.75251,21.648338],[88.771942,21.653063]],[[88.965767,21.641535],[88.99086,21.644041],[88.992233,21.618891],[88.967499,21.61389],[88.949997,21.631947],[88.944206,21.656429],[88.964966,21.64246],[88.965767,21.641535]],[[88.634445,21.656666],[88.634445,21.656666]],[[88.576881,21.691734],[88.585167,21.667711],[88.596947,21.645561],[88.603333,21.621111],[88.579056,21.627171],[88.555496,21.63658],[88.566116,21.65941],[88.568916,21.68471],[88.576881,21.691734]],[[88.591942,21.694166],[88.605003,21.672775],[88.581177,21.681013],[88.591942,21.694166]],[[88.984489,21.705688],[88.991669,21.68],[88.987617,21.654329],[89.012657,21.651428],[89.025833,21.629889],[89.029053,21.605091],[89.003922,21.601883],[88.997131,21.626028],[88.98159,21.64566],[88.963257,21.662991],[88.954437,21.68639],[88.97596,21.699711],[88.984489,21.705688]],[[88.806656,21.706673],[88.808891,21.680277],[88.798332,21.656111],[88.774437,21.664169],[88.749168,21.673334],[88.764717,21.693062],[88.788612,21.701111],[88.806656,21.706673]],[[88.311081,21.70635],[88.335556,21.69972],[88.350555,21.679445],[88.346664,21.653889],[88.341942,21.629168],[88.32196,21.61389],[88.306908,21.634287],[88.315277,21.658054],[88.314163,21.683102],[88.300369,21.704029],[88.311081,21.70635]],[[88.454033,21.709341],[88.46595,21.686775],[88.464699,21.659422],[88.456665,21.635555],[88.44223,21.615],[88.433327,21.638597],[88.420563,21.66013],[88.419441,21.68611],[88.435631,21.705187],[88.454033,21.709341]],[[88.697121,21.712879],[88.702423,21.688278],[88.720871,21.670879],[88.740295,21.654535],[88.715858,21.648279],[88.699623,21.66774],[88.691658,21.691952],[88.697121,21.712879]],[[88.204506,21.721182],[88.202217,21.69611],[88.207176,21.671558],[88.227783,21.657221],[88.222702,21.632706],[88.211113,21.609444],[88.196503,21.630159],[88.188705,21.654245],[88.182777,21.68111],[88.1875,21.706112],[88.204506,21.721182]],[[89.059204,21.721804],[89.070717,21.699539],[89.083038,21.677523],[89.094131,21.655006],[89.086632,21.631083],[89.064018,21.619659],[89.04023,21.628193],[89.028053,21.650278],[89.023552,21.675344],[89.022003,21.70038],[89.037216,21.72056],[89.059204,21.721804]],[[88.977997,21.726875],[89.001289,21.715466],[89.02005,21.698727],[89.020836,21.673611],[89.007759,21.652222],[88.995529,21.674231],[88.99276,21.699171],[88.97467,21.716995],[88.977997,21.726875]],[[88.54567,21.73613],[88.570557,21.7325],[88.585136,21.71207],[88.582611,21.686934],[88.570526,21.709021],[88.550858,21.724545],[88.568909,21.70689],[88.566948,21.681667],[88.560837,21.657221],[88.546387,21.636667],[88.52916,21.654793],[88.529953,21.679911],[88.520546,21.70389],[88.532257,21.726061],[88.54567,21.73613]],[[88.195602,21.72448],[88.195602,21.72448]],[[88.883057,21.745279],[88.905281,21.729723],[88.923332,21.70722],[88.941673,21.690001],[88.93528,21.665831],[88.925003,21.64222],[88.900276,21.652781],[88.88472,21.672781],[88.873055,21.695831],[88.87278,21.720833],[88.881386,21.744438],[88.883057,21.745279]],[[88.412338,21.73126],[88.424553,21.709356],[88.412399,21.686861],[88.411507,21.661617],[88.424217,21.639961],[88.410278,21.618891],[88.400558,21.595556],[88.389999,21.61861],[88.386162,21.643351],[88.381943,21.668056],[88.390068,21.691717],[88.403839,21.712851],[88.38195,21.725561],[88.393082,21.748144],[88.412338,21.73126]],[[88.220909,21.76215],[88.245903,21.757427],[88.270897,21.754721],[88.261681,21.731119],[88.279999,21.7139],[88.296669,21.694445],[88.311111,21.673611],[88.300148,21.650982],[88.290001,21.627501],[88.286942,21.60251],[88.305832,21.583891],[88.291664,21.563053],[88.266113,21.558056],[88.243332,21.568611],[88.243889,21.593611],[88.22583,21.611683],[88.234734,21.635378],[88.231941,21.6607],[88.211021,21.67444],[88.219177,21.698351],[88.211517,21.72266],[88.214333,21.74758],[88.220909,21.76215]],[[88.927101,21.76195],[88.951393,21.75528],[88.970718,21.7391],[88.973892,21.71417],[88.951202,21.702551],[88.93,21.71611],[88.930557,21.74139],[88.927101,21.76195]],[[88.365387,21.764166],[88.360626,21.739189],[88.37384,21.717779],[88.369446,21.693056],[88.345306,21.699852],[88.348053,21.72472],[88.342522,21.749563],[88.36293,21.764212],[88.365387,21.764166]],[[89.005119,21.764977],[89.028046,21.754032],[89.045563,21.736111],[89.0271,21.718987],[89.010696,21.73848],[88.999725,21.762026],[89.005119,21.764977]],[[88.831673,21.766109],[88.856392,21.76195],[88.849167,21.73778],[88.839996,21.714451],[88.840843,21.68861],[88.850281,21.664169],[88.860413,21.640947],[88.836769,21.64912],[88.844139,21.625023],[88.818611,21.628611],[88.818047,21.653641],[88.820793,21.678558],[88.818886,21.703608],[88.796646,21.715191],[88.774536,21.70278],[88.782097,21.72702],[88.796989,21.74712],[88.820229,21.756479],[88.831673,21.766109]],[[88.384903,21.764441],[88.38501,21.738611],[88.360901,21.745289],[88.376396,21.76548],[88.384903,21.764441]],[[88.200546,21.768608],[88.200546,21.768608]],[[88.282791,21.765011],[88.282791,21.765011]],[[88.582222,21.777781],[88.586388,21.753019],[88.609596,21.743181],[88.596565,21.721823],[88.583969,21.743486],[88.571877,21.765375],[88.582222,21.777781]],[[88.30249,21.724562],[88.27787,21.729919],[88.285637,21.75386],[88.305244,21.737963],[88.30249,21.724562]],[[88.50528,21.78299],[88.50528,21.78299]],[[88.999672,21.785469],[88.997772,21.760279],[89.008606,21.73765],[88.986099,21.726341],[88.966667,21.742802],[88.963783,21.767651],[88.983337,21.783319],[88.999672,21.785469]],[[88.609726,21.790279],[88.623886,21.769169],[88.630035,21.744917],[88.621391,21.72139],[88.612503,21.74629],[88.588478,21.754217],[88.589172,21.779449],[88.609726,21.790279]],[[88.273964,21.790791],[88.273964,21.790791]],[[88.183334,21.7875],[88.183334,21.7875]],[[88.458611,21.788651],[88.469788,21.76605],[88.467216,21.74111],[88.456108,21.718611],[88.434448,21.705559],[88.428688,21.730211],[88.426697,21.755411],[88.437065,21.778362],[88.458611,21.788651]],[[88.716202,21.807381],[88.727219,21.784904],[88.746513,21.768881],[88.75222,21.742779],[88.770943,21.725714],[88.752518,21.708649],[88.759872,21.684631],[88.735153,21.688927],[88.751053,21.66959],[88.727287,21.67745],[88.709717,21.69528],[88.704216,21.719851],[88.695526,21.743361],[88.702972,21.7677],[88.711945,21.791111],[88.716202,21.807381]],[[88.171112,21.808611],[88.171112,21.808611]],[[88.544571,21.81032],[88.566673,21.796108],[88.562225,21.771391],[88.571098,21.74799],[88.547813,21.737295],[88.528358,21.721203],[88.510246,21.738831],[88.512543,21.763811],[88.531242,21.780861],[88.511673,21.76528],[88.51638,21.79014],[88.535278,21.807222],[88.544571,21.81032]],[[88.421806,21.81109],[88.440598,21.794458],[88.426437,21.773684],[88.423119,21.74852],[88.425293,21.723461],[88.404228,21.737747],[88.395279,21.76156],[88.391708,21.78644],[88.41124,21.802851],[88.421806,21.81109]],[[88.999573,21.81167],[89.015221,21.791891],[89.020531,21.767115],[89.00367,21.786106],[88.994499,21.809572],[88.999573,21.81167]],[[88.750633,21.795401],[88.731056,21.779581],[88.739929,21.803217],[88.750633,21.795401]],[[88.828079,21.804029],[88.822922,21.778439],[88.815742,21.75415],[88.790833,21.75001],[88.791138,21.77512],[88.802452,21.797457],[88.817642,21.817638],[88.828079,21.804029]],[[88.787498,21.745001],[88.765846,21.73204],[88.763336,21.756945],[88.76255,21.782045],[88.774216,21.804487],[88.794403,21.788792],[88.782219,21.766947],[88.787498,21.745001]],[[88.915833,21.825834],[88.927223,21.803333],[88.919724,21.779165],[88.911659,21.754169],[88.900558,21.77667],[88.886673,21.797779],[88.901947,21.82],[88.915833,21.825834]],[[88.181946,21.825829],[88.181946,21.825829]],[[88.559448,21.829721],[88.559448,21.829721]],[[88.484879,21.83469],[88.499733,21.81361],[88.478653,21.799763],[88.453941,21.804995],[88.469719,21.824444],[88.484879,21.83469]],[[88.941391,21.847221],[88.953903,21.825293],[88.971947,21.807222],[88.94722,21.802778],[88.951111,21.778061],[88.92778,21.766665],[88.92028,21.790831],[88.933609,21.812502],[88.924446,21.835833],[88.941391,21.847221]],[[88.592216,21.85],[88.610558,21.8325],[88.613052,21.807501],[88.589455,21.798325],[88.576111,21.81979],[88.583549,21.84371],[88.592216,21.85]],[[88.519958,21.854637],[88.519958,21.854637]],[[88.538002,21.853582],[88.538002,21.853582]],[[88.331131,21.860687],[88.351883,21.84614],[88.351761,21.820881],[88.360817,21.796831],[88.377876,21.77702],[88.354988,21.766239],[88.340279,21.74577],[88.34449,21.721073],[88.322647,21.708893],[88.3097,21.7306],[88.304955,21.755405],[88.298653,21.779634],[88.276817,21.792465],[88.271576,21.81694],[88.295609,21.824333],[88.31395,21.841721],[88.330322,21.860708],[88.331131,21.860687]],[[88.85611,21.86528],[88.87722,21.851669],[88.879723,21.82667],[88.881386,21.801666],[88.896942,21.781668],[88.891113,21.754997],[88.916107,21.74778],[88.89167,21.741669],[88.878052,21.762781],[88.85833,21.778891],[88.839447,21.795555],[88.840279,21.82111],[88.838333,21.84639],[88.85611,21.86528]],[[88.582748,21.865549],[88.582748,21.865549]],[[88.136948,21.875],[88.147751,21.852303],[88.158112,21.829111],[88.164436,21.804161],[88.169182,21.779318],[88.170708,21.75425],[88.165703,21.729588],[88.15667,21.705832],[88.150558,21.681391],[88.153893,21.655832],[88.14222,21.6325],[88.116943,21.626944],[88.09111,21.629168],[88.066673,21.636391],[88.044167,21.64917],[88.036942,21.673891],[88.041382,21.698837],[88.048897,21.723045],[88.06472,21.742779],[88.070366,21.767651],[88.080231,21.791096],[88.092461,21.813213],[88.103889,21.835831],[88.117775,21.856943],[88.13356,21.876501],[88.136948,21.875]],[[88.789169,21.878611],[88.8125,21.869171],[88.824448,21.84639],[88.818336,21.821671],[88.80027,21.797218],[88.789444,21.820833],[88.765831,21.830553],[88.773613,21.854445],[88.78611,21.876398],[88.789169,21.878611]],[[88.979057,21.89349],[89.001869,21.88303],[89.02372,21.87009],[88.998421,21.869303],[89.01342,21.849171],[89.028076,21.828869],[89.008469,21.81292],[88.989647,21.796455],[88.974136,21.776663],[88.949883,21.784054],[88.969322,21.799868],[88.977867,21.823511],[88.953789,21.83078],[88.961693,21.854691],[88.976341,21.874969],[88.979057,21.89349]],[[88.621666,21.897779],[88.634079,21.875992],[88.649712,21.85556],[88.648331,21.830553],[88.642357,21.80571],[88.617226,21.808611],[88.618889,21.833611],[88.599716,21.849718],[88.603058,21.875],[88.618057,21.896111],[88.621666,21.897779]],[[88.137306,21.89514],[88.137306,21.89514]],[[88.816948,21.901112],[88.839447,21.889723],[88.830826,21.865549],[88.805786,21.868055],[88.809998,21.893055],[88.816948,21.901112]],[[88.56234,21.897461],[88.573242,21.87394],[88.568886,21.84907],[88.555916,21.827461],[88.532776,21.838612],[88.543053,21.861944],[88.54937,21.886438],[88.56234,21.897461]],[[88.425461,21.904091],[88.425461,21.904091]],[[88.44648,21.904921],[88.468147,21.892084],[88.485558,21.87361],[88.49015,21.848042],[88.470833,21.831671],[88.449547,21.81814],[88.461693,21.79615],[88.436729,21.801121],[88.41169,21.804951],[88.395233,21.824112],[88.398613,21.85],[88.403053,21.875834],[88.4198,21.894545],[88.442467,21.905832],[88.44648,21.904921]],[[88.718056,21.907223],[88.742233,21.89889],[88.7575,21.878889],[88.777222,21.86278],[88.765556,21.840269],[88.77417,21.816668],[88.765831,21.792776],[88.752502,21.814442],[88.731392,21.797779],[88.709717,21.810289],[88.720276,21.833336],[88.696114,21.840555],[88.716942,21.855278],[88.708054,21.879444],[88.716667,21.903608],[88.718056,21.907223]],[[88.106949,21.8936],[88.106949,21.8936]],[[88.504723,21.912781],[88.491943,21.891108],[88.504723,21.912781]],[[88.452454,21.906338],[88.452454,21.906338]],[[88.639999,21.92168],[88.663933,21.91382],[88.657303,21.889462],[88.638702,21.872719],[88.62809,21.895571],[88.635811,21.9195],[88.639999,21.92168]],[[88.134789,21.926744],[88.133957,21.901371],[88.119392,21.921803],[88.134789,21.926744]],[[88.836555,21.917892],[88.866318,21.913668],[88.894958,21.916895],[88.919868,21.926069],[88.940826,21.91222],[88.964157,21.9025],[88.97139,21.878328],[88.959167,21.85639],[88.951393,21.880833],[88.952225,21.855801],[88.926941,21.852209],[88.915558,21.874722],[88.925003,21.851391],[88.924156,21.825829],[88.899719,21.819723],[88.879723,21.835279],[88.863388,21.855831],[88.853889,21.879168],[88.840836,21.904722],[88.821114,21.920555],[88.836555,21.917892]],[[88.72361,21.931944],[88.745834,21.920279],[88.770546,21.92528],[88.794991,21.918112],[88.814453,21.90139],[88.801941,21.879438],[88.778336,21.869722],[88.758057,21.885],[88.738052,21.9],[88.717499,21.914446],[88.72361,21.931944]],[[88.16333,21.937222],[88.16333,21.937222]],[[88.745392,21.979738],[88.75071,21.954851],[88.772881,21.942398],[88.797775,21.940002],[88.775696,21.927988],[88.750542,21.928909],[88.724724,21.9375],[88.722816,21.962511],[88.741249,21.97958],[88.745392,21.979738]],[[88.759163,21.998608],[88.759163,21.998608]],[[88.659973,22.019213],[88.684776,22.013809],[88.707542,22.002165],[88.698563,21.97868],[88.689339,21.955299],[88.664619,21.951111],[88.639458,21.951611],[88.630226,21.975019],[88.638809,21.998899],[88.65358,22.01935],[88.659973,22.019213]],[[88.141388,22.02639],[88.129997,22.003891],[88.1175,21.981951],[88.101112,21.959169],[88.08889,21.93722],[88.069733,21.920563],[88.047676,21.932884],[88.055763,21.958321],[88.065559,21.981421],[88.081108,22.00111],[88.102783,22.013891],[88.127502,22.02],[88.141388,22.02639]],[[88.812767,22.019442],[88.84333,22.017778],[88.868332,22.022779],[88.892502,22.011667],[88.902397,21.987101],[88.907333,21.961592],[88.905907,21.936071],[88.885864,21.920795],[88.856583,21.91906],[88.834526,21.93276],[88.809998,21.939444],[88.789169,21.953331],[88.763054,21.951944],[88.756111,21.97611],[88.779716,21.985003],[88.800011,21.970392],[88.777779,21.990282],[88.760788,22.009323],[88.783813,22.019281],[88.808891,22.02194],[88.812767,22.019442]],[[88.731438,22.045246],[88.731438,22.045246]],[[88.763809,22.05167],[88.78286,22.03504],[88.761673,22.021391],[88.753609,22.04553],[88.763809,22.05167]],[[88.902786,22.045334],[88.901665,22.018888],[88.876663,22.015093],[88.859131,22.03348],[88.881943,22.044167],[88.902786,22.045334]],[[88.031387,22.06056],[88.031387,22.06056]],[[89.016197,22.05092],[89.041206,22.048504],[89.064163,22.018053],[89.075836,21.995852],[89.073296,21.970778],[89.068199,21.946032],[89.046356,21.933172],[89.02137,21.935196],[89,21.948889],[89.014259,21.969801],[89.018211,21.994717],[88.998131,21.979502],[88.97583,21.99111],[88.996056,22.005831],[88.971321,22.011959],[88.978317,22.036213],[88.995476,22.055243],[89.016197,22.05092]],[[88.635826,22.050819],[88.635826,22.050819]],[[88.811859,22.060755],[88.830276,22.04336],[88.813148,22.025141],[88.789665,22.035025],[88.801376,22.057173],[88.811859,22.060755]],[[88.87056,22.078939],[88.882957,22.057213],[88.860275,22.046116],[88.851341,22.022535],[88.832497,22.039719],[88.845551,22.06167],[88.820343,22.06111],[88.842857,22.072241],[88.86702,22.080881],[88.87056,22.078939]],[[88.690056,22.079985],[88.690056,22.079985]],[[88.904083,22.084208],[88.89122,22.062693],[88.872223,22.079073],[88.895348,22.089132],[88.904083,22.084208]],[[88.722305,22.099134],[88.700867,22.085279],[88.721222,22.10029],[88.722305,22.099134]],[[88.803467,22.085274],[88.828796,22.085279],[88.816986,22.062971],[88.792969,22.055882],[88.767677,22.054113],[88.756149,22.076731],[88.775513,22.092934],[88.795097,22.109003],[88.803467,22.085274]],[[88.817902,22.12303],[88.842957,22.121363],[88.854195,22.09874],[88.845619,22.075094],[88.825584,22.090279],[88.801247,22.097198],[88.804169,22.122223],[88.817902,22.12303]],[[88.729279,22.113621],[88.729279,22.113621]],[[88.865143,22.16699],[88.889366,22.160261],[88.901901,22.138346],[88.917007,22.118006],[88.918327,22.092901],[88.893433,22.098368],[88.870193,22.0889],[88.850998,22.104998],[88.83625,22.12528],[88.856758,22.139647],[88.848801,22.163443],[88.865143,22.16699]],[[88.949966,22.189192],[88.966621,22.17034],[88.983017,22.151003],[88.959213,22.158804],[88.973579,22.13755],[88.981667,22.113844],[88.971687,22.090891],[88.953224,22.07361],[88.928757,22.06768],[88.9226,22.04307],[88.925674,22.017904],[88.943932,22.000002],[88.935829,22.024719],[88.934166,22.050079],[88.957458,22.060282],[88.973068,22.040522],[88.962502,22.0175],[88.97139,21.993612],[88.987778,21.974447],[89.0121,21.981501],[88.995277,21.960833],[89.004189,21.93725],[89.021385,21.919012],[89,21.904444],[88.977638,21.91625],[88.977409,21.941442],[88.958687,21.924742],[88.936272,21.936136],[88.926178,21.95993],[88.916298,21.982996],[88.91584,22.008253],[88.90873,22.032682],[88.907219,22.057856],[88.914391,22.081944],[88.931343,22.100624],[88.93663,22.125231],[88.912048,22.13114],[88.903061,22.15486],[88.925522,22.166082],[88.945251,22.182358],[88.949966,22.189192]],[[89.00193,22.199171],[89.012779,22.17639],[89.02002,22.152073],[89.04081,22.138021],[89.037773,22.113012],[89.03167,22.088423],[89.036903,22.063524],[89.011909,22.061682],[88.987228,22.056902],[88.96312,22.049675],[88.975578,22.07139],[88.983894,22.095142],[88.992989,22.11854],[88.995552,22.143621],[88.98159,22.164522],[88.973343,22.18844],[88.996567,22.199121],[89.00193,22.199171]],[[88.69519,22.208612],[88.718185,22.198334],[88.743454,22.196596],[88.766357,22.186283],[88.787781,22.171108],[88.770638,22.152441],[88.747879,22.141035],[88.728539,22.124521],[88.711662,22.105379],[88.690689,22.09152],[88.68425,22.066896],[88.702263,22.04921],[88.725517,22.039961],[88.740257,22.019751],[88.718208,22.007515],[88.694008,22.0144],[88.670197,22.023361],[88.661507,22.047184],[88.655518,22.071501],[88.64257,22.09306],[88.635696,22.117212],[88.647369,22.139866],[88.655556,22.166111],[88.676109,22.182222],[88.683609,22.206512],[88.69519,22.208612]],[[88.844749,22.189192],[88.867142,22.177908],[88.843719,22.168558],[88.854294,22.145901],[88.831566,22.13529],[88.806442,22.13092],[88.787346,22.114302],[88.770279,22.095798],[88.749588,22.081057],[88.739494,22.057695],[88.714157,22.058702],[88.707336,22.083008],[88.727615,22.097891],[88.74202,22.11894],[88.758606,22.13806],[88.779724,22.151661],[88.798058,22.168888],[88.823051,22.169601],[88.831375,22.193249],[88.844749,22.189192]],[[87.989723,22.217501],[87.989723,22.217501]],[[88.932373,22.225],[88.955284,22.214771],[88.943153,22.192762],[88.919479,22.183859],[88.916786,22.208731],[88.932373,22.225]],[[88.812599,22.283392],[88.826683,22.26239],[88.821129,22.237513],[88.798599,22.226414],[88.813286,22.206148],[88.830856,22.187746],[88.806122,22.182642],[88.781006,22.18088],[88.759369,22.194021],[88.751312,22.217962],[88.761673,22.24098],[88.782516,22.255375],[88.796539,22.276114],[88.812599,22.283392]],[[88.849861,22.362917],[88.873886,22.355001],[88.893623,22.339033],[88.906273,22.317169],[88.92765,22.303602],[88.933372,22.27883],[88.933334,22.253622],[88.951996,22.236811],[88.928253,22.228041],[88.903702,22.223055],[88.88765,22.242361],[88.883873,22.26716],[88.861153,22.277637],[88.883537,22.266111],[88.885452,22.240713],[88.902313,22.221729],[88.904663,22.19676],[88.920227,22.176945],[88.894623,22.17745],[88.869682,22.180309],[88.884293,22.201056],[88.861191,22.210997],[88.856041,22.235661],[88.875488,22.252069],[88.855309,22.2369],[88.83963,22.217043],[88.863678,22.209501],[88.847313,22.190601],[88.830902,22.210131],[88.805801,22.211321],[88.819878,22.232483],[88.829445,22.255772],[88.816589,22.277681],[88.807098,22.300873],[88.805557,22.326391],[88.816109,22.35111],[88.839447,22.360279],[88.849861,22.362917]],[[88.984756,22.382433],[88.985558,22.357222],[88.983757,22.33206],[89.004929,22.318361],[89.021896,22.299883],[88.997017,22.29661],[89.008141,22.27389],[89.01944,22.25152],[89.035248,22.23193],[89.05162,22.212709],[89.068733,22.194063],[89.060837,22.170168],[89.069511,22.146477],[89.092003,22.157492],[89.076622,22.137461],[89.0522,22.145323],[89.03022,22.157843],[89.026901,22.182932],[89.018608,22.206671],[88.993332,22.208609],[88.96888,22.2139],[88.963058,22.238338],[88.947502,22.258053],[88.953278,22.282713],[88.951752,22.307985],[88.952522,22.33317],[88.954048,22.35832],[88.966988,22.379782],[88.967186,22.405142],[88.988586,22.39192],[88.984756,22.382433]],[[87.938057,22.396669],[87.938057,22.396669]],[[88.861946,22.398888],[88.878799,22.379782],[88.894997,22.360559],[88.870071,22.364468],[88.85611,22.386108],[88.861664,22.410555],[88.861946,22.398888]],[[88.867775,22.410833],[88.867775,22.410833]],[[88.9189,22.426533],[88.9189,22.426533]],[[87.925682,22.424829],[87.925682,22.424829]],[[87.911942,22.43222],[87.911942,22.43222]],[[88.859169,22.469444],[88.859169,22.469444]],[[88.781387,22.500563],[88.801453,22.4856],[88.811943,22.462221],[88.823547,22.43992],[88.802727,22.45392],[88.793106,22.477541],[88.780281,22.499166],[88.781387,22.500563]],[[88.897697,22.548861],[88.903938,22.524321],[88.894997,22.50083],[88.896523,22.475483],[88.899368,22.450583],[88.905457,22.426319],[88.919312,22.404741],[88.900558,22.387859],[88.881508,22.404322],[88.859428,22.416121],[88.85891,22.441153],[88.860229,22.466612],[88.863007,22.491753],[88.859222,22.516623],[88.868958,22.540474],[88.892502,22.54917],[88.897697,22.548861]],[[88.934196,22.564032],[88.934196,22.564032]],[[88.920166,22.565306],[88.942818,22.5541],[88.963379,22.539574],[88.96904,22.514704],[88.976112,22.490559],[88.991669,22.470835],[88.988052,22.445555],[88.984726,22.420282],[88.963333,22.406672],[88.964996,22.38167],[88.939445,22.386667],[88.940552,22.416391],[88.937668,22.391531],[88.947311,22.36841],[88.950684,22.343508],[88.946381,22.318666],[88.921532,22.321554],[88.905884,22.341713],[88.901337,22.366632],[88.910637,22.389982],[88.907776,22.415833],[88.909286,22.44108],[88.897636,22.463619],[88.899803,22.488871],[88.914169,22.51],[88.904747,22.534512],[88.894768,22.557791],[88.918938,22.56529],[88.920166,22.565306]],[[88.93605,22.621571],[88.93605,22.621571]],[[88.675972,24.3155],[88.67482,24.314569],[88.675102,24.315378],[88.675972,24.3155]],[[88.126907,27.123081],[88.152313,27.11171],[88.172607,27.13032],[88.209869,27.133402],[88.232506,27.119768],[88.263458,27.127371],[88.294907,27.124771],[88.320488,27.11664],[88.345161,27.106901],[88.370651,27.099413],[88.397659,27.094431],[88.429146,27.08362],[88.454498,27.089649],[88.466721,27.113941],[88.491852,27.12487],[88.51223,27.141031],[88.529808,27.165791],[88.55899,27.188751],[88.585091,27.192833],[88.619019,27.187853],[88.638756,27.167721],[88.668068,27.171989],[88.701973,27.17411],[88.714966,27.15024],[88.751686,27.148211],[88.775269,27.1381],[88.8013,27.135931],[88.826149,27.117661],[88.856781,27.10709],[88.871513,27.07774],[88.877449,27.045631],[88.872108,27.01647],[88.871284,26.976833],[88.874985,26.951546],[88.891922,26.97196],[88.909317,26.989965],[88.937012,26.980639],[88.955627,26.961123],[88.941414,26.938578],[88.962379,26.924131],[88.994156,26.92395],[89.019356,26.937326],[89.045906,26.920151],[89.066422,26.90349],[89.09034,26.89397],[89.098251,26.867599],[89.102028,26.836309],[89.123238,26.820883],[89.148712,26.811684],[89.172218,26.82152],[89.200127,26.813301],[89.23362,26.820501],[89.264687,26.82003],[89.289642,26.834263],[89.310455,26.848516],[89.338036,26.848719],[89.359741,26.863371],[89.385727,26.859499],[89.402863,26.840483],[89.427559,26.835949],[89.453011,26.830221],[89.465057,26.804661],[89.490288,26.802338],[89.511482,26.816992],[89.537697,26.81333],[89.566772,26.801718],[89.594078,26.79306],[89.618027,26.785301],[89.644737,26.780945],[89.647133,26.75267],[89.625259,26.740372],[89.650063,26.718956],[89.669518,26.739246],[89.694702,26.736233],[89.719627,26.730051],[89.746063,26.732651],[89.767174,26.708181],[89.795143,26.711231],[89.820847,26.714291],[89.855026,26.702848],[89.871429,26.683531],[89.868057,26.656618],[89.857292,26.63209],[89.877228,26.61305],[89.877548,26.584242],[89.864326,26.56078],[89.861839,26.53046],[89.855606,26.50514],[89.861023,26.474781],[89.869499,26.44842],[89.852997,26.424561],[89.829468,26.40328],[89.857292,26.38446],[89.830986,26.38203],[89.82106,26.35907],[89.790321,26.358063],[89.780861,26.330881],[89.753647,26.3218],[89.75914,26.292591],[89.731796,26.2929],[89.733673,26.26646],[89.708946,26.270821],[89.715721,26.24638],[89.710228,26.219141],[89.716133,26.191328],[89.733757,26.17337],[89.713097,26.154421],[89.687073,26.159033],[89.687256,26.18539],[89.693916,26.2103],[89.682701,26.233891],[89.663208,26.21809],[89.639099,26.228512],[89.643051,26.200203],[89.659042,26.17893],[89.633766,26.171751],[89.611763,26.159222],[89.600578,26.13633],[89.621399,26.119181],[89.598488,26.108601],[89.619232,26.093861],[89.63855,26.077051],[89.625816,26.05468],[89.602013,26.044598],[89.586388,26.023911],[89.588997,25.998291],[89.581131,25.97368],[89.554497,25.964621],[89.540131,25.985472],[89.524857,26.00614],[89.499153,26.003933],[89.473122,25.997068],[89.449646,26.006472],[89.439598,26.03179],[89.413658,26.039433],[89.397057,26.02013],[89.373383,26.00906],[89.349266,26.016491],[89.330048,26.035631],[89.306549,26.048571],[89.286407,26.0648],[89.260811,26.06636],[89.272118,26.089991],[89.248657,26.10491],[89.230171,26.122641],[89.205009,26.124531],[89.179527,26.1304],[89.158112,26.148281],[89.146408,26.17127],[89.145813,26.197269],[89.148338,26.223202],[89.137573,26.24715],[89.12561,26.270571],[89.114143,26.293831],[89.139389,26.298731],[89.134712,26.324011],[89.108841,26.324921],[89.105476,26.350519],[89.087189,26.367649],[89.099548,26.3899],[89.076073,26.399879],[89.04998,26.402781],[89.028923,26.416321],[89.005676,26.425711],[88.989227,26.44685],[88.966492,26.463501],[88.958046,26.439501],[88.932953,26.43475],[88.920357,26.412371],[88.919113,26.386539],[88.926376,26.362539],[88.951843,26.35939],[88.96048,26.33577],[88.980026,26.353689],[88.999413,26.336111],[88.990501,26.312401],[89.015869,26.304211],[89.033348,26.285561],[89.055893,26.297171],[89.067299,26.274031],[89.056541,26.249741],[89.030548,26.2474],[89.0047,26.24794],[88.97982,26.24465],[88.955536,26.251711],[88.940338,26.2754],[88.919373,26.29174],[88.893097,26.291813],[88.869423,26.27865],[88.872627,26.25316],[88.852829,26.236332],[88.833527,26.25292],[88.819603,26.275711],[88.821587,26.300713],[88.798927,26.313169],[88.769691,26.303659],[88.760033,26.32988],[88.749191,26.353241],[88.720413,26.34429],[88.698387,26.356449],[88.686096,26.37867],[88.679329,26.40276],[88.658806,26.41721],[88.635063,26.430161],[88.625511,26.45512],[88.606087,26.47109],[88.591187,26.449141],[88.567001,26.45632],[88.552803,26.477152],[88.526657,26.481741],[88.523613,26.507622],[88.497543,26.51173],[88.484497,26.533661],[88.462181,26.54722],[88.43541,26.54682],[88.422966,26.570843],[88.421242,26.596729],[88.418617,26.621693],[88.393196,26.614861],[88.377541,26.59351],[88.372803,26.567383],[88.360619,26.54553],[88.351479,26.520281],[88.337608,26.49769],[88.341637,26.471069],[88.354378,26.447989],[88.366493,26.470098],[88.389977,26.479391],[88.416519,26.46945],[88.442329,26.465801],[88.467949,26.464081],[88.487816,26.447611],[88.498337,26.424723],[88.512253,26.40144],[88.515289,26.37458],[88.510651,26.349871],[88.483437,26.35029],[88.460762,26.362181],[88.440338,26.3451],[88.414856,26.336731],[88.400276,26.316141],[88.375771,26.30559],[88.359268,26.286291],[88.353096,26.261909],[88.358482,26.237471],[88.343689,26.21727],[88.321907,26.202049],[88.295692,26.197929],[88.27227,26.18697],[88.245728,26.186371],[88.229446,26.16729],[88.205528,26.157579],[88.182686,26.146839],[88.180389,26.12179],[88.166222,26.099743],[88.162239,26.07439],[88.186241,26.06649],[88.173149,26.0436],[88.176811,26.018579],[88.151688,26.016661],[88.1408,25.994061],[88.124756,25.973831],[88.120346,25.948881],[88.098267,25.93288],[88.091187,25.907711],[88.108467,25.888561],[88.110397,25.861551],[88.111633,25.836271],[88.11779,25.811951],[88.13855,25.795198],[88.151703,25.773771],[88.174767,25.78446],[88.199051,25.7939],[88.226257,25.794111],[88.249916,25.805361],[88.274597,25.800249],[88.2798,25.774021],[88.30201,25.76079],[88.321106,25.742741],[88.345367,25.729509],[88.368752,25.715521],[88.383217,25.694201],[88.406456,25.682489],[88.425652,25.66633],[88.451782,25.663511],[88.457626,25.637121],[88.448349,25.613123],[88.464043,25.59026],[88.490807,25.58157],[88.499016,25.55587],[88.521652,25.541361],[88.540741,25.524813],[88.562752,25.51062],[88.589722,25.50569],[88.616318,25.50382],[88.640793,25.496759],[88.659737,25.47975],[88.687271,25.47172],[88.710152,25.482151],[88.730156,25.50141],[88.753807,25.49227],[88.762146,25.519211],[88.788239,25.514641],[88.811531,25.502979],[88.831924,25.485397],[88.837318,25.460171],[88.829659,25.435888],[88.825623,25.411041],[88.843887,25.39333],[88.84272,25.367371],[88.86261,25.35165],[88.880188,25.33021],[88.905052,25.335951],[88.917389,25.311371],[88.94175,25.305201],[88.967979,25.307119],[88.998093,25.295959],[88.981789,25.27569],[88.960426,25.26223],[88.951637,25.237411],[88.934853,25.218151],[88.947037,25.194033],[88.926651,25.179522],[88.90168,25.18239],[88.875877,25.181971],[88.859428,25.201759],[88.835167,25.20785],[88.817421,25.187168],[88.794777,25.174492],[88.773979,25.190071],[88.752037,25.17783],[88.734627,25.196711],[88.709229,25.2096],[88.682167,25.21007],[88.656517,25.203993],[88.62796,25.205551],[88.602356,25.19565],[88.581421,25.180538],[88.559258,25.19405],[88.533447,25.194441],[88.506012,25.20554],[88.480423,25.212721],[88.45443,25.19706],[88.4515,25.17058],[88.462181,25.1472],[88.445938,25.128099],[88.44545,25.100731],[88.450966,25.074512],[88.436539,25.05018],[88.446213,25.0271],[88.430176,25.00732],[88.412407,24.98772],[88.396637,24.96731],[88.397346,24.942101],[88.371857,24.94244],[88.346298,24.94153],[88.336159,24.91783],[88.347397,24.895481],[88.335457,24.872761],[88.310608,24.876431],[88.287201,24.8869],[88.263817,24.87546],[88.267273,24.902048],[88.254913,24.93037],[88.235893,24.946993],[88.213409,24.9596],[88.187088,24.95293],[88.164093,24.941761],[88.139687,24.936129],[88.151703,24.90834],[88.170593,24.890211],[88.164543,24.865271],[88.145599,24.84713],[88.134689,24.823641],[88.112022,24.812571],[88.106796,24.78495],[88.083641,24.77342],[88.067627,24.750481],[88.066063,24.724379],[88.046257,24.703621],[88.025856,24.68399],[88.017479,24.65941],[88.038422,24.64406],[88.055176,24.62232],[88.072792,24.6],[88.08654,24.577539],[88.101151,24.552349],[88.122093,24.532591],[88.141449,24.512211],[88.164406,24.498249],[88.183739,24.48221],[88.199997,24.460569],[88.227432,24.452631],[88.255737,24.447241],[88.280098,24.435181],[88.295723,24.41427],[88.316887,24.397121],[88.33786,24.38076],[88.36676,24.3729],[88.391869,24.372108],[88.417976,24.379261],[88.44838,24.377041],[88.471283,24.363371],[88.498291,24.35306],[88.526657,24.344433],[88.541656,24.321461],[88.555,24.29649],[88.568108,24.326641],[88.603989,24.3109],[88.629753,24.306082],[88.65477,24.309099],[88.680458,24.313971],[88.705788,24.30891],[88.725487,24.29328],[88.737061,24.267761],[88.735161,24.24235],[88.732643,24.21501],[88.716248,24.18899],[88.699516,24.166031],[88.707581,24.138861],[88.694687,24.11615],[88.71373,24.09901],[88.723816,24.073448],[88.733429,24.048161],[88.737457,24.023251],[88.728058,24.000071],[88.758743,24.008183],[88.770988,23.984781],[88.741631,23.984671],[88.733818,23.960091],[88.742287,23.935881],[88.731537,23.912983],[88.706146,23.914131],[88.688362,23.89386],[88.664482,23.88076],[88.641411,23.86665],[88.617981,23.87558],[88.592178,23.870468],[88.588112,23.84486],[88.599487,23.821793],[88.58844,23.798611],[88.563591,23.78657],[88.577858,23.76602],[88.574699,23.736332],[88.564568,23.71163],[88.571457,23.682751],[88.56752,23.65704],[88.589752,23.63768],[88.58474,23.61095],[88.614487,23.60207],[88.643677,23.60849],[88.649513,23.581051],[88.6567,23.55695],[88.684273,23.538971],[88.698616,23.515471],[88.725166,23.50923],[88.74292,23.48078],[88.770462,23.47978],[88.791176,23.495811],[88.790588,23.470539],[88.791397,23.44496],[88.765297,23.44281],[88.757408,23.419008],[88.75293,23.389568],[88.762306,23.36175],[88.740463,23.34923],[88.741203,23.32375],[88.725777,23.303619],[88.699928,23.301481],[88.712776,23.27866],[88.72036,23.252663],[88.747116,23.23737],[88.776802,23.23274],[88.796707,23.21557],[88.807877,23.23827],[88.834366,23.23745],[88.861977,23.22904],[88.888466,23.227123],[88.913467,23.23],[88.934853,23.208731],[88.962601,23.209433],[88.988937,23.21789],[88.982391,23.19038],[88.957581,23.181923],[88.936882,23.166821],[88.931458,23.140409],[88.911331,23.12356],[88.891319,23.102911],[88.871452,23.085861],[88.873123,23.06049],[88.878456,23.029051],[88.873413,23.004341],[88.847778,23.005493],[88.867973,22.989601],[88.866318,22.964211],[88.891777,22.95208],[88.896988,22.926741],[88.903297,22.896648],[88.914757,22.87401],[88.942993,22.874403],[88.95974,22.852411],[88.963249,22.81938],[88.958443,22.79421],[88.935013,22.783251],[88.919189,22.761711],[88.920769,22.73385],[88.936798,22.71203],[88.95919,22.69117],[88.947472,22.66119],[88.92244,22.663862],[88.902542,22.679167],[88.879944,22.667978],[88.862106,22.685675],[88.848907,22.707022],[88.824043,22.710831],[88.807999,22.730249],[88.830826,22.740835],[88.808914,22.753431],[88.806709,22.728523],[88.822433,22.708792],[88.847595,22.705679],[88.858582,22.682955],[88.875954,22.664658],[88.898941,22.675272],[88.919563,22.660902],[88.929855,22.637671],[88.942917,22.616112],[88.935936,22.591753],[88.926712,22.568502],[88.90184,22.564161],[88.881996,22.548491],[88.865982,22.528593],[88.849007,22.509945],[88.863647,22.48929],[88.854446,22.465002],[88.854233,22.439932],[88.82901,22.436029],[88.814163,22.456392],[88.811562,22.481379],[88.793633,22.498859],[88.772537,22.512793],[88.76532,22.536833],[88.75013,22.516897],[88.724953,22.518925],[88.700836,22.525833],[88.682556,22.543272],[88.674683,22.567503],[88.678413,22.592592],[88.673042,22.567911],[88.680771,22.543962],[88.695053,22.523172],[88.719856,22.518869],[88.744621,22.514612],[88.769653,22.511423],[88.78228,22.489622],[88.79496,22.467913],[88.802338,22.44385],[88.823502,22.430271],[88.84861,22.429724],[88.855812,22.405415],[88.854431,22.380293],[88.870117,22.36034],[88.845139,22.363173],[88.819725,22.36389],[88.809387,22.341051],[88.810471,22.31595],[88.803062,22.291807],[88.793083,22.268681],[88.773621,22.252069],[88.754356,22.235649],[88.745811,22.21203],[88.725441,22.19733],[88.703133,22.20903],[88.678154,22.21174],[88.652977,22.21139],[88.657776,22.239166],[88.665977,22.2628],[88.679947,22.283602],[88.68103,22.309111],[88.668892,22.332218],[88.676956,22.308281],[88.672478,22.283211],[88.658119,22.260559],[88.645279,22.237221],[88.631409,22.216072],[88.655182,22.208078],[88.663803,22.184511],[88.646027,22.166828],[88.639656,22.14257],[88.62339,22.123192],[88.599167,22.129444],[88.605522,22.153881],[88.584663,22.168016],[88.574348,22.19092],[88.583481,22.167231],[88.602501,22.15044],[88.602821,22.1252],[88.618866,22.105511],[88.624519,22.080511],[88.627182,22.055599],[88.624481,22.030613],[88.606262,22.048155],[88.601837,22.07316],[88.604919,22.048328],[88.599907,22.023596],[88.606392,21.99929],[88.598846,21.975189],[88.605827,21.95083],[88.610832,21.9258],[88.598053,21.903608],[88.572777,21.903055],[88.583336,21.925833],[88.559723,21.916668],[88.550003,21.940001],[88.542503,21.965281],[88.566673,21.958059],[88.546761,21.973631],[88.543335,21.948606],[88.548576,21.924141],[88.568565,21.908373],[88.543358,21.905842],[88.547768,21.881191],[88.537819,21.858021],[88.513046,21.863592],[88.494194,21.880379],[88.506668,21.90222],[88.524117,21.920841],[88.518341,21.945696],[88.495644,21.957483],[88.506035,21.980461],[88.531197,21.982],[88.550568,21.998405],[88.556633,22.02318],[88.549301,21.998819],[88.526466,21.988131],[88.50248,21.98033],[88.493889,21.956612],[88.516167,21.944929],[88.521812,21.920341],[88.497459,21.913618],[88.475655,21.900562],[88.462227,21.921881],[88.457359,21.946609],[88.446663,21.969419],[88.447174,21.994539],[88.445,21.969318],[88.468277,21.95948],[88.451317,21.941031],[88.455902,21.916367],[88.434303,21.903631],[88.413742,21.888746],[88.38913,21.894541],[88.405029,21.914211],[88.394249,21.936769],[88.383614,21.959444],[88.393036,21.936285],[88.393181,21.91111],[88.397224,21.885836],[88.393471,21.86025],[88.385628,21.835033],[88.392319,21.810478],[88.371742,21.796108],[88.357903,21.817066],[88.355988,21.842424],[88.362709,21.866711],[88.369431,21.891121],[88.363266,21.915501],[88.367836,21.89061],[88.360298,21.866339],[88.335365,21.861879],[88.311188,21.85544],[88.286293,21.858889],[88.261116,21.85903],[88.267746,21.883221],[88.257088,21.860453],[88.282036,21.856199],[88.307106,21.854],[88.303673,21.829111],[88.279236,21.822639],[88.258972,21.807621],[88.266403,21.783566],[88.282219,21.764166],[88.26149,21.778273],[88.252831,21.801819],[88.260406,21.777563],[88.279221,21.761087],[88.273514,21.736511],[88.259323,21.757231],[88.234657,21.761431],[88.217224,21.779722],[88.208336,21.803333],[88.19722,21.825829],[88.181137,21.84527],[88.169441,21.867781],[88.16655,21.89267],[88.175278,21.916389],[88.166695,21.940165],[88.157578,21.96347],[88.17675,21.980289],[88.192497,22.000002],[88.206673,22.021111],[88.215553,22.044531],[88.222221,22.069166],[88.223335,22.094444],[88.216377,22.118608],[88.210831,22.143061],[88.203056,22.166941],[88.186943,22.187502],[88.163887,22.198059],[88.137779,22.202223],[88.113335,22.209166],[88.087502,22.20833],[88.083611,22.233053],[88.088608,22.262781],[88.101112,22.284719],[88.077225,22.276945],[88.074722,22.251944],[88.057777,22.229445],[88.03389,22.22167],[88.010277,22.230833],[87.988045,22.243212],[87.97139,22.263891],[87.958611,22.285713],[87.958572,22.310999],[87.957542,22.336348],[87.956917,22.361401],[87.949753,22.38553],[87.940826,22.40918],[87.926392,22.43],[87.901718,22.434959],[87.917503,22.415277],[87.93222,22.39472],[87.940277,22.370831],[87.945267,22.345842],[87.93972,22.320551],[87.935555,22.294722],[87.936676,22.26972],[87.952782,22.250151],[87.972458,22.234529],[87.985283,22.212709],[88.008614,22.201389],[88.032501,22.209166],[88.056656,22.197498],[88.079437,22.186953],[88.104988,22.191391],[88.130554,22.185833],[88.146942,22.166945],[88.167221,22.143608],[88.183334,22.124443],[88.189148,22.1],[88.17028,22.076941],[88.150688,22.061241],[88.128052,22.050558],[88.105835,22.036112],[88.084724,22.022501],[88.060555,22.015278],[88.041115,22.031944],[88.02861,22.053612],[88.017502,22.076944],[87.996948,22.091391],[87.974998,22.104723],[87.991928,22.086082],[88.011963,22.068062],[88.01667,22.04278],[88.033607,22.02417],[88.051941,22.006947],[88.03833,21.985277],[88.028053,21.962221],[88.01722,21.939165],[88.008331,21.915001],[87.99601,21.892397],[87.984703,21.869701],[87.970619,21.848972],[87.952133,21.831631],[87.93528,21.813063],[87.915001,21.798059],[87.889847,21.793535],[87.881386,21.769718],[87.860001,21.75639],[87.840286,21.740551],[87.821106,21.724171],[87.806076,21.703979],[87.783051,21.694172],[87.758331,21.69944],[87.741669,21.68],[87.71917,21.668612],[87.695557,21.66],[87.671181,21.652361],[87.646111,21.649721],[87.621445,21.644808],[87.596481,21.640301],[87.571663,21.635172],[87.546936,21.63028],[87.522507,21.621773],[87.497604,21.615177],[87.477516,21.63176],[87.460419,21.657129],[87.468391,21.683781],[87.462646,21.71706],[87.445633,21.73793],[87.439308,21.76436],[87.412086,21.76375],[87.383301,21.770861],[87.357361,21.777241],[87.332703,21.787201],[87.307556,21.792683],[87.280609,21.799158],[87.267563,21.821491],[87.255272,21.84388],[87.24733,21.871721],[87.23481,21.895601],[87.250549,21.91518],[87.232231,21.940361],[87.209572,21.957371],[87.174973,21.9662],[87.159897,21.933929],[87.136757,21.917971],[87.110336,21.91802],[87.091019,21.899231],[87.092918,21.874203],[87.062103,21.860189],[87.030243,21.865311],[87.016792,21.88723],[86.997932,21.907501],[87.004082,21.935423],[87.020309,21.968363],[87.034317,21.989191],[87.022263,22.01207],[87.017616,22.041281],[86.990486,22.049381],[86.971909,22.066271],[86.944267,22.08198],[86.90876,22.08638],[86.8479,22.098351],[86.823311,22.112921],[86.797859,22.12528],[86.790321,22.15394],[86.756706,22.145191],[86.722809,22.14274],[86.715347,22.17441],[86.719963,22.21019],[86.747803,22.207981],[86.775223,22.214628],[86.809151,22.233103],[86.790688,22.253231],[86.816338,22.2493],[86.84127,22.257111],[86.869049,22.254641],[86.888603,22.2757],[86.872589,22.298771],[86.847191,22.31315],[86.830063,22.3384],[86.840942,22.36902],[86.843933,22.396061],[86.818413,22.4123],[86.788979,22.418253],[86.763893,22.42289],[86.75148,22.45068],[86.745407,22.475679],[86.775711,22.477301],[86.798607,22.498821],[86.782806,22.52437],[86.771263,22.548311],[86.759941,22.57243],[86.727676,22.574638],[86.683403,22.576761],[86.65728,22.572708],[86.638977,22.59375],[86.635101,22.62266],[86.636688,22.655121],[86.617867,22.673389],[86.591217,22.688641],[86.555107,22.70788],[86.52018,22.717901],[86.489937,22.71981],[86.470016,22.737408],[86.45401,22.75964],[86.428871,22.768431],[86.421593,22.808821],[86.433006,22.835333],[86.432838,22.860491],[86.44696,22.88341],[86.432419,22.91577],[86.458206,22.932961],[86.483803,22.93825],[86.512726,22.946192],[86.532448,22.962233],[86.540283,22.98723],[86.518761,22.968113],[86.497307,22.983149],[86.466187,22.98863],[86.440567,22.99008],[86.410522,22.987019],[86.387306,22.97673],[86.369499,22.99431],[86.341331,22.99328],[86.315292,22.99556],[86.297516,23.01326],[86.269722,23.004431],[86.245087,22.995461],[86.216972,22.99161],[86.204361,23.01321],[86.178383,23.011721],[86.162323,23.03381],[86.146042,23.055721],[86.138039,23.080481],[86.115692,23.093632],[86.083588,23.098591],[86.059288,23.10556],[86.048393,23.129169],[86.028358,23.145712],[86.002586,23.14617],[85.970482,23.14003],[85.946739,23.13088],[85.921471,23.125931],[85.900383,23.1481],[85.877312,23.158661],[85.859848,23.19239],[85.832413,23.19264],[85.831841,23.217831],[85.830673,23.243231],[85.833656,23.28068],[85.857857,23.301081],[85.875237,23.320671],[85.870872,23.35252],[85.885277,23.373758],[85.877312,23.400431],[85.860893,23.428181],[85.862061,23.454969],[85.877579,23.475861],[85.906372,23.47175],[85.937943,23.455139],[85.967819,23.46537],[85.990379,23.476379],[86.015457,23.485161],[86.041367,23.49025],[86.032692,23.518023],[86.018547,23.542431],[86.025116,23.572298],[86.051331,23.578899],[86.082687,23.568571],[86.110207,23.57073],[86.13607,23.569269],[86.152733,23.54825],[86.154556,23.51915],[86.14518,23.49399],[86.167923,23.476089],[86.191803,23.46442],[86.220978,23.45598],[86.23111,23.42952],[86.257843,23.438219],[86.282372,23.42746],[86.313332,23.426062],[86.315117,23.452671],[86.340416,23.452393],[86.355499,23.48156],[86.357063,23.51025],[86.360481,23.538481],[86.373047,23.561331],[86.386971,23.58536],[86.41037,23.598022],[86.434563,23.608452],[86.444908,23.631533],[86.471626,23.631281],[86.501717,23.631578],[86.528656,23.628981],[86.552017,23.640093],[86.583107,23.65884],[86.615807,23.67164],[86.648849,23.682871],[86.68335,23.689741],[86.711006,23.697229],[86.736549,23.688761],[86.772697,23.681881],[86.795677,23.69348],[86.804512,23.739853],[86.819771,23.76107],[86.808411,23.788271],[86.800972,23.81333],[86.835007,23.81926],[86.857048,23.8395],[86.87693,23.821331],[86.882263,23.856611],[86.895012,23.879951],[86.924156,23.865881],[86.943199,23.842861],[86.959572,23.86231],[86.994553,23.853531],[87.02243,23.840523],[87.056946,23.816259],[87.084511,23.805269],[87.112587,23.805538],[87.139206,23.80006],[87.166443,23.81959],[87.145813,23.836611],[87.129631,23.85813],[87.156693,23.864889],[87.180603,23.85153],[87.207329,23.85301],[87.236237,23.853069],[87.218559,23.830801],[87.245728,23.828072],[87.246086,23.856581],[87.243111,23.884863],[87.252426,23.91011],[87.26413,23.879971],[87.292587,23.890141],[87.287689,23.920231],[87.290489,23.947453],[87.269257,23.965321],[87.262062,23.99509],[87.240349,24.01066],[87.234802,24.037319],[87.26387,24.034691],[87.289566,24.03031],[87.319977,24.031441],[87.315392,24.004421],[87.348106,23.99579],[87.374008,24.006578],[87.400307,23.993921],[87.426376,23.99032],[87.453598,23.983391],[87.44677,24.00835],[87.473457,24.011433],[87.49649,24.023161],[87.507843,24.04567],[87.490753,24.06657],[87.49353,24.09309],[87.513672,24.110821],[87.534492,24.09141],[87.559723,24.08289],[87.569221,24.10675],[87.592621,24.124241],[87.580872,24.15044],[87.604156,24.164],[87.63163,24.16029],[87.656952,24.15591],[87.684357,24.14917],[87.696411,24.17131],[87.678307,24.191111],[87.659019,24.207401],[87.643013,24.230101],[87.665413,24.24349],[87.688667,24.25561],[87.706177,24.278111],[87.730156,24.287609],[87.752098,24.304651],[87.761238,24.333311],[87.776588,24.353411],[87.789948,24.37701],[87.801521,24.40192],[87.792267,24.42687],[87.802513,24.45014],[87.813721,24.47274],[87.821907,24.496441],[87.795151,24.491051],[87.801216,24.517691],[87.805779,24.54244],[87.791588,24.565689],[87.767921,24.576021],[87.795052,24.57967],[87.820152,24.568392],[87.84111,24.554411],[87.86586,24.560831],[87.889893,24.571911],[87.908737,24.591181],[87.88871,24.60821],[87.902008,24.629431],[87.910133,24.65493],[87.890381,24.67033],[87.897789,24.694971],[87.900833,24.7216],[87.877777,24.73908],[87.852348,24.73494],[87.825333,24.752211],[87.830017,24.78297],[87.846779,24.76103],[87.864861,24.778551],[87.877609,24.80101],[87.890709,24.82288],[87.894669,24.847759],[87.921547,24.860241],[87.944641,24.872671],[87.969368,24.88512],[87.970413,24.916071],[87.956276,24.94141],[87.930336,24.9618],[87.906487,24.985811],[87.892921,25.008949],[87.864342,25.03985],[87.834938,25.057018],[87.799896,25.071239],[87.779861,25.087351],[87.769836,25.11471],[87.771042,25.152271],[87.779007,25.176929],[87.785187,25.20908],[87.821198,25.20809],[87.822777,25.234341],[87.841583,25.25358],[87.856522,25.277773],[87.84037,25.29838],[87.811073,25.31916],[87.783981,25.33243],[87.788826,25.37225],[87.762688,25.38623],[87.762138,25.412062],[87.77964,25.4366],[87.806801,25.434778],[87.827347,25.45159],[87.849556,25.464991],[87.863487,25.493429],[87.880478,25.513321],[87.904808,25.507339],[87.914406,25.530939],[87.942879,25.534678],[87.969147,25.52607],[87.986633,25.50263],[88.011673,25.507561],[88.028687,25.48897],[88.055801,25.483881],[88.072853,25.503901],[88.057487,25.525671],[88.03788,25.546181],[88.025269,25.569092],[88.038589,25.595041],[88.036942,25.622009],[88.045372,25.648109],[88.043137,25.673889],[88.032196,25.69647],[88.006767,25.706511],[87.987793,25.723671],[87.960999,25.724682],[87.944153,25.743813],[87.937347,25.767941],[87.904976,25.771961],[87.898003,25.799271],[87.893852,25.825062],[87.910912,25.851749],[87.884819,25.864653],[87.855896,25.864731],[87.822838,25.871468],[87.818916,25.89716],[87.803581,25.920721],[87.826813,25.93185],[87.825386,25.958721],[87.826042,25.988312],[87.840622,26.01977],[87.849152,26.04497],[87.875206,26.055578],[87.892563,26.080351],[87.917503,26.088011],[87.943008,26.08469],[87.968132,26.081362],[87.954407,26.102793],[87.975632,26.12163],[87.968697,26.147871],[87.996033,26.14179],[88.017517,26.15556],[88.037437,26.1777],[88.063431,26.17667],[88.087242,26.194441],[88.105728,26.2164],[88.13105,26.22681],[88.144447,26.2528],[88.176903,26.261728],[88.204102,26.279591],[88.226776,26.29665],[88.244698,26.31629],[88.261131,26.337851],[88.283363,26.34931],[88.273979,26.377281],[88.245117,26.375998],[88.255386,26.41588],[88.243401,26.449301],[88.21534,26.465731],[88.191643,26.48308],[88.193863,26.508011],[88.218651,26.523701],[88.231201,26.551983],[88.20742,26.535221],[88.182426,26.542931],[88.165382,26.521641],[88.141296,26.511791],[88.115143,26.53019],[88.107971,26.554287],[88.123398,26.575399],[88.133652,26.598864],[88.144646,26.625483],[88.165619,26.645741],[88.166641,26.678196],[88.175591,26.70775],[88.187416,26.730616],[88.188538,26.75647],[88.187523,26.782812],[88.180717,26.808466],[88.170219,26.837116],[88.176086,26.865206],[88.159439,26.884966],[88.139305,26.900251],[88.140015,26.931004],[88.123016,26.950115],[88.133217,26.980316],[88.111488,26.994804],[88.091118,27.015316],[88.070068,27.030939],[88.042923,27.036373],[88.028419,27.057415],[88.023491,27.082037],[88.00518,27.103458],[87.993408,27.125683],[88.012917,27.154415],[88.016518,27.190414],[88.015137,27.216541],[88.046761,27.21611],[88.074951,27.20084],[88.073097,27.174417],[88.082993,27.148939],[88.123291,27.123791],[88.126907,27.123081]]]]}}]}